{"type":"FeatureCollection","name":"Lombardy urban wastewater treatment plants - regional cartographic service","source":"https://www.cartografia.servizirl.it/expo/rest/services/gpt/direttiva_alluvioni_2022/MapServer/6","source_filter":"CatDist='Depuratori' AND Risorsa='Trattamento acque reflue urbane'","features":[{"type":"Feature","geometry":{"type":"Point","coordinates":[10.597613977448994,44.936685678712884]},"properties":{"name":"Pomponesco","province":"MN","municipality_code":"20043","survey_year":"2017","source_owner":"Regione Lombardia","context_note":"Posizione cartografica di un impianto di trattamento delle acque reflue urbane; non e' un punto di campionamento AMR."}},{"type":"Feature","geometry":{"type":"Point","coordinates":[10.50839736457179,44.93881757149324]},"properties":{"name":"Viadana","province":"MN","municipality_code":"20066","survey_year":"2017","source_owner":"Regione Lombardia","context_note":"Posizione cartografica di un impianto di trattamento delle acque reflue urbane; non e' un punto di campionamento AMR."}},{"type":"Feature","geometry":{"type":"Point","coordinates":[10.913361545911153,44.943505889976564]},"properties":{"name":"Moglia","province":"MN","municipality_code":"20035","survey_year":"2017","source_owner":"Regione Lombardia","context_note":"Posizione cartografica di un impianto di trattamento delle acque reflue urbane; non e' un punto di campionamento AMR."}},{"type":"Feature","geometry":{"type":"Point","coordinates":[10.547901232444966,44.951035242284334]},"properties":{"name":"Viadana - Gerbolina","province":"MN","municipality_code":"20066","survey_year":"2017","source_owner":"Regione Lombardia","context_note":"Posizione cartografica di un impianto di trattamento delle acque reflue urbane; non e' un punto di campionamento AMR."}},{"type":"Feature","geometry":{"type":"Point","coordinates":[10.829550572298595,44.950595747832054]},"properties":{"name":"Gonzaga","province":"MN","municipality_code":"20027","survey_year":"2017","source_owner":"Regione Lombardia","context_note":"Posizione cartografica di un impianto di trattamento delle acque reflue urbane; non e' un punto di campionamento AMR."}},{"type":"Feature","geometry":{"type":"Point","coordinates":[10.627085994343485,44.9588817808802]},"properties":{"name":"Dosolo","province":"MN","municipality_code":"20022","survey_year":"2017","source_owner":"Regione Lombardia","context_note":"Posizione cartografica di un impianto di trattamento delle acque reflue urbane; non e' un punto di campionamento AMR."}},{"type":"Feature","geometry":{"type":"Point","coordinates":[11.24734729706904,44.9583297504426]},"properties":{"name":"Sermide - Malcantone","province":"MN","municipality_code":"20061","survey_year":"2017","source_owner":"Regione Lombardia","context_note":"Posizione cartografica di un impianto di trattamento delle acque reflue urbane; non e' un punto di campionamento AMR."}},{"type":"Feature","geometry":{"type":"Point","coordinates":[10.948164458556358,44.96438641695961]},"properties":{"name":"Moglia - Bondanello","province":"MN","municipality_code":"20035","survey_year":"2017","source_owner":"Regione Lombardia","context_note":"Posizione cartografica di un impianto di trattamento delle acque reflue urbane; non e' un punto di campionamento AMR."}},{"type":"Feature","geometry":{"type":"Point","coordinates":[11.285627537402593,44.95938763458453]},"properties":{"name":"Sermide - Porcara","province":"MN","municipality_code":"20061","survey_year":"2017","source_owner":"Regione Lombardia","context_note":"Posizione cartografica di un impianto di trattamento delle acque reflue urbane; non e' un punto di campionamento AMR."}},{"type":"Feature","geometry":{"type":"Point","coordinates":[11.197424020274747,44.96906908643169]},"properties":{"name":"Poggio Rusco - Dragoncello","province":"MN","municipality_code":"20042","survey_year":"2017","source_owner":"Regione Lombardia","context_note":"Posizione cartografica di un impianto di trattamento delle acque reflue urbane; non e' un punto di campionamento AMR."}},{"type":"Feature","geometry":{"type":"Point","coordinates":[11.124263240715917,44.97338008972274]},"properties":{"name":"Poggio Rusco","province":"MN","municipality_code":"20042","survey_year":"2017","source_owner":"Regione Lombardia","context_note":"Posizione cartografica di un impianto di trattamento delle acque reflue urbane; non e' un punto di campionamento AMR."}},{"type":"Feature","geometry":{"type":"Point","coordinates":[10.451358921315402,44.98534869235212]},"properties":{"name":"Casalmaggiore - Vicomoscano","province":"CR","municipality_code":"19021","survey_year":"2017","source_owner":"Regione Lombardia","context_note":"Posizione cartografica di un impianto di trattamento delle acque reflue urbane; non e' un punto di campionamento AMR."}},{"type":"Feature","geometry":{"type":"Point","coordinates":[10.77353715234121,44.98406577176581]},"properties":{"name":"Suzzara - Brusatasso","province":"MN","municipality_code":"20065","survey_year":"2017","source_owner":"Regione Lombardia","context_note":"Posizione cartografica di un impianto di trattamento delle acque reflue urbane; non e' un punto di campionamento AMR."}},{"type":"Feature","geometry":{"type":"Point","coordinates":[11.359825163116342,44.97489033128904]},"properties":{"name":"Felonica","province":"MN","municipality_code":"20061","survey_year":"2017","source_owner":"Regione Lombardia","context_note":"Posizione cartografica di un impianto di trattamento delle acque reflue urbane; non e' un punto di campionamento AMR."}},{"type":"Feature","geometry":{"type":"Point","coordinates":[8.917019995239084,45.00886837630328]},"properties":{"name":"Casei Gerola","province":"PV","municipality_code":"18033","survey_year":"2017","source_owner":"Regione Lombardia","context_note":"Posizione cartografica di un impianto di trattamento delle acque reflue urbane; non e' un punto di campionamento AMR."}},{"type":"Feature","geometry":{"type":"Point","coordinates":[10.526496005227246,44.99998666721165]},"properties":{"name":"Sabbioneta - Villa Pasquali, Breda Cisoni","province":"MN","municipality_code":"20054","survey_year":"2017","source_owner":"Regione Lombardia","context_note":"Posizione cartografica di un impianto di trattamento delle acque reflue urbane; non e' un punto di campionamento AMR."}},{"type":"Feature","geometry":{"type":"Point","coordinates":[10.807251905302062,44.99780474339242]},"properties":{"name":"Suzzara - Vie Nuove","province":"MN","municipality_code":"20065","survey_year":"2017","source_owner":"Regione Lombardia","context_note":"Posizione cartografica di un impianto di trattamento delle acque reflue urbane; non e' un punto di campionamento AMR."}},{"type":"Feature","geometry":{"type":"Point","coordinates":[11.06640879806523,44.994183041385305]},"properties":{"name":"Schivenoglia","province":"MN","municipality_code":"20060","survey_year":"2017","source_owner":"Regione Lombardia","context_note":"Posizione cartografica di un impianto di trattamento delle acque reflue urbane; non e' un punto di campionamento AMR."}},{"type":"Feature","geometry":{"type":"Point","coordinates":[10.984421363961227,44.997248385441395]},"properties":{"name":"Quistello","province":"MN","municipality_code":"20047","survey_year":"2017","source_owner":"Regione Lombardia","context_note":"Posizione cartografica di un impianto di trattamento delle acque reflue urbane; non e' un punto di campionamento AMR."}},{"type":"Feature","geometry":{"type":"Point","coordinates":[10.867320086045634,45.00076282771373]},"properties":{"name":"Pegognaga","province":"MN","municipality_code":"20039","survey_year":"2017","source_owner":"Regione Lombardia","context_note":"Posizione cartografica di un impianto di trattamento delle acque reflue urbane; non e' un punto di campionamento AMR."}},{"type":"Feature","geometry":{"type":"Point","coordinates":[10.744884305320781,45.00539116610736]},"properties":{"name":"Suzzara","province":"MN","municipality_code":"20065","survey_year":"2017","source_owner":"Regione Lombardia","context_note":"Posizione cartografica di un impianto di trattamento delle acque reflue urbane; non e' un punto di campionamento AMR."}},{"type":"Feature","geometry":{"type":"Point","coordinates":[11.282023221633313,44.996366900522666]},"properties":{"name":"Sermide","province":"MN","municipality_code":"20061","survey_year":"2017","source_owner":"Regione Lombardia","context_note":"Posizione cartografica di un impianto di trattamento delle acque reflue urbane; non e' un punto di campionamento AMR."}},{"type":"Feature","geometry":{"type":"Point","coordinates":[10.912873210933313,45.00354632814353]},"properties":{"name":"S. Benedetto Po - Zovo","province":"MN","municipality_code":"20055","survey_year":"2017","source_owner":"Regione Lombardia","context_note":"Posizione cartografica di un impianto di trattamento delle acque reflue urbane; non e' un punto di campionamento AMR."}},{"type":"Feature","geometry":{"type":"Point","coordinates":[11.103750925536577,45.00267356853363]},"properties":{"name":"Villa Poma","province":"MN","municipality_code":"20072","survey_year":"2017","source_owner":"Regione Lombardia","context_note":"Posizione cartografica di un impianto di trattamento delle acque reflue urbane; non e' un punto di campionamento AMR."}},{"type":"Feature","geometry":{"type":"Point","coordinates":[10.3548579474321,45.016096518166044]},"properties":{"name":"Gussola","province":"CR","municipality_code":"19052","survey_year":"2017","source_owner":"Regione Lombardia","context_note":"Posizione cartografica di un impianto di trattamento delle acque reflue urbane; non e' un punto di campionamento AMR."}},{"type":"Feature","geometry":{"type":"Point","coordinates":[8.742256145340372,45.025593302701424]},"properties":{"name":"Suardi","province":"PV","municipality_code":"18154","survey_year":"2017","source_owner":"Regione Lombardia","context_note":"Posizione cartografica di un impianto di trattamento delle acque reflue urbane; non e' un punto di campionamento AMR."}},{"type":"Feature","geometry":{"type":"Point","coordinates":[8.76426972913647,45.02751403716402]},"properties":{"name":"Gambarana","province":"PV","municipality_code":"18067","survey_year":"2017","source_owner":"Regione Lombardia","context_note":"Posizione cartografica di un impianto di trattamento delle acque reflue urbane; non e' un punto di campionamento AMR."}},{"type":"Feature","geometry":{"type":"Point","coordinates":[10.311958841656507,45.020414430630005]},"properties":{"name":"Torricella del Pizzo","province":"CR","municipality_code":"19108","survey_year":"2017","source_owner":"Regione Lombardia","context_note":"Posizione cartografica di un impianto di trattamento delle acque reflue urbane; non e' un punto di campionamento AMR."}},{"type":"Feature","geometry":{"type":"Point","coordinates":[10.716695650914591,45.01662055430298]},"properties":{"name":"Suzzara - Tabellano","province":"MN","municipality_code":"20065","survey_year":"2017","source_owner":"Regione Lombardia","context_note":"Posizione cartografica di un impianto di trattamento delle acque reflue urbane; non e' un punto di campionamento AMR."}},{"type":"Feature","geometry":{"type":"Point","coordinates":[11.186503830786238,45.01002953602436]},"properties":{"name":"Magnacavallo","province":"MN","municipality_code":"20029","survey_year":"2017","source_owner":"Regione Lombardia","context_note":"Posizione cartografica di un impianto di trattamento delle acque reflue urbane; non e' un punto di campionamento AMR."}},{"type":"Feature","geometry":{"type":"Point","coordinates":[8.791741915841094,45.033678407771305]},"properties":{"name":"Gambarana - C.na Provvidenza","province":"PV","municipality_code":"18067","survey_year":"2017","source_owner":"Regione Lombardia","context_note":"Posizione cartografica di un impianto di trattamento delle acque reflue urbane; non e' un punto di campionamento AMR."}},{"type":"Feature","geometry":{"type":"Point","coordinates":[8.772725097246687,45.035798482423395]},"properties":{"name":"Gambarana - S. Martino la Mandria","province":"PV","municipality_code":"18067","survey_year":"2017","source_owner":"Regione Lombardia","context_note":"Posizione cartografica di un impianto di trattamento delle acque reflue urbane; non e' un punto di campionamento AMR."}},{"type":"Feature","geometry":{"type":"Point","coordinates":[10.787634800382609,45.022175126732186]},"properties":{"name":"Suzzara - San Prospero","province":"MN","municipality_code":"20065","survey_year":"2017","source_owner":"Regione Lombardia","context_note":"Posizione cartografica di un impianto di trattamento delle acque reflue urbane; non e' un punto di campionamento AMR."}},{"type":"Feature","geometry":{"type":"Point","coordinates":[11.24648935710105,45.01847805120115]},"properties":{"name":"Sermide - arginino","province":"MN","municipality_code":"20061","survey_year":"2017","source_owner":"Regione Lombardia","context_note":"Posizione cartografica di un impianto di trattamento delle acque reflue urbane; non e' un punto di campionamento AMR."}},{"type":"Feature","geometry":{"type":"Point","coordinates":[10.433039411070489,45.03324870625172]},"properties":{"name":"Rivarolo del Re ed Uniti - Villanova","province":"CR","municipality_code":"19083","survey_year":"2017","source_owner":"Regione Lombardia","context_note":"Posizione cartografica di un impianto di trattamento delle acque reflue urbane; non e' un punto di campionamento AMR."}},{"type":"Feature","geometry":{"type":"Point","coordinates":[10.484082928431464,45.033420008924644]},"properties":{"name":"Rivarolo del Re ed Uniti","province":"CR","municipality_code":"19083","survey_year":"2017","source_owner":"Regione Lombardia","context_note":"Posizione cartografica di un impianto di trattamento delle acque reflue urbane; non e' un punto di campionamento AMR."}},{"type":"Feature","geometry":{"type":"Point","coordinates":[10.75172125888328,45.02986114324707]},"properties":{"name":"Motteggiana","province":"MN","municipality_code":"20037","survey_year":"2017","source_owner":"Regione Lombardia","context_note":"Posizione cartografica di un impianto di trattamento delle acque reflue urbane; non e' un punto di campionamento AMR."}},{"type":"Feature","geometry":{"type":"Point","coordinates":[10.553581241425217,45.03506998732876]},"properties":{"name":"Commessaggio - Colombarola","province":"MN","municipality_code":"20020","survey_year":"2017","source_owner":"Regione Lombardia","context_note":"Posizione cartografica di un impianto di trattamento delle acque reflue urbane; non e' un punto di campionamento AMR."}},{"type":"Feature","geometry":{"type":"Point","coordinates":[8.805883669171228,45.04614507510569]},"properties":{"name":"Pieve del Cairo - Capoluogo","province":"PV","municipality_code":"18113","survey_year":"2017","source_owner":"Regione Lombardia","context_note":"Posizione cartografica di un impianto di trattamento delle acque reflue urbane; non e' un punto di campionamento AMR."}},{"type":"Feature","geometry":{"type":"Point","coordinates":[11.01330438052435,45.02931072516729]},"properties":{"name":"Quistello - Nuvolato","province":"MN","municipality_code":"20047","survey_year":"2017","source_owner":"Regione Lombardia","context_note":"Posizione cartografica di un impianto di trattamento delle acque reflue urbane; non e' un punto di campionamento AMR."}},{"type":"Feature","geometry":{"type":"Point","coordinates":[10.800809945632889,45.03311215539228]},"properties":{"name":"Motteggiana - Cimitero Villa Saviola","province":"MN","municipality_code":"20037","survey_year":"2017","source_owner":"Regione Lombardia","context_note":"Posizione cartografica di un impianto di trattamento delle acque reflue urbane; non e' un punto di campionamento AMR."}},{"type":"Feature","geometry":{"type":"Point","coordinates":[8.906578584974799,45.04836263133253]},"properties":{"name":"Cornale","province":"PV","municipality_code":"18191","survey_year":"2017","source_owner":"Regione Lombardia","context_note":"Posizione cartografica di un impianto di trattamento delle acque reflue urbane; non e' un punto di campionamento AMR."}},{"type":"Feature","geometry":{"type":"Point","coordinates":[10.314326909304997,45.042360203003746]},"properties":{"name":"Scandolara Ravara","province":"CR","municipality_code":"19092","survey_year":"2017","source_owner":"Regione Lombardia","context_note":"Posizione cartografica di un impianto di trattamento delle acque reflue urbane; non e' un punto di campionamento AMR."}},{"type":"Feature","geometry":{"type":"Point","coordinates":[8.844443942143478,45.05136185977682]},"properties":{"name":"Pieve del Cairo - C.ne Nuove","province":"PV","municipality_code":"18113","survey_year":"2017","source_owner":"Regione Lombardia","context_note":"Posizione cartografica di un impianto di trattamento delle acque reflue urbane; non e' un punto di campionamento AMR."}},{"type":"Feature","geometry":{"type":"Point","coordinates":[11.105490363578879,45.03212175445582]},"properties":{"name":"Pieve di Coriano","province":"MN","municipality_code":"20072","survey_year":"2017","source_owner":"Regione Lombardia","context_note":"Posizione cartografica di un impianto di trattamento delle acque reflue urbane; non e' un punto di campionamento AMR."}},{"type":"Feature","geometry":{"type":"Point","coordinates":[11.046132440261047,45.03432626739504]},"properties":{"name":"Quingentole","province":"MN","municipality_code":"20046","survey_year":"2017","source_owner":"Regione Lombardia","context_note":"Posizione cartografica di un impianto di trattamento delle acque reflue urbane; non e' un punto di campionamento AMR."}},{"type":"Feature","geometry":{"type":"Point","coordinates":[11.223206303498507,45.03371476585708]},"properties":{"name":"Carbonara di Po","province":"MN","municipality_code":"20073","survey_year":"2017","source_owner":"Regione Lombardia","context_note":"Posizione cartografica di un impianto di trattamento delle acque reflue urbane; non e' un punto di campionamento AMR."}},{"type":"Feature","geometry":{"type":"Point","coordinates":[10.85961950585049,45.0419361023493]},"properties":{"name":"S. Benedetto Po - Portiolo","province":"MN","municipality_code":"20055","survey_year":"2017","source_owner":"Regione Lombardia","context_note":"Posizione cartografica di un impianto di trattamento delle acque reflue urbane; non e' un punto di campionamento AMR."}},{"type":"Feature","geometry":{"type":"Point","coordinates":[8.859242767584067,45.05732444226359]},"properties":{"name":"Mezzana Bigli - Terzo","province":"PV","municipality_code":"18090","survey_year":"2017","source_owner":"Regione Lombardia","context_note":"Posizione cartografica di un impianto di trattamento delle acque reflue urbane; non e' un punto di campionamento AMR."}},{"type":"Feature","geometry":{"type":"Point","coordinates":[11.006717840866848,45.039886489616194]},"properties":{"name":"Quistello - S. Lucia","province":"MN","municipality_code":"20047","survey_year":"2017","source_owner":"Regione Lombardia","context_note":"Posizione cartografica di un impianto di trattamento delle acque reflue urbane; non e' un punto di campionamento AMR."}},{"type":"Feature","geometry":{"type":"Point","coordinates":[8.843407667138596,45.0596423337803]},"properties":{"name":"Mezzana Bigli","province":"PV","municipality_code":"18090","survey_year":"2017","source_owner":"Regione Lombardia","context_note":"Posizione cartografica di un impianto di trattamento delle acque reflue urbane; non e' un punto di campionamento AMR."}},{"type":"Feature","geometry":{"type":"Point","coordinates":[11.132060711668037,45.04067502782065]},"properties":{"name":"Revere","province":"MN","municipality_code":"20072","survey_year":"2017","source_owner":"Regione Lombardia","context_note":"Posizione cartografica di un impianto di trattamento delle acque reflue urbane; non e' un punto di campionamento AMR."}},{"type":"Feature","geometry":{"type":"Point","coordinates":[10.265432897257568,45.05455198480758]},"properties":{"name":"Motta Baluffi","province":"CR","municipality_code":"19061","survey_year":"2017","source_owner":"Regione Lombardia","context_note":"Posizione cartografica di un impianto di trattamento delle acque reflue urbane; non e' un punto di campionamento AMR."}},{"type":"Feature","geometry":{"type":"Point","coordinates":[10.944325680467808,45.045826657896804]},"properties":{"name":"S. Benedetto Po","province":"MN","municipality_code":"20055","survey_year":"2017","source_owner":"Regione Lombardia","context_note":"Posizione cartografica di un impianto di trattamento delle acque reflue urbane; non e' un punto di campionamento AMR."}},{"type":"Feature","geometry":{"type":"Point","coordinates":[9.013419740295376,45.06524716142349]},"properties":{"name":"Cervesina","province":"PV","municipality_code":"18047","survey_year":"2017","source_owner":"Regione Lombardia","context_note":"Posizione cartografica di un impianto di trattamento delle acque reflue urbane; non e' un punto di campionamento AMR."}},{"type":"Feature","geometry":{"type":"Point","coordinates":[10.990904126757664,45.04884077593284]},"properties":{"name":"S. Benedetto Po - S. Siro","province":"MN","municipality_code":"20055","survey_year":"2017","source_owner":"Regione Lombardia","context_note":"Posizione cartografica di un impianto di trattamento delle acque reflue urbane; non e' un punto di campionamento AMR."}},{"type":"Feature","geometry":{"type":"Point","coordinates":[8.963021820398101,45.066291837076996]},"properties":{"name":"Corana","province":"PV","municipality_code":"18054","survey_year":"2017","source_owner":"Regione Lombardia","context_note":"Posizione cartografica di un impianto di trattamento delle acque reflue urbane; non e' un punto di campionamento AMR."}},{"type":"Feature","geometry":{"type":"Point","coordinates":[8.85578569598069,45.06725921911301]},"properties":{"name":"Mezzana Bigli - Colonna","province":"PV","municipality_code":"18090","survey_year":"2017","source_owner":"Regione Lombardia","context_note":"Posizione cartografica di un impianto di trattamento delle acque reflue urbane; non e' un punto di campionamento AMR."}},{"type":"Feature","geometry":{"type":"Point","coordinates":[10.514335153264721,45.057480250888396]},"properties":{"name":"Spineda","province":"CR","municipality_code":"19101","survey_year":"2017","source_owner":"Regione Lombardia","context_note":"Posizione cartografica di un impianto di trattamento delle acque reflue urbane; non e' un punto di campionamento AMR."}},{"type":"Feature","geometry":{"type":"Point","coordinates":[10.188239798137719,45.06171003779447]},"properties":{"name":"San Daniele Po","province":"CR","municipality_code":"19089","survey_year":"2017","source_owner":"Regione Lombardia","context_note":"Posizione cartografica di un impianto di trattamento delle acque reflue urbane; non e' un punto di campionamento AMR."}},{"type":"Feature","geometry":{"type":"Point","coordinates":[8.868175046988593,45.0680530110667]},"properties":{"name":"Mezzana Bigli - Casoni Borroni","province":"PV","municipality_code":"18090","survey_year":"2017","source_owner":"Regione Lombardia","context_note":"Posizione cartografica di un impianto di trattamento delle acque reflue urbane; non e' un punto di campionamento AMR."}},{"type":"Feature","geometry":{"type":"Point","coordinates":[10.68597910925091,45.056235691864075]},"properties":{"name":"Borgoforte - Scorzarolo","province":"MN","municipality_code":"20071","survey_year":"2017","source_owner":"Regione Lombardia","context_note":"Posizione cartografica di un impianto di trattamento delle acque reflue urbane; non e' un punto di campionamento AMR."}},{"type":"Feature","geometry":{"type":"Point","coordinates":[10.754976826651257,45.057446276070124]},"properties":{"name":"Borgoforte - capoluogo","province":"MN","municipality_code":"20071","survey_year":"2017","source_owner":"Regione Lombardia","context_note":"Posizione cartografica di un impianto di trattamento delle acque reflue urbane; non e' un punto di campionamento AMR."}},{"type":"Feature","geometry":{"type":"Point","coordinates":[10.078441252386092,45.06599594376971]},"properties":{"name":"Stagno Lombardo - Brancere","province":"CR","municipality_code":"19103","survey_year":"2017","source_owner":"Regione Lombardia","context_note":"Posizione cartografica di un impianto di trattamento delle acque reflue urbane; non e' un punto di campionamento AMR."}},{"type":"Feature","geometry":{"type":"Point","coordinates":[10.829650856789874,45.05654395751554]},"properties":{"name":"Bagnolo S. Vito - S. Nicolò Po","province":"MN","municipality_code":"20003","survey_year":"2017","source_owner":"Regione Lombardia","context_note":"Posizione cartografica di un impianto di trattamento delle acque reflue urbane; non e' un punto di campionamento AMR."}},{"type":"Feature","geometry":{"type":"Point","coordinates":[10.442309816300595,45.06445285836524]},"properties":{"name":"Rivarolo Mantovano","province":"MN","municipality_code":"20050","survey_year":"2017","source_owner":"Regione Lombardia","context_note":"Posizione cartografica di un impianto di trattamento delle acque reflue urbane; non e' un punto di campionamento AMR."}},{"type":"Feature","geometry":{"type":"Point","coordinates":[10.373457475669976,45.06571624128434]},"properties":{"name":"San Giovanni in Croce","province":"CR","municipality_code":"19090","survey_year":"2017","source_owner":"Regione Lombardia","context_note":"Posizione cartografica di un impianto di trattamento delle acque reflue urbane; non e' un punto di campionamento AMR."}},{"type":"Feature","geometry":{"type":"Point","coordinates":[9.102918355792639,45.07517831711758]},"properties":{"name":"Castelletto di Branduzzo","province":"PV","municipality_code":"18038","survey_year":"2017","source_owner":"Regione Lombardia","context_note":"Posizione cartografica di un impianto di trattamento delle acque reflue urbane; non e' un punto di campionamento AMR."}},{"type":"Feature","geometry":{"type":"Point","coordinates":[8.83588425117953,45.07648612897749]},"properties":{"name":"Pieve del Cairo - Gallia","province":"PV","municipality_code":"18113","survey_year":"2017","source_owner":"Regione Lombardia","context_note":"Posizione cartografica di un impianto di trattamento delle acque reflue urbane; non e' un punto di campionamento AMR."}},{"type":"Feature","geometry":{"type":"Point","coordinates":[10.57856927587203,45.06750227759754]},"properties":{"name":"Gazzuolo","province":"MN","municipality_code":"20025","survey_year":"2017","source_owner":"Regione Lombardia","context_note":"Posizione cartografica di un impianto di trattamento delle acque reflue urbane; non e' un punto di campionamento AMR."}},{"type":"Feature","geometry":{"type":"Point","coordinates":[10.98422249805508,45.06125318812172]},"properties":{"name":"S. Benedetto Po - Mirasole","province":"MN","municipality_code":"20055","survey_year":"2017","source_owner":"Regione Lombardia","context_note":"Posizione cartografica di un impianto di trattamento delle acque reflue urbane; non e' un punto di campionamento AMR."}},{"type":"Feature","geometry":{"type":"Point","coordinates":[10.13714184725382,45.07322157582033]},"properties":{"name":"Pieve d'Olmi - Ca' de' Gatti","province":"CR","municipality_code":"19074","survey_year":"2017","source_owner":"Regione Lombardia","context_note":"Posizione cartografica di un impianto di trattamento delle acque reflue urbane; non e' un punto di campionamento AMR."}},{"type":"Feature","geometry":{"type":"Point","coordinates":[9.055978509106964,45.07908243995117]},"properties":{"name":"Pancarana","province":"PV","municipality_code":"18108","survey_year":"2017","source_owner":"Regione Lombardia","context_note":"Posizione cartografica di un impianto di trattamento delle acque reflue urbane; non e' un punto di campionamento AMR."}},{"type":"Feature","geometry":{"type":"Point","coordinates":[9.712551489166271,45.07940735677202]},"properties":{"name":"S. Rocco al Porto","province":"LO","municipality_code":"98049","survey_year":"2017","source_owner":"Regione Lombardia","context_note":"Posizione cartografica di un impianto di trattamento delle acque reflue urbane; non e' un punto di campionamento AMR."}},{"type":"Feature","geometry":{"type":"Point","coordinates":[10.764777657066439,45.07052760133436]},"properties":{"name":"Borgoforte - Romanore","province":"MN","municipality_code":"20071","survey_year":"2017","source_owner":"Regione Lombardia","context_note":"Posizione cartografica di un impianto di trattamento delle acque reflue urbane; non e' un punto di campionamento AMR."}},{"type":"Feature","geometry":{"type":"Point","coordinates":[9.402725593155852,45.08383662542878]},"properties":{"name":"Arena Po - Colombarolo","province":"PV","municipality_code":"18005","survey_year":"2017","source_owner":"Regione Lombardia","context_note":"Posizione cartografica di un impianto di trattamento delle acque reflue urbane; non e' un punto di campionamento AMR."}},{"type":"Feature","geometry":{"type":"Point","coordinates":[10.381131000968299,45.0763175262329]},"properties":{"name":"San Giovanni in Croce - Fossa Imhoff","province":"CR","municipality_code":"19090","survey_year":"2017","source_owner":"Regione Lombardia","context_note":"Posizione cartografica di un impianto di trattamento delle acque reflue urbane; non e' un punto di campionamento AMR."}},{"type":"Feature","geometry":{"type":"Point","coordinates":[9.41584651730883,45.08442702048661]},"properties":{"name":"Arena Po - Zappellone","province":"PV","municipality_code":"18005","survey_year":"2017","source_owner":"Regione Lombardia","context_note":"Posizione cartografica di un impianto di trattamento delle acque reflue urbane; non e' un punto di campionamento AMR."}},{"type":"Feature","geometry":{"type":"Point","coordinates":[9.116163430109065,45.0853683435207]},"properties":{"name":"Bressana Bottarone - Bottarone","province":"PV","municipality_code":"18023","survey_year":"2017","source_owner":"Regione Lombardia","context_note":"Posizione cartografica di un impianto di trattamento delle acque reflue urbane; non e' un punto di campionamento AMR."}},{"type":"Feature","geometry":{"type":"Point","coordinates":[10.202942041471347,45.08020735518525]},"properties":{"name":"Cella Dati - Pugnolo","province":"CR","municipality_code":"19028","survey_year":"2017","source_owner":"Regione Lombardia","context_note":"Posizione cartografica di un impianto di trattamento delle acque reflue urbane; non e' un punto di campionamento AMR."}},{"type":"Feature","geometry":{"type":"Point","coordinates":[10.280546113790471,45.079605868549855]},"properties":{"name":"Cingia de' Botti","province":"CR","municipality_code":"19031","survey_year":"2017","source_owner":"Regione Lombardia","context_note":"Posizione cartografica di un impianto di trattamento delle acque reflue urbane; non e' un punto di campionamento AMR."}},{"type":"Feature","geometry":{"type":"Point","coordinates":[11.05884887407502,45.068519669972744]},"properties":{"name":"Serravalle a Po","province":"MN","municipality_code":"20062","survey_year":"2017","source_owner":"Regione Lombardia","context_note":"Posizione cartografica di un impianto di trattamento delle acque reflue urbane; non e' un punto di campionamento AMR."}},{"type":"Feature","geometry":{"type":"Point","coordinates":[10.250370299708713,45.08190287116752]},"properties":{"name":"Cingia de' Botti - Vidiceto","province":"CR","municipality_code":"19031","survey_year":"2017","source_owner":"Regione Lombardia","context_note":"Posizione cartografica di un impianto di trattamento delle acque reflue urbane; non e' un punto di campionamento AMR."}},{"type":"Feature","geometry":{"type":"Point","coordinates":[10.244846733128723,45.082647386543]},"properties":{"name":"Cingia de' Botti - Gurata","province":"CR","municipality_code":"19031","survey_year":"2017","source_owner":"Regione Lombardia","context_note":"Posizione cartografica di un impianto di trattamento delle acque reflue urbane; non e' un punto di campionamento AMR."}},{"type":"Feature","geometry":{"type":"Point","coordinates":[9.080897826891484,45.09037308417422]},"properties":{"name":"Bastida Pancarana","province":"PV","municipality_code":"18011","survey_year":"2017","source_owner":"Regione Lombardia","context_note":"Posizione cartografica di un impianto di trattamento delle acque reflue urbane; non e' un punto di campionamento AMR."}},{"type":"Feature","geometry":{"type":"Point","coordinates":[9.11430953102918,45.09061137006085]},"properties":{"name":"Castelletto di Branduzzo - Valle Botta","province":"PV","municipality_code":"18038","survey_year":"2017","source_owner":"Regione Lombardia","context_note":"Posizione cartografica di un impianto di trattamento delle acque reflue urbane; non e' un punto di campionamento AMR."}},{"type":"Feature","geometry":{"type":"Point","coordinates":[11.028745016866846,45.072875074635256]},"properties":{"name":"Sustinente","province":"MN","municipality_code":"20064","survey_year":"2017","source_owner":"Regione Lombardia","context_note":"Posizione cartografica di un impianto di trattamento delle acque reflue urbane; non e' un punto di campionamento AMR."}},{"type":"Feature","geometry":{"type":"Point","coordinates":[9.164327746808853,45.09342187790789]},"properties":{"name":"Verrua Po - Capoluogo Cascina Scarpa","province":"PV","municipality_code":"18175","survey_year":"2017","source_owner":"Regione Lombardia","context_note":"Posizione cartografica di un impianto di trattamento delle acque reflue urbane; non e' un punto di campionamento AMR."}},{"type":"Feature","geometry":{"type":"Point","coordinates":[9.692941021996187,45.09150018738524]},"properties":{"name":"S. Rocco al Porto - Alberelle","province":"LO","municipality_code":"98049","survey_year":"2017","source_owner":"Regione Lombardia","context_note":"Posizione cartografica di un impianto di trattamento delle acque reflue urbane; non e' un punto di campionamento AMR."}},{"type":"Feature","geometry":{"type":"Point","coordinates":[11.170614801189421,45.07307400046275]},"properties":{"name":"Ostiglia - Correggioli","province":"MN","municipality_code":"20038","survey_year":"2017","source_owner":"Regione Lombardia","context_note":"Posizione cartografica di un impianto di trattamento delle acque reflue urbane; non e' un punto di campionamento AMR."}},{"type":"Feature","geometry":{"type":"Point","coordinates":[9.324444795418627,45.09343457148038]},"properties":{"name":"Portalbera - c.na Durina","province":"PV","municipality_code":"18118","survey_year":"2017","source_owner":"Regione Lombardia","context_note":"Posizione cartografica di un impianto di trattamento delle acque reflue urbane; non e' un punto di campionamento AMR."}},{"type":"Feature","geometry":{"type":"Point","coordinates":[9.036461157076852,45.094761499940944]},"properties":{"name":"Mezzana Rabattone","province":"PV","municipality_code":"18091","survey_year":"2017","source_owner":"Regione Lombardia","context_note":"Posizione cartografica di un impianto di trattamento delle acque reflue urbane; non e' un punto di campionamento AMR."}},{"type":"Feature","geometry":{"type":"Point","coordinates":[9.34517072657838,45.09449378604639]},"properties":{"name":"Arena Po - Sabbina","province":"PV","municipality_code":"18005","survey_year":"2017","source_owner":"Regione Lombardia","context_note":"Posizione cartografica di un impianto di trattamento delle acque reflue urbane; non e' un punto di campionamento AMR."}},{"type":"Feature","geometry":{"type":"Point","coordinates":[10.055412521782428,45.090209685216394]},"properties":{"name":"Gerre de Caprioli","province":"CR","municipality_code":"19048","survey_year":"2017","source_owner":"Regione Lombardia","context_note":"Posizione cartografica di un impianto di trattamento delle acque reflue urbane; non e' un punto di campionamento AMR."}},{"type":"Feature","geometry":{"type":"Point","coordinates":[10.312672073573951,45.08767530847805]},"properties":{"name":"San Martino del Lago - Ca' de' Soresini","province":"CR","municipality_code":"19091","survey_year":"2017","source_owner":"Regione Lombardia","context_note":"Posizione cartografica di un impianto di trattamento delle acque reflue urbane; non e' un punto di campionamento AMR."}},{"type":"Feature","geometry":{"type":"Point","coordinates":[10.600144443949121,45.084115956696394]},"properties":{"name":"Marcaria - Campitello","province":"MN","municipality_code":"20031","survey_year":"2017","source_owner":"Regione Lombardia","context_note":"Posizione cartografica di un impianto di trattamento delle acque reflue urbane; non e' un punto di campionamento AMR."}},{"type":"Feature","geometry":{"type":"Point","coordinates":[10.824441746130468,45.080823671414294]},"properties":{"name":"Bagnolo S. Vito - Campione","province":"MN","municipality_code":"20003","survey_year":"2017","source_owner":"Regione Lombardia","context_note":"Posizione cartografica di un impianto di trattamento delle acque reflue urbane; non e' un punto di campionamento AMR."}},{"type":"Feature","geometry":{"type":"Point","coordinates":[9.213573253192877,45.09625582775245]},"properties":{"name":"Casanova Lonati","province":"PV","municipality_code":"18031","survey_year":"2017","source_owner":"Regione Lombardia","context_note":"Posizione cartografica di un impianto di trattamento delle acque reflue urbane; non e' un punto di campionamento AMR."}},{"type":"Feature","geometry":{"type":"Point","coordinates":[9.186968205031636,45.096324526609905]},"properties":{"name":"Pinarolo Po - Ca' de Giorgi","province":"PV","municipality_code":"18115","survey_year":"2017","source_owner":"Regione Lombardia","context_note":"Posizione cartografica di un impianto di trattamento delle acque reflue urbane; non e' un punto di campionamento AMR."}},{"type":"Feature","geometry":{"type":"Point","coordinates":[9.719879275463276,45.09431308161403]},"properties":{"name":"S. Rocco al Porto - Mezzana Casati","province":"LO","municipality_code":"98049","survey_year":"2017","source_owner":"Regione Lombardia","context_note":"Posizione cartografica di un impianto di trattamento delle acque reflue urbane; non e' un punto di campionamento AMR."}},{"type":"Feature","geometry":{"type":"Point","coordinates":[9.343361507228606,45.09635626120195]},"properties":{"name":"Arena Po - Frega","province":"PV","municipality_code":"18005","survey_year":"2017","source_owner":"Regione Lombardia","context_note":"Posizione cartografica di un impianto di trattamento delle acque reflue urbane; non e' un punto di campionamento AMR."}},{"type":"Feature","geometry":{"type":"Point","coordinates":[9.360674365555859,45.09686951491889]},"properties":{"name":"Arena Po - Via Mandelli","province":"PV","municipality_code":"18005","survey_year":"2017","source_owner":"Regione Lombardia","context_note":"Posizione cartografica di un impianto di trattamento delle acque reflue urbane; non e' un punto di campionamento AMR."}},{"type":"Feature","geometry":{"type":"Point","coordinates":[8.911706874895302,45.0974150897802]},"properties":{"name":"Sannazzaro de' Burgondi","province":"PV","municipality_code":"18138","survey_year":"2017","source_owner":"Regione Lombardia","context_note":"Posizione cartografica di un impianto di trattamento delle acque reflue urbane; non e' un punto di campionamento AMR."}},{"type":"Feature","geometry":{"type":"Point","coordinates":[9.348127523888914,45.097194120818244]},"properties":{"name":"Arena Po - Gerolo","province":"PV","municipality_code":"18005","survey_year":"2017","source_owner":"Regione Lombardia","context_note":"Posizione cartografica di un impianto di trattamento delle acque reflue urbane; non e' un punto di campionamento AMR."}},{"type":"Feature","geometry":{"type":"Point","coordinates":[9.23150133352634,45.09986758430424]},"properties":{"name":"Albaredo Arnaboldi - Baselica","province":"PV","municipality_code":"18002","survey_year":"2017","source_owner":"Regione Lombardia","context_note":"Posizione cartografica di un impianto di trattamento delle acque reflue urbane; non e' un punto di campionamento AMR."}},{"type":"Feature","geometry":{"type":"Point","coordinates":[9.328159115530864,45.10115051443549]},"properties":{"name":"Portalbera","province":"PV","municipality_code":"18118","survey_year":"2017","source_owner":"Regione Lombardia","context_note":"Posizione cartografica di un impianto di trattamento delle acque reflue urbane; non e' un punto di campionamento AMR."}},{"type":"Feature","geometry":{"type":"Point","coordinates":[8.996624954523694,45.10230714469226]},"properties":{"name":"Zinasco - Cassinino, Bombardone","province":"PV","municipality_code":"18190","survey_year":"2017","source_owner":"Regione Lombardia","context_note":"Posizione cartografica di un impianto di trattamento delle acque reflue urbane; non e' un punto di campionamento AMR."}},{"type":"Feature","geometry":{"type":"Point","coordinates":[9.652867613384085,45.10108920167292]},"properties":{"name":"Guardamiglio - Valloria","province":"LO","municipality_code":"98029","survey_year":"2017","source_owner":"Regione Lombardia","context_note":"Posizione cartografica di un impianto di trattamento delle acque reflue urbane; non e' un punto di campionamento AMR."}},{"type":"Feature","geometry":{"type":"Point","coordinates":[11.138228175514215,45.083497062103405]},"properties":{"name":"Ostiglia","province":"MN","municipality_code":"20038","survey_year":"2017","source_owner":"Regione Lombardia","context_note":"Posizione cartografica di un impianto di trattamento delle acque reflue urbane; non e' un punto di campionamento AMR."}},{"type":"Feature","geometry":{"type":"Point","coordinates":[9.803202308479696,45.10102194359528]},"properties":{"name":"Caselle Landi","province":"LO","municipality_code":"98011","survey_year":"2017","source_owner":"Regione Lombardia","context_note":"Posizione cartografica di un impianto di trattamento delle acque reflue urbane; non e' un punto di campionamento AMR."}},{"type":"Feature","geometry":{"type":"Point","coordinates":[10.523288370684629,45.09425880594817]},"properties":{"name":"S. Martino dall'Argine","province":"MN","municipality_code":"20059","survey_year":"2017","source_owner":"Regione Lombardia","context_note":"Posizione cartografica di un impianto di trattamento delle acque reflue urbane; non e' un punto di campionamento AMR."}},{"type":"Feature","geometry":{"type":"Point","coordinates":[10.861439339096272,45.089785991661486]},"properties":{"name":"Bagnolo S. Vito - Zona PIP","province":"MN","municipality_code":"20003","survey_year":"2017","source_owner":"Regione Lombardia","context_note":"Posizione cartografica di un impianto di trattamento delle acque reflue urbane; non e' un punto di campionamento AMR."}},{"type":"Feature","geometry":{"type":"Point","coordinates":[9.223238571617182,45.10532985879668]},"properties":{"name":"Albaredo Arnaboldi - Bronzi Est","province":"PV","municipality_code":"18002","survey_year":"2017","source_owner":"Regione Lombardia","context_note":"Posizione cartografica di un impianto di trattamento delle acque reflue urbane; non e' un punto di campionamento AMR."}},{"type":"Feature","geometry":{"type":"Point","coordinates":[9.214575735264816,45.10546592552348]},"properties":{"name":"Casanova Lonati - C.na Vercellesa","province":"PV","municipality_code":"18031","survey_year":"2017","source_owner":"Regione Lombardia","context_note":"Posizione cartografica di un impianto di trattamento delle acque reflue urbane; non e' un punto di campionamento AMR."}},{"type":"Feature","geometry":{"type":"Point","coordinates":[10.248454307462236,45.098936907127815]},"properties":{"name":"Derovere - Casalorzo Geroldi","province":"CR","municipality_code":"19040","survey_year":"2017","source_owner":"Regione Lombardia","context_note":"Posizione cartografica di un impianto di trattamento delle acque reflue urbane; non e' un punto di campionamento AMR."}},{"type":"Feature","geometry":{"type":"Point","coordinates":[10.156635010836116,45.09994955032481]},"properties":{"name":"Sospiro","province":"CR","municipality_code":"19099","survey_year":"2017","source_owner":"Regione Lombardia","context_note":"Posizione cartografica di un impianto di trattamento delle acque reflue urbane; non e' un punto di campionamento AMR."}},{"type":"Feature","geometry":{"type":"Point","coordinates":[9.23050480311441,45.105624977157525]},"properties":{"name":"Albaredo Arnaboldi - Valle","province":"PV","municipality_code":"18002","survey_year":"2017","source_owner":"Regione Lombardia","context_note":"Posizione cartografica di un impianto di trattamento delle acque reflue urbane; non e' un punto di campionamento AMR."}},{"type":"Feature","geometry":{"type":"Point","coordinates":[10.261119323962829,45.099220702407685]},"properties":{"name":"Derovere - Casalorzo Boldori","province":"CR","municipality_code":"19040","survey_year":"2017","source_owner":"Regione Lombardia","context_note":"Posizione cartografica di un impianto di trattamento delle acque reflue urbane; non e' un punto di campionamento AMR."}},{"type":"Feature","geometry":{"type":"Point","coordinates":[9.218718745911314,45.10602951616915]},"properties":{"name":"Albaredo Arnaboldi - Bronzi Ovest","province":"PV","municipality_code":"18092","survey_year":"2017","source_owner":"Regione Lombardia","context_note":"Posizione cartografica di un impianto di trattamento delle acque reflue urbane; non e' un punto di campionamento AMR."}},{"type":"Feature","geometry":{"type":"Point","coordinates":[9.44980020294698,45.10594083670635]},"properties":{"name":"Pieve Porto Morone","province":"PV","municipality_code":"18114","survey_year":"2017","source_owner":"Regione Lombardia","context_note":"Posizione cartografica di un impianto di trattamento delle acque reflue urbane; non e' un punto di campionamento AMR."}},{"type":"Feature","geometry":{"type":"Point","coordinates":[9.150432180782751,45.10699452989646]},"properties":{"name":"Rea - Canarazzo - Case Sparse - C.na Gasparoni di Bressana Bottarone","province":"PV","municipality_code":"18119","survey_year":"2017","source_owner":"Regione Lombardia","context_note":"Posizione cartografica di un impianto di trattamento delle acque reflue urbane; non e' un punto di campionamento AMR."}},{"type":"Feature","geometry":{"type":"Point","coordinates":[9.36919006226286,45.107043285622204]},"properties":{"name":"S. Zenone al Po","province":"PV","municipality_code":"18145","survey_year":"2017","source_owner":"Regione Lombardia","context_note":"Posizione cartografica di un impianto di trattamento delle acque reflue urbane; non e' un punto di campionamento AMR."}},{"type":"Feature","geometry":{"type":"Point","coordinates":[10.966768080272221,45.09077415148515]},"properties":{"name":"Roncoferraro - Governolo","province":"MN","municipality_code":"20052","survey_year":"2017","source_owner":"Regione Lombardia","context_note":"Posizione cartografica di un impianto di trattamento delle acque reflue urbane; non e' un punto di campionamento AMR."}},{"type":"Feature","geometry":{"type":"Point","coordinates":[9.219226465748775,45.10779398549859]},"properties":{"name":"Mezzanino -Borrone","province":"PV","municipality_code":"18092","survey_year":"2017","source_owner":"Regione Lombardia","context_note":"Posizione cartografica di un impianto di trattamento delle acque reflue urbane; non e' un punto di campionamento AMR."}},{"type":"Feature","geometry":{"type":"Point","coordinates":[9.514315956335764,45.10692215828391]},"properties":{"name":"Monticelli Pavese","province":"PV","municipality_code":"18099","survey_year":"2017","source_owner":"Regione Lombardia","context_note":"Posizione cartografica di un impianto di trattamento delle acque reflue urbane; non e' un punto di campionamento AMR."}},{"type":"Feature","geometry":{"type":"Point","coordinates":[10.874122032362175,45.0929090400584]},"properties":{"name":"Bagnolo S. Vito","province":"MN","municipality_code":"20071","survey_year":"2017","source_owner":"Regione Lombardia","context_note":"Posizione cartografica di un impianto di trattamento delle acque reflue urbane; non e' un punto di campionamento AMR."}},{"type":"Feature","geometry":{"type":"Point","coordinates":[8.961721754651869,45.108407268047046]},"properties":{"name":"Pieve Albignola","province":"PV","municipality_code":"18112","survey_year":"2017","source_owner":"Regione Lombardia","context_note":"Posizione cartografica di un impianto di trattamento delle acque reflue urbane; non e' un punto di campionamento AMR."}},{"type":"Feature","geometry":{"type":"Point","coordinates":[10.69909866130683,45.09609853905068]},"properties":{"name":"Curtatone - Buscoldo, S. Matteo","province":"MN","municipality_code":"20021","survey_year":"2017","source_owner":"Regione Lombardia","context_note":"Posizione cartografica di un impianto di trattamento delle acque reflue urbane; non e' un punto di campionamento AMR."}},{"type":"Feature","geometry":{"type":"Point","coordinates":[9.209591119818072,45.11035341372419]},"properties":{"name":"Verrua Po - Campanina di Casanova Lonati","province":"PV","municipality_code":"18031","survey_year":"2017","source_owner":"Regione Lombardia","context_note":"Posizione cartografica di un impianto di trattamento delle acque reflue urbane; non e' un punto di campionamento AMR."}},{"type":"Feature","geometry":{"type":"Point","coordinates":[9.404181868752609,45.11053844708]},"properties":{"name":"Zerbo - Capoluogo","province":"PV","municipality_code":"18188","survey_year":"2017","source_owner":"Regione Lombardia","context_note":"Posizione cartografica di un impianto di trattamento delle acque reflue urbane; non e' un punto di campionamento AMR."}},{"type":"Feature","geometry":{"type":"Point","coordinates":[9.690325936585266,45.111751648834655]},"properties":{"name":"Guardamiglio","province":"LO","municipality_code":"98029","survey_year":"2017","source_owner":"Regione Lombardia","context_note":"Posizione cartografica di un impianto di trattamento delle acque reflue urbane; non e' un punto di campionamento AMR."}},{"type":"Feature","geometry":{"type":"Point","coordinates":[9.807299585442111,45.111263920989295]},"properties":{"name":"Caselle Landi - Piardello","province":"LO","municipality_code":"98011","survey_year":"2017","source_owner":"Regione Lombardia","context_note":"Posizione cartografica di un impianto di trattamento delle acque reflue urbane; non e' un punto di campionamento AMR."}},{"type":"Feature","geometry":{"type":"Point","coordinates":[9.776859169209553,45.11356334481736]},"properties":{"name":"Caselle Landi - Gerrone","province":"LO","municipality_code":"98011","survey_year":"2017","source_owner":"Regione Lombardia","context_note":"Posizione cartografica di un impianto di trattamento delle acque reflue urbane; non e' un punto di campionamento AMR."}},{"type":"Feature","geometry":{"type":"Point","coordinates":[9.178231909907408,45.11670893405455]},"properties":{"name":"Verrua Po","province":"PV","municipality_code":"18175","survey_year":"2017","source_owner":"Regione Lombardia","context_note":"Posizione cartografica di un impianto di trattamento delle acque reflue urbane; non e' un punto di campionamento AMR."}},{"type":"Feature","geometry":{"type":"Point","coordinates":[9.766648439789236,45.114343446158564]},"properties":{"name":"Corno Giovine - Mezzano Passone","province":"LO","municipality_code":"98022","survey_year":"2017","source_owner":"Regione Lombardia","context_note":"Posizione cartografica di un impianto di trattamento delle acque reflue urbane; non e' un punto di campionamento AMR."}},{"type":"Feature","geometry":{"type":"Point","coordinates":[9.872166241943695,45.11429753598765]},"properties":{"name":"Castelnuovo Bocca d'Adda","province":"LO","municipality_code":"98013","survey_year":"2017","source_owner":"Regione Lombardia","context_note":"Posizione cartografica di un impianto di trattamento delle acque reflue urbane; non e' un punto di campionamento AMR."}},{"type":"Feature","geometry":{"type":"Point","coordinates":[10.489472853274979,45.10847733002372]},"properties":{"name":"Bozzolo","province":"MN","municipality_code":"20007","survey_year":"2017","source_owner":"Regione Lombardia","context_note":"Posizione cartografica di un impianto di trattamento delle acque reflue urbane; non e' un punto di campionamento AMR."}},{"type":"Feature","geometry":{"type":"Point","coordinates":[9.733910476153731,45.11618772638046]},"properties":{"name":"S. Stefano Lodigiano","province":"LO","municipality_code":"98051","survey_year":"2017","source_owner":"Regione Lombardia","context_note":"Posizione cartografica di un impianto di trattamento delle acque reflue urbane; non e' un punto di campionamento AMR."}},{"type":"Feature","geometry":{"type":"Point","coordinates":[10.570464774329594,45.10919262736463]},"properties":{"name":"Marcaria - S. Michele in Bosco","province":"MN","municipality_code":"20031","survey_year":"2017","source_owner":"Regione Lombardia","context_note":"Posizione cartografica di un impianto di trattamento delle acque reflue urbane; non e' un punto di campionamento AMR."}},{"type":"Feature","geometry":{"type":"Point","coordinates":[9.041888108776494,45.122192163976415]},"properties":{"name":"Zinasco - C.na Sacchi Est","province":"PV","municipality_code":"18190","survey_year":"2017","source_owner":"Regione Lombardia","context_note":"Posizione cartografica di un impianto di trattamento delle acque reflue urbane; non e' un punto di campionamento AMR."}},{"type":"Feature","geometry":{"type":"Point","coordinates":[9.024755812102264,45.123011738354634]},"properties":{"name":"Zinasco - Zinasco Vecchio","province":"PV","municipality_code":"18190","survey_year":"2017","source_owner":"Regione Lombardia","context_note":"Posizione cartografica di un impianto di trattamento delle acque reflue urbane; non e' un punto di campionamento AMR."}},{"type":"Feature","geometry":{"type":"Point","coordinates":[9.471834787003559,45.12325773223619]},"properties":{"name":"Badia Pavese","province":"PV","municipality_code":"18006","survey_year":"2017","source_owner":"Regione Lombardia","context_note":"Posizione cartografica di un impianto di trattamento delle acque reflue urbane; non e' un punto di campionamento AMR."}},{"type":"Feature","geometry":{"type":"Point","coordinates":[9.229408612258153,45.12435598145322]},"properties":{"name":"Mezzanino","province":"PV","municipality_code":"18092","survey_year":"2017","source_owner":"Regione Lombardia","context_note":"Posizione cartografica di un impianto di trattamento delle acque reflue urbane; non e' un punto di campionamento AMR."}},{"type":"Feature","geometry":{"type":"Point","coordinates":[8.621220810752943,45.12449330848491]},"properties":{"name":"Breme","province":"PV","municipality_code":"18022","survey_year":"2017","source_owner":"Regione Lombardia","context_note":"Posizione cartografica di un impianto di trattamento delle acque reflue urbane; non e' un punto di campionamento AMR."}},{"type":"Feature","geometry":{"type":"Point","coordinates":[10.822391991370893,45.11103888068175]},"properties":{"name":"Virgilio - Pietole","province":"MN","municipality_code":"20071","survey_year":"2017","source_owner":"Regione Lombardia","context_note":"Posizione cartografica di un impianto di trattamento delle acque reflue urbane; non e' un punto di campionamento AMR."}},{"type":"Feature","geometry":{"type":"Point","coordinates":[9.03044714034955,45.12617590223834]},"properties":{"name":"Zinasco - Zinasco Vecchio Via Zaccarina","province":"PV","municipality_code":"18190","survey_year":"2017","source_owner":"Regione Lombardia","context_note":"Posizione cartografica di un impianto di trattamento delle acque reflue urbane; non e' un punto di campionamento AMR."}},{"type":"Feature","geometry":{"type":"Point","coordinates":[9.083117399467836,45.126386866323664]},"properties":{"name":"Sommo","province":"PV","municipality_code":"18151","survey_year":"2017","source_owner":"Regione Lombardia","context_note":"Posizione cartografica di un impianto di trattamento delle acque reflue urbane; non e' un punto di campionamento AMR."}},{"type":"Feature","geometry":{"type":"Point","coordinates":[9.838312009714782,45.123885818805256]},"properties":{"name":"Meleti","province":"LO","municipality_code":"98038","survey_year":"2017","source_owner":"Regione Lombardia","context_note":"Posizione cartografica di un impianto di trattamento delle acque reflue urbane; non e' un punto di campionamento AMR."}},{"type":"Feature","geometry":{"type":"Point","coordinates":[10.027118243106052,45.123152903816454]},"properties":{"name":"Cremona","province":"CR","municipality_code":"19036","survey_year":"2017","source_owner":"Regione Lombardia","context_note":"Posizione cartografica di un impianto di trattamento delle acque reflue urbane; non e' un punto di campionamento AMR."}},{"type":"Feature","geometry":{"type":"Point","coordinates":[10.53650759517095,45.1180260437086]},"properties":{"name":"Marcaria","province":"MN","municipality_code":"20031","survey_year":"2017","source_owner":"Regione Lombardia","context_note":"Posizione cartografica di un impianto di trattamento delle acque reflue urbane; non e' un punto di campionamento AMR."}},{"type":"Feature","geometry":{"type":"Point","coordinates":[9.046428009785226,45.12994532494252]},"properties":{"name":"Zinasco - Sairano","province":"PV","municipality_code":"18190","survey_year":"2017","source_owner":"Regione Lombardia","context_note":"Posizione cartografica di un impianto di trattamento delle acque reflue urbane; non e' un punto di campionamento AMR."}},{"type":"Feature","geometry":{"type":"Point","coordinates":[9.339797791360004,45.1307224861546]},"properties":{"name":"Spessa Po - Sostegno","province":"PV","municipality_code":"18152","survey_year":"2017","source_owner":"Regione Lombardia","context_note":"Posizione cartografica di un impianto di trattamento delle acque reflue urbane; non e' un punto di campionamento AMR."}},{"type":"Feature","geometry":{"type":"Point","coordinates":[9.784050535374776,45.129032974669]},"properties":{"name":"Corno Giovine - Mezzano Passone di Sotto","province":"LO","municipality_code":"98022","survey_year":"2017","source_owner":"Regione Lombardia","context_note":"Posizione cartografica di un impianto di trattamento delle acque reflue urbane; non e' un punto di campionamento AMR."}},{"type":"Feature","geometry":{"type":"Point","coordinates":[9.684700218483794,45.13030179053419]},"properties":{"name":"Fombio","province":"LO","municipality_code":"98026","survey_year":"2017","source_owner":"Regione Lombardia","context_note":"Posizione cartografica di un impianto di trattamento delle acque reflue urbane; non e' un punto di campionamento AMR."}},{"type":"Feature","geometry":{"type":"Point","coordinates":[9.384238001872198,45.13174650477072]},"properties":{"name":"Costa de' Nobili - Capoluogo Nuovo","province":"PV","municipality_code":"18058","survey_year":"2017","source_owner":"Regione Lombardia","context_note":"Posizione cartografica di un impianto di trattamento delle acque reflue urbane; non e' un punto di campionamento AMR."}},{"type":"Feature","geometry":{"type":"Point","coordinates":[9.226377452958024,45.13254710841887]},"properties":{"name":"Mezzanino - Caldera - Tornello","province":"PV","municipality_code":"18092","survey_year":"2017","source_owner":"Regione Lombardia","context_note":"Posizione cartografica di un impianto di trattamento delle acque reflue urbane; non e' un punto di campionamento AMR."}},{"type":"Feature","geometry":{"type":"Point","coordinates":[9.595976269408718,45.13395934242493]},"properties":{"name":"Senna Lodigiana - Guzzafame, Malpaga","province":"LO","municipality_code":"98053","survey_year":"2017","source_owner":"Regione Lombardia","context_note":"Posizione cartografica di un impianto di trattamento delle acque reflue urbane; non e' un punto di campionamento AMR."}},{"type":"Feature","geometry":{"type":"Point","coordinates":[9.79540237702679,45.13515660378639]},"properties":{"name":"Cornovecchio","province":"LO","municipality_code":"98023","survey_year":"2017","source_owner":"Regione Lombardia","context_note":"Posizione cartografica di un impianto di trattamento delle acque reflue urbane; non e' un punto di campionamento AMR."}},{"type":"Feature","geometry":{"type":"Point","coordinates":[10.381941065151874,45.130956326075385]},"properties":{"name":"Piadena","province":"CR","municipality_code":"19116","survey_year":"2017","source_owner":"Regione Lombardia","context_note":"Posizione cartografica di un impianto di trattamento delle acque reflue urbane; non e' un punto di campionamento AMR."}},{"type":"Feature","geometry":{"type":"Point","coordinates":[10.405839694800108,45.13369799071115]},"properties":{"name":"Piadena - San Paolo Ripa d'Oglio","province":"CR","municipality_code":"19116","survey_year":"2017","source_owner":"Regione Lombardia","context_note":"Posizione cartografica di un impianto di trattamento delle acque reflue urbane; non e' un punto di campionamento AMR."}},{"type":"Feature","geometry":{"type":"Point","coordinates":[9.152047441667907,45.14273803386687]},"properties":{"name":"Travaco Siccomario - Colonne","province":"PV","municipality_code":"18162","survey_year":"2017","source_owner":"Regione Lombardia","context_note":"Posizione cartografica di un impianto di trattamento delle acque reflue urbane; non e' un punto di campionamento AMR."}},{"type":"Feature","geometry":{"type":"Point","coordinates":[9.112989922586655,45.14451735908335]},"properties":{"name":"Cava Manara","province":"PV","municipality_code":"18041","survey_year":"2017","source_owner":"Regione Lombardia","context_note":"Posizione cartografica di un impianto di trattamento delle acque reflue urbane; non e' un punto di campionamento AMR."}},{"type":"Feature","geometry":{"type":"Point","coordinates":[9.167570755731042,45.14484088486651]},"properties":{"name":"Travaco Siccomario - Valbona","province":"PV","municipality_code":"18162","survey_year":"2017","source_owner":"Regione Lombardia","context_note":"Posizione cartografica di un impianto di trattamento delle acque reflue urbane; non e' un punto di campionamento AMR."}},{"type":"Feature","geometry":{"type":"Point","coordinates":[9.637632005481663,45.14362682395238]},"properties":{"name":"Somaglia","province":"LO","municipality_code":"98054","survey_year":"2017","source_owner":"Regione Lombardia","context_note":"Posizione cartografica di un impianto di trattamento delle acque reflue urbane; non e' un punto di campionamento AMR."}},{"type":"Feature","geometry":{"type":"Point","coordinates":[9.426354928770722,45.144621533851684]},"properties":{"name":"S. Cristina e Bissone - Bissone","province":"PV","municipality_code":"18139","survey_year":"2017","source_owner":"Regione Lombardia","context_note":"Posizione cartografica di un impianto di trattamento delle acque reflue urbane; non e' un punto di campionamento AMR."}},{"type":"Feature","geometry":{"type":"Point","coordinates":[10.950767845251628,45.12952137161558]},"properties":{"name":"Roncoferraro","province":"MN","municipality_code":"20052","survey_year":"2017","source_owner":"Regione Lombardia","context_note":"Posizione cartografica di un impianto di trattamento delle acque reflue urbane; non e' un punto di campionamento AMR."}},{"type":"Feature","geometry":{"type":"Point","coordinates":[9.590588049450458,45.145419348978706]},"properties":{"name":"Senna Lodigiana - S.P. 206","province":"LO","municipality_code":"98053","survey_year":"2017","source_owner":"Regione Lombardia","context_note":"Posizione cartografica di un impianto di trattamento delle acque reflue urbane; non e' un punto di campionamento AMR."}},{"type":"Feature","geometry":{"type":"Point","coordinates":[9.240862461172084,45.14767599982957]},"properties":{"name":"Linarolo - Vaccarizza","province":"PV","municipality_code":"18081","survey_year":"2017","source_owner":"Regione Lombardia","context_note":"Posizione cartografica di un impianto di trattamento delle acque reflue urbane; non e' un punto di campionamento AMR."}},{"type":"Feature","geometry":{"type":"Point","coordinates":[10.84814115144433,45.13447004607827]},"properties":{"name":"Mantova - zona artigianale","province":"MN","municipality_code":"20030","survey_year":"2017","source_owner":"Regione Lombardia","context_note":"Posizione cartografica di un impianto di trattamento delle acque reflue urbane; non e' un punto di campionamento AMR."}},{"type":"Feature","geometry":{"type":"Point","coordinates":[9.85868970476806,45.14729155569239]},"properties":{"name":"Maccastorna","province":"LO","municipality_code":"98033","survey_year":"2017","source_owner":"Regione Lombardia","context_note":"Posizione cartografica di un impianto di trattamento delle acque reflue urbane; non e' un punto di campionamento AMR."}},{"type":"Feature","geometry":{"type":"Point","coordinates":[9.165518643702223,45.15110118818332]},"properties":{"name":"Travaco Siccomario - Capoluogo - Mezzano","province":"PV","municipality_code":"18162","survey_year":"2017","source_owner":"Regione Lombardia","context_note":"Posizione cartografica di un impianto di trattamento delle acque reflue urbane; non e' un punto di campionamento AMR."}},{"type":"Feature","geometry":{"type":"Point","coordinates":[10.804257702976516,45.138232732474904]},"properties":{"name":"Mantova","province":"MN","municipality_code":"20030","survey_year":"2017","source_owner":"Regione Lombardia","context_note":"Posizione cartografica di un impianto di trattamento delle acque reflue urbane; non e' un punto di campionamento AMR."}},{"type":"Feature","geometry":{"type":"Point","coordinates":[10.351452202021605,45.145201769549736]},"properties":{"name":"Drizzona","province":"CR","municipality_code":"19116","survey_year":"2017","source_owner":"Regione Lombardia","context_note":"Posizione cartografica di un impianto di trattamento delle acque reflue urbane; non e' un punto di campionamento AMR."}},{"type":"Feature","geometry":{"type":"Point","coordinates":[9.58875780815592,45.15172989355163]},"properties":{"name":"Senna Lodigiana - Via Cavour","province":"LO","municipality_code":"98053","survey_year":"2017","source_owner":"Regione Lombardia","context_note":"Posizione cartografica di un impianto di trattamento delle acque reflue urbane; non e' un punto di campionamento AMR."}},{"type":"Feature","geometry":{"type":"Point","coordinates":[10.38688646636746,45.14505576134402]},"properties":{"name":"Canneto sull'Oglio loc. Breda","province":"MN","municipality_code":"20008","survey_year":"2017","source_owner":"Regione Lombardia","context_note":"Posizione cartografica di un impianto di trattamento delle acque reflue urbane; non e' un punto di campionamento AMR."}},{"type":"Feature","geometry":{"type":"Point","coordinates":[9.397805218458325,45.152799108586045]},"properties":{"name":"S. Cristina e Bissone","province":"PV","municipality_code":"18139","survey_year":"2017","source_owner":"Regione Lombardia","context_note":"Posizione cartografica di un impianto di trattamento delle acque reflue urbane; non e' un punto di campionamento AMR."}},{"type":"Feature","geometry":{"type":"Point","coordinates":[9.526158469752763,45.152504328226414]},"properties":{"name":"Chignolo Po - Lambrinia","province":"PV","municipality_code":"18048","survey_year":"2017","source_owner":"Regione Lombardia","context_note":"Posizione cartografica di un impianto di trattamento delle acque reflue urbane; non e' un punto di campionamento AMR."}},{"type":"Feature","geometry":{"type":"Point","coordinates":[9.181082153311305,45.153619855558716]},"properties":{"name":"Travaco Siccomario - Boschi","province":"PV","municipality_code":"18162","survey_year":"2017","source_owner":"Regione Lombardia","context_note":"Posizione cartografica di un impianto di trattamento delle acque reflue urbane; non e' un punto di campionamento AMR."}},{"type":"Feature","geometry":{"type":"Point","coordinates":[9.882133134947297,45.15057845338511]},"properties":{"name":"Crotta d'Adda - Caselle","province":"CR","municipality_code":"19038","survey_year":"2017","source_owner":"Regione Lombardia","context_note":"Posizione cartografica di un impianto di trattamento delle acque reflue urbane; non e' un punto di campionamento AMR."}},{"type":"Feature","geometry":{"type":"Point","coordinates":[9.550556426155506,45.15314490200336]},"properties":{"name":"Orio Litta","province":"LO","municipality_code":"98042","survey_year":"2017","source_owner":"Regione Lombardia","context_note":"Posizione cartografica di un impianto di trattamento delle acque reflue urbane; non e' un punto di campionamento AMR."}},{"type":"Feature","geometry":{"type":"Point","coordinates":[11.025310789211082,45.13848524734825]},"properties":{"name":"Villimpenta","province":"MN","municipality_code":"20068","survey_year":"2017","source_owner":"Regione Lombardia","context_note":"Posizione cartografica di un impianto di trattamento delle acque reflue urbane; non e' un punto di campionamento AMR."}},{"type":"Feature","geometry":{"type":"Point","coordinates":[10.483753275625247,45.1477086185429]},"properties":{"name":"Acquanegra sul Chiese - Mosio","province":"MN","municipality_code":"20001","survey_year":"2017","source_owner":"Regione Lombardia","context_note":"Posizione cartografica di un impianto di trattamento delle acque reflue urbane; non e' un punto di campionamento AMR."}},{"type":"Feature","geometry":{"type":"Point","coordinates":[9.856862790261697,45.156099816150515]},"properties":{"name":"Crotta d'Adda","province":"CR","municipality_code":"19038","survey_year":"2017","source_owner":"Regione Lombardia","context_note":"Posizione cartografica di un impianto di trattamento delle acque reflue urbane; non e' un punto di campionamento AMR."}},{"type":"Feature","geometry":{"type":"Point","coordinates":[9.141345133464458,45.161120469262116]},"properties":{"name":"Travaco Siccomario - Rotta","province":"PV","municipality_code":"18162","survey_year":"2017","source_owner":"Regione Lombardia","context_note":"Posizione cartografica di un impianto di trattamento delle acque reflue urbane; non e' un punto di campionamento AMR."}},{"type":"Feature","geometry":{"type":"Point","coordinates":[9.16518977825031,45.16143037185979]},"properties":{"name":"Travaco Siccomario - Scotti","province":"PV","municipality_code":"18162","survey_year":"2017","source_owner":"Regione Lombardia","context_note":"Posizione cartografica di un impianto di trattamento delle acque reflue urbane; non e' un punto di campionamento AMR."}},{"type":"Feature","geometry":{"type":"Point","coordinates":[10.36235274500764,45.1537226427005]},"properties":{"name":"Drizzona - Castelfranco d'Oglio","province":"CR","municipality_code":"19116","survey_year":"2017","source_owner":"Regione Lombardia","context_note":"Posizione cartografica di un impianto di trattamento delle acque reflue urbane; non e' un punto di campionamento AMR."}},{"type":"Feature","geometry":{"type":"Point","coordinates":[8.738841242384673,45.16304430567556]},"properties":{"name":"Velezzo Lomellina","province":"PV","municipality_code":"18172","survey_year":"2017","source_owner":"Regione Lombardia","context_note":"Posizione cartografica di un impianto di trattamento delle acque reflue urbane; non e' un punto di campionamento AMR."}},{"type":"Feature","geometry":{"type":"Point","coordinates":[9.586039960199809,45.163328863752945]},"properties":{"name":"Ospedaletto Lodigiano","province":"LO","municipality_code":"98043","survey_year":"2017","source_owner":"Regione Lombardia","context_note":"Posizione cartografica di un impianto di trattamento delle acque reflue urbane; non e' un punto di campionamento AMR."}},{"type":"Feature","geometry":{"type":"Point","coordinates":[8.598232077518352,45.16736869712577]},"properties":{"name":"Candia Lomellina","province":"PV","municipality_code":"18027","survey_year":"2017","source_owner":"Regione Lombardia","context_note":"Posizione cartografica di un impianto di trattamento delle acque reflue urbane; non e' un punto di campionamento AMR."}},{"type":"Feature","geometry":{"type":"Point","coordinates":[10.432263179341849,45.15945590503732]},"properties":{"name":"Acquanegra sul Chiese","province":"MN","municipality_code":"20001","survey_year":"2017","source_owner":"Regione Lombardia","context_note":"Posizione cartografica di un impianto di trattamento delle acque reflue urbane; non e' un punto di campionamento AMR."}},{"type":"Feature","geometry":{"type":"Point","coordinates":[9.770687821468119,45.1659852540693]},"properties":{"name":"Maleo","province":"LO","municipality_code":"98035","survey_year":"2017","source_owner":"Regione Lombardia","context_note":"Posizione cartografica di un impianto di trattamento delle acque reflue urbane; non e' un punto di campionamento AMR."}},{"type":"Feature","geometry":{"type":"Point","coordinates":[10.317109059185498,45.16842211732793]},"properties":{"name":"Isola Dovarese","province":"CR","municipality_code":"19053","survey_year":"2017","source_owner":"Regione Lombardia","context_note":"Posizione cartografica di un impianto di trattamento delle acque reflue urbane; non e' un punto di campionamento AMR."}},{"type":"Feature","geometry":{"type":"Point","coordinates":[9.179023374945112,45.17749078253468]},"properties":{"name":"Pavia","province":"PV","municipality_code":"18110","survey_year":"2017","source_owner":"Regione Lombardia","context_note":"Posizione cartografica di un impianto di trattamento delle acque reflue urbane; non e' un punto di campionamento AMR."}},{"type":"Feature","geometry":{"type":"Point","coordinates":[9.783712804942185,45.17953408190249]},"properties":{"name":"Pizzighettone","province":"CR","municipality_code":"19076","survey_year":"2017","source_owner":"Regione Lombardia","context_note":"Posizione cartografica di un impianto di trattamento delle acque reflue urbane; non e' un punto di campionamento AMR."}},{"type":"Feature","geometry":{"type":"Point","coordinates":[10.682019935968091,45.17223503541354]},"properties":{"name":"Rodigo - Rivalta sul Mincio","province":"MN","municipality_code":"20051","survey_year":"2017","source_owner":"Regione Lombardia","context_note":"Posizione cartografica di un impianto di trattamento delle acque reflue urbane; non e' un punto di campionamento AMR."}},{"type":"Feature","geometry":{"type":"Point","coordinates":[9.50081134771039,45.18495757405396]},"properties":{"name":"S. COLOMBANO AL LAMBRO","province":"MI","municipality_code":"15191","survey_year":"2017","source_owner":"Regione Lombardia","context_note":"Posizione cartografica di un impianto di trattamento delle acque reflue urbane; non e' un punto di campionamento AMR."}},{"type":"Feature","geometry":{"type":"Point","coordinates":[9.087988567357964,45.19263452568776]},"properties":{"name":"Carbonara al Ticino - Canarazzo","province":"PV","municipality_code":"18030","survey_year":"2017","source_owner":"Regione Lombardia","context_note":"Posizione cartografica di un impianto di trattamento delle acque reflue urbane; non e' un punto di campionamento AMR."}},{"type":"Feature","geometry":{"type":"Point","coordinates":[10.4253028743345,45.19155259066297]},"properties":{"name":"Asola - Barchi","province":"MN","municipality_code":"20002","survey_year":"2017","source_owner":"Regione Lombardia","context_note":"Posizione cartografica di un impianto di trattamento delle acque reflue urbane; non e' un punto di campionamento AMR."}},{"type":"Feature","geometry":{"type":"Point","coordinates":[10.327475344009168,45.19340726702065]},"properties":{"name":"Casalromano - Fontanella Grazioli","province":"MN","municipality_code":"20012","survey_year":"2017","source_owner":"Regione Lombardia","context_note":"Posizione cartografica di un impianto di trattamento delle acque reflue urbane; non e' un punto di campionamento AMR."}},{"type":"Feature","geometry":{"type":"Point","coordinates":[9.024073984729705,45.207728492009686]},"properties":{"name":"Zerbolo - Capoluogo Nuovo","province":"PV","municipality_code":"18189","survey_year":"2017","source_owner":"Regione Lombardia","context_note":"Posizione cartografica di un impianto di trattamento delle acque reflue urbane; non e' un punto di campionamento AMR."}},{"type":"Feature","geometry":{"type":"Point","coordinates":[10.306722814534536,45.20723914207518]},"properties":{"name":"Volongo","province":"CR","municipality_code":"19114","survey_year":"2017","source_owner":"Regione Lombardia","context_note":"Posizione cartografica di un impianto di trattamento delle acque reflue urbane; non e' un punto di campionamento AMR."}},{"type":"Feature","geometry":{"type":"Point","coordinates":[8.557385101547215,45.21560402003056]},"properties":{"name":"Langosco","province":"PV","municipality_code":"18079","survey_year":"2017","source_owner":"Regione Lombardia","context_note":"Posizione cartografica di un impianto di trattamento delle acque reflue urbane; non e' un punto di campionamento AMR."}},{"type":"Feature","geometry":{"type":"Point","coordinates":[8.992163026506567,45.21793057921186]},"properties":{"name":"Zerbolo - Cascina Guasta Est","province":"PV","municipality_code":"18189","survey_year":"2017","source_owner":"Regione Lombardia","context_note":"Posizione cartografica di un impianto di trattamento delle acque reflue urbane; non e' un punto di campionamento AMR."}},{"type":"Feature","geometry":{"type":"Point","coordinates":[10.246383137428378,45.21331526825107]},"properties":{"name":"Ostiano","province":"CR","municipality_code":"19064","survey_year":"2017","source_owner":"Regione Lombardia","context_note":"Posizione cartografica di un impianto di trattamento delle acque reflue urbane; non e' un punto di campionamento AMR."}},{"type":"Feature","geometry":{"type":"Point","coordinates":[10.224181950106392,45.21787640669655]},"properties":{"name":"Gabbioneta Binanuova - Gabbioneta","province":"CR","municipality_code":"19045","survey_year":"2017","source_owner":"Regione Lombardia","context_note":"Posizione cartografica di un impianto di trattamento delle acque reflue urbane; non e' un punto di campionamento AMR."}},{"type":"Feature","geometry":{"type":"Point","coordinates":[10.415869453326339,45.21617218363389]},"properties":{"name":"Asola","province":"MN","municipality_code":"20002","survey_year":"2017","source_owner":"Regione Lombardia","context_note":"Posizione cartografica di un impianto di trattamento delle acque reflue urbane; non e' un punto di campionamento AMR."}},{"type":"Feature","geometry":{"type":"Point","coordinates":[9.689848629832246,45.223904941411334]},"properties":{"name":"Castiglione d'Adda","province":"LO","municipality_code":"98014","survey_year":"2017","source_owner":"Regione Lombardia","context_note":"Posizione cartografica di un impianto di trattamento delle acque reflue urbane; non e' un punto di campionamento AMR."}},{"type":"Feature","geometry":{"type":"Point","coordinates":[8.682067333311684,45.23236599685317]},"properties":{"name":"Castello d'Agogna","province":"PV","municipality_code":"18039","survey_year":"2017","source_owner":"Regione Lombardia","context_note":"Posizione cartografica di un impianto di trattamento delle acque reflue urbane; non e' un punto di campionamento AMR."}},{"type":"Feature","geometry":{"type":"Point","coordinates":[9.674451807592959,45.234897789219346]},"properties":{"name":"Bertonico","province":"LO","municipality_code":"98002","survey_year":"2017","source_owner":"Regione Lombardia","context_note":"Posizione cartografica di un impianto di trattamento delle acque reflue urbane; non e' un punto di campionamento AMR."}},{"type":"Feature","geometry":{"type":"Point","coordinates":[10.185433519640599,45.23110376726734]},"properties":{"name":"Gabbioneta Binanuova - Binanuova","province":"CR","municipality_code":"19045","survey_year":"2017","source_owner":"Regione Lombardia","context_note":"Posizione cartografica di un impianto di trattamento delle acque reflue urbane; non e' un punto di campionamento AMR."}},{"type":"Feature","geometry":{"type":"Point","coordinates":[9.039154072819933,45.23817255668181]},"properties":{"name":"Bereguardo - Boffalora","province":"PV","municipality_code":"18014","survey_year":"2017","source_owner":"Regione Lombardia","context_note":"Posizione cartografica di un impianto di trattamento delle acque reflue urbane; non e' un punto di campionamento AMR."}},{"type":"Feature","geometry":{"type":"Point","coordinates":[10.203377287836757,45.237468997031364]},"properties":{"name":"Seniga - Regona","province":"BS","municipality_code":"17177","survey_year":"2017","source_owner":"Regione Lombardia","context_note":"Posizione cartografica di un impianto di trattamento delle acque reflue urbane; non e' un punto di campionamento AMR."}},{"type":"Feature","geometry":{"type":"Point","coordinates":[10.170710890571577,45.239969229771376]},"properties":{"name":"Seniga","province":"BS","municipality_code":"17177","survey_year":"2017","source_owner":"Regione Lombardia","context_note":"Posizione cartografica di un impianto di trattamento delle acque reflue urbane; non e' un punto di campionamento AMR."}},{"type":"Feature","geometry":{"type":"Point","coordinates":[8.57908663091469,45.24595180114104]},"properties":{"name":"Rosasco","province":"PV","municipality_code":"18130","survey_year":"2017","source_owner":"Regione Lombardia","context_note":"Posizione cartografica di un impianto di trattamento delle acque reflue urbane; non e' un punto di campionamento AMR."}},{"type":"Feature","geometry":{"type":"Point","coordinates":[10.665850318722729,45.24169395354242]},"properties":{"name":"Goito","province":"MN","municipality_code":"20026","survey_year":"2017","source_owner":"Regione Lombardia","context_note":"Posizione cartografica di un impianto di trattamento delle acque reflue urbane; non e' un punto di campionamento AMR."}},{"type":"Feature","geometry":{"type":"Point","coordinates":[9.727564144356222,45.257822645859726]},"properties":{"name":"Gombito","province":"CR","municipality_code":"19049","survey_year":"2017","source_owner":"Regione Lombardia","context_note":"Posizione cartografica di un impianto di trattamento delle acque reflue urbane; non e' un punto di campionamento AMR."}},{"type":"Feature","geometry":{"type":"Point","coordinates":[10.08832895973408,45.25607839323643]},"properties":{"name":"Robecco d'Oglio","province":"CR","municipality_code":"19085","survey_year":"2017","source_owner":"Regione Lombardia","context_note":"Posizione cartografica di un impianto di trattamento delle acque reflue urbane; non e' un punto di campionamento AMR."}},{"type":"Feature","geometry":{"type":"Point","coordinates":[9.002689291757743,45.261601473440265]},"properties":{"name":"Bereguardo - Zelata Ovest","province":"PV","municipality_code":"18014","survey_year":"2017","source_owner":"Regione Lombardia","context_note":"Posizione cartografica di un impianto di trattamento delle acque reflue urbane; non e' un punto di campionamento AMR."}},{"type":"Feature","geometry":{"type":"Point","coordinates":[10.093119630147763,45.264628995680944]},"properties":{"name":"Pontevico","province":"BS","municipality_code":"17149","survey_year":"2017","source_owner":"Regione Lombardia","context_note":"Posizione cartografica di un impianto di trattamento delle acque reflue urbane; non e' un punto di campionamento AMR."}},{"type":"Feature","geometry":{"type":"Point","coordinates":[10.21071776350021,45.263927663416275]},"properties":{"name":"Pralboino","province":"BS","municipality_code":"17152","survey_year":"2017","source_owner":"Regione Lombardia","context_note":"Posizione cartografica di un impianto di trattamento delle acque reflue urbane; non e' un punto di campionamento AMR."}},{"type":"Feature","geometry":{"type":"Point","coordinates":[10.20776904453759,45.27152915580368]},"properties":{"name":"Milzano","province":"BS","municipality_code":"17108","survey_year":"2017","source_owner":"Regione Lombardia","context_note":"Posizione cartografica di un impianto di trattamento delle acque reflue urbane; non e' un punto di campionamento AMR."}},{"type":"Feature","geometry":{"type":"Point","coordinates":[8.988810796944797,45.28088636890855]},"properties":{"name":"MOTTA VISCONTI","province":"MI","municipality_code":"15151","survey_year":"2017","source_owner":"Regione Lombardia","context_note":"Posizione cartografica di un impianto di trattamento delle acque reflue urbane; non e' un punto di campionamento AMR."}},{"type":"Feature","geometry":{"type":"Point","coordinates":[9.700793629174884,45.27909843332675]},"properties":{"name":"Montodine","province":"CR","municipality_code":"19059","survey_year":"2017","source_owner":"Regione Lombardia","context_note":"Posizione cartografica di un impianto di trattamento delle acque reflue urbane; non e' un punto di campionamento AMR."}},{"type":"Feature","geometry":{"type":"Point","coordinates":[10.041622874726553,45.27918015050434]},"properties":{"name":"Verolavecchia - Monticelli d'Oglio","province":"BS","municipality_code":"17196","survey_year":"2017","source_owner":"Regione Lombardia","context_note":"Posizione cartografica di un impianto di trattamento delle acque reflue urbane; non e' un punto di campionamento AMR."}},{"type":"Feature","geometry":{"type":"Point","coordinates":[8.659438793098275,45.283832916636996]},"properties":{"name":"Nicorvo","province":"PV","municipality_code":"18103","survey_year":"2017","source_owner":"Regione Lombardia","context_note":"Posizione cartografica di un impianto di trattamento delle acque reflue urbane; non e' un punto di campionamento AMR."}},{"type":"Feature","geometry":{"type":"Point","coordinates":[10.204153221162517,45.29161359889042]},"properties":{"name":"Pavone del Mella","province":"BS","municipality_code":"17137","survey_year":"2017","source_owner":"Regione Lombardia","context_note":"Posizione cartografica di un impianto di trattamento delle acque reflue urbane; non e' un punto di campionamento AMR."}},{"type":"Feature","geometry":{"type":"Point","coordinates":[9.979051831809375,45.29496481655172]},"properties":{"name":"Bordolano","province":"CR","municipality_code":"19007","survey_year":"2017","source_owner":"Regione Lombardia","context_note":"Posizione cartografica di un impianto di trattamento delle acque reflue urbane; non e' un punto di campionamento AMR."}},{"type":"Feature","geometry":{"type":"Point","coordinates":[9.520383413153402,45.30524002385189]},"properties":{"name":"Lodi","province":"LO","municipality_code":"98031","survey_year":"2017","source_owner":"Regione Lombardia","context_note":"Posizione cartografica di un impianto di trattamento delle acque reflue urbane; non e' un punto di campionamento AMR."}},{"type":"Feature","geometry":{"type":"Point","coordinates":[9.592499386186661,45.31103653711006]},"properties":{"name":"Abbadia Cerreto","province":"LO","municipality_code":"98001","survey_year":"2017","source_owner":"Regione Lombardia","context_note":"Posizione cartografica di un impianto di trattamento delle acque reflue urbane; non e' un punto di campionamento AMR."}},{"type":"Feature","geometry":{"type":"Point","coordinates":[9.937565384102163,45.308869321571464]},"properties":{"name":"Castelvisconti","province":"CR","municipality_code":"19027","survey_year":"2017","source_owner":"Regione Lombardia","context_note":"Posizione cartografica di un impianto di trattamento delle acque reflue urbane; non e' un punto di campionamento AMR."}},{"type":"Feature","geometry":{"type":"Point","coordinates":[9.561917346841906,45.31191121172932]},"properties":{"name":"Corte Palasio","province":"LO","municipality_code":"98024","survey_year":"2017","source_owner":"Regione Lombardia","context_note":"Posizione cartografica di un impianto di trattamento delle acque reflue urbane; non e' un punto di campionamento AMR."}},{"type":"Feature","geometry":{"type":"Point","coordinates":[10.198327316694286,45.30864261078316]},"properties":{"name":"Cigole","province":"BS","municipality_code":"17053","survey_year":"2017","source_owner":"Regione Lombardia","context_note":"Posizione cartografica di un impianto di trattamento delle acque reflue urbane; non e' un punto di campionamento AMR."}},{"type":"Feature","geometry":{"type":"Point","coordinates":[9.948658936811892,45.3223337553044]},"properties":{"name":"Borgo S. Giacomo - Acqualunga","province":"BS","municipality_code":"17020","survey_year":"2017","source_owner":"Regione Lombardia","context_note":"Posizione cartografica di un impianto di trattamento delle acque reflue urbane; non e' un punto di campionamento AMR."}},{"type":"Feature","geometry":{"type":"Point","coordinates":[9.473160163333809,45.33241337824154]},"properties":{"name":"Montanaso Lombardo","province":"LO","municipality_code":"98040","survey_year":"2017","source_owner":"Regione Lombardia","context_note":"Posizione cartografica di un impianto di trattamento delle acque reflue urbane; non e' un punto di campionamento AMR."}},{"type":"Feature","geometry":{"type":"Point","coordinates":[9.882892836570603,45.330332260903944]},"properties":{"name":"Genivolta","province":"CR","municipality_code":"19047","survey_year":"2017","source_owner":"Regione Lombardia","context_note":"Posizione cartografica di un impianto di trattamento delle acque reflue urbane; non e' un punto di campionamento AMR."}},{"type":"Feature","geometry":{"type":"Point","coordinates":[9.693953701796953,45.34650663416244]},"properties":{"name":"Serio 1","province":"CR","municipality_code":"19035","survey_year":"2017","source_owner":"Regione Lombardia","context_note":"Posizione cartografica di un impianto di trattamento delle acque reflue urbane; non e' un punto di campionamento AMR."}},{"type":"Feature","geometry":{"type":"Point","coordinates":[9.337246071392316,45.35030418697503]},"properties":{"name":"MELEGNANO","province":"MI","municipality_code":"15140","survey_year":"2017","source_owner":"Regione Lombardia","context_note":"Posizione cartografica di un impianto di trattamento delle acque reflue urbane; non e' un punto di campionamento AMR."}},{"type":"Feature","geometry":{"type":"Point","coordinates":[9.491748897545046,45.35396502314106]},"properties":{"name":"Boffalora d'Adda","province":"LO","municipality_code":"98003","survey_year":"2017","source_owner":"Regione Lombardia","context_note":"Posizione cartografica di un impianto di trattamento delle acque reflue urbane; non e' un punto di campionamento AMR."}},{"type":"Feature","geometry":{"type":"Point","coordinates":[9.449001155717854,45.356436430709074]},"properties":{"name":"Galgagnano","province":"LO","municipality_code":"98027","survey_year":"2017","source_owner":"Regione Lombardia","context_note":"Posizione cartografica di un impianto di trattamento delle acque reflue urbane; non e' un punto di campionamento AMR."}},{"type":"Feature","geometry":{"type":"Point","coordinates":[9.34954821090944,45.377289291626404]},"properties":{"name":"DRESANO","province":"MI","municipality_code":"15244","survey_year":"2017","source_owner":"Regione Lombardia","context_note":"Posizione cartografica di un impianto di trattamento delle acque reflue urbane; non e' un punto di campionamento AMR."}},{"type":"Feature","geometry":{"type":"Point","coordinates":[9.308085045149117,45.3942774194879]},"properties":{"name":"S. GIULIANO M.SE EST","province":"MI","municipality_code":"15195","survey_year":"2017","source_owner":"Regione Lombardia","context_note":"Posizione cartografica di un impianto di trattamento delle acque reflue urbane; non e' un punto di campionamento AMR."}},{"type":"Feature","geometry":{"type":"Point","coordinates":[10.69571989522409,45.38455535717046]},"properties":{"name":"Monzambano","province":"MN","municipality_code":"20036","survey_year":"2017","source_owner":"Regione Lombardia","context_note":"Posizione cartografica di un impianto di trattamento delle acque reflue urbane; non e' un punto di campionamento AMR."}},{"type":"Feature","geometry":{"type":"Point","coordinates":[10.389016138574137,45.3996532956568]},"properties":{"name":"Montichiari","province":"BS","municipality_code":"17113","survey_year":"2017","source_owner":"Regione Lombardia","context_note":"Posizione cartografica di un impianto di trattamento delle acque reflue urbane; non e' un punto di campionamento AMR."}},{"type":"Feature","geometry":{"type":"Point","coordinates":[9.294601084662569,45.42119912940916]},"properties":{"name":"Peschiera Borromeo_L2","province":"MI","municipality_code":"15171","survey_year":"2017","source_owner":"Regione Lombardia","context_note":"Posizione cartografica di un impianto di trattamento delle acque reflue urbane; non e' un punto di campionamento AMR."}},{"type":"Feature","geometry":{"type":"Point","coordinates":[9.294601084662569,45.42119912940916]},"properties":{"name":"PESCHIERA BORROMEO_L1","province":"MI","municipality_code":"15171","survey_year":"2017","source_owner":"Regione Lombardia","context_note":"Posizione cartografica di un impianto di trattamento delle acque reflue urbane; non e' un punto di campionamento AMR."}},{"type":"Feature","geometry":{"type":"Point","coordinates":[9.70662289043369,45.422795480576774]},"properties":{"name":"Sergnano","province":"CR","municipality_code":"19094","survey_year":"2017","source_owner":"Regione Lombardia","context_note":"Posizione cartografica di un impianto di trattamento delle acque reflue urbane; non e' un punto di campionamento AMR."}},{"type":"Feature","geometry":{"type":"Point","coordinates":[9.715374165419727,45.42344309387739]},"properties":{"name":"Galbani","province":"CR","municipality_code":"19017","survey_year":"2017","source_owner":"Regione Lombardia","context_note":"Posizione cartografica di un impianto di trattamento delle acque reflue urbane; non e' un punto di campionamento AMR."}},{"type":"Feature","geometry":{"type":"Point","coordinates":[10.12157118025305,45.4209308587434]},"properties":{"name":"Dello - Corticelle","province":"BS","municipality_code":"17066","survey_year":"2017","source_owner":"Regione Lombardia","context_note":"Posizione cartografica di un impianto di trattamento delle acque reflue urbane; non e' un punto di campionamento AMR."}},{"type":"Feature","geometry":{"type":"Point","coordinates":[9.464841617206712,45.43859034020685]},"properties":{"name":"Comazzo","province":"LO","municipality_code":"98020","survey_year":"2017","source_owner":"Regione Lombardia","context_note":"Posizione cartografica di un impianto di trattamento delle acque reflue urbane; non e' un punto di campionamento AMR."}},{"type":"Feature","geometry":{"type":"Point","coordinates":[9.695644576858598,45.44994724924562]},"properties":{"name":"Sergnano - Trezzolasco","province":"CR","municipality_code":"19094","survey_year":"2017","source_owner":"Regione Lombardia","context_note":"Posizione cartografica di un impianto di trattamento delle acque reflue urbane; non e' un punto di campionamento AMR."}},{"type":"Feature","geometry":{"type":"Point","coordinates":[10.125824894956052,45.45293297182776]},"properties":{"name":"Capriano del Colle","province":"BS","municipality_code":"17037","survey_year":"2017","source_owner":"Regione Lombardia","context_note":"Posizione cartografica di un impianto di trattamento delle acque reflue urbane; non e' un punto di campionamento AMR."}},{"type":"Feature","geometry":{"type":"Point","coordinates":[9.695963729640098,45.46236681286371]},"properties":{"name":"Mozzanica","province":"BG","municipality_code":"16142","survey_year":"2017","source_owner":"Regione Lombardia","context_note":"Posizione cartografica di un impianto di trattamento delle acque reflue urbane; non e' un punto di campionamento AMR."}},{"type":"Feature","geometry":{"type":"Point","coordinates":[9.503549451627668,45.463737419716864]},"properties":{"name":"Rivolta d'Adda","province":"CR","municipality_code":"19084","survey_year":"2017","source_owner":"Regione Lombardia","context_note":"Posizione cartografica di un impianto di trattamento delle acque reflue urbane; non e' un punto di campionamento AMR."}},{"type":"Feature","geometry":{"type":"Point","coordinates":[10.39260308489139,45.45718105241197]},"properties":{"name":"Calcinato - Calcinatello","province":"BS","municipality_code":"17032","survey_year":"2017","source_owner":"Regione Lombardia","context_note":"Posizione cartografica di un impianto di trattamento delle acque reflue urbane; non e' un punto di campionamento AMR."}},{"type":"Feature","geometry":{"type":"Point","coordinates":[10.12446398409424,45.46424276461908]},"properties":{"name":"Capriano del Colle - Via Dalla Chiesa","province":"BS","municipality_code":"17037","survey_year":"2017","source_owner":"Regione Lombardia","context_note":"Posizione cartografica di un impianto di trattamento delle acque reflue urbane; non e' un punto di campionamento AMR."}},{"type":"Feature","geometry":{"type":"Point","coordinates":[10.120442419279863,45.4704390655761]},"properties":{"name":"Capriano del Colle - Fenili Belasi","province":"BS","municipality_code":"17037","survey_year":"2017","source_owner":"Regione Lombardia","context_note":"Posizione cartografica di un impianto di trattamento delle acque reflue urbane; non e' un punto di campionamento AMR."}},{"type":"Feature","geometry":{"type":"Point","coordinates":[9.432147584316512,45.47567050524784]},"properties":{"name":"TRUCCAZZANO","province":"MI","municipality_code":"15224","survey_year":"2017","source_owner":"Regione Lombardia","context_note":"Posizione cartografica di un impianto di trattamento delle acque reflue urbane; non e' un punto di campionamento AMR."}},{"type":"Feature","geometry":{"type":"Point","coordinates":[9.872528783284173,45.47776132917138]},"properties":{"name":"Pumenengo - Peschiera","province":"BG","municipality_code":"16177","survey_year":"2017","source_owner":"Regione Lombardia","context_note":"Posizione cartografica di un impianto di trattamento delle acque reflue urbane; non e' un punto di campionamento AMR."}},{"type":"Feature","geometry":{"type":"Point","coordinates":[10.40345586003015,45.47394321884448]},"properties":{"name":"Calcinato - Ponte S. Marco","province":"BS","municipality_code":"17032","survey_year":"2017","source_owner":"Regione Lombardia","context_note":"Posizione cartografica di un impianto di trattamento delle acque reflue urbane; non e' un punto di campionamento AMR."}},{"type":"Feature","geometry":{"type":"Point","coordinates":[10.142582753287892,45.47784340690917]},"properties":{"name":"Capriano del Colle - Zona P.I.P.","province":"BS","municipality_code":"17037","survey_year":"2017","source_owner":"Regione Lombardia","context_note":"Posizione cartografica di un impianto di trattamento delle acque reflue urbane; non e' un punto di campionamento AMR."}},{"type":"Feature","geometry":{"type":"Point","coordinates":[9.881127153466155,45.48351898763763]},"properties":{"name":"Rudiano - Nuovo","province":"BS","municipality_code":"17167","survey_year":"2017","source_owner":"Regione Lombardia","context_note":"Posizione cartografica di un impianto di trattamento delle acque reflue urbane; non e' un punto di campionamento AMR."}},{"type":"Feature","geometry":{"type":"Point","coordinates":[10.116357082631959,45.486401988834466]},"properties":{"name":"Torbole Casaglia - Intercomunale","province":"BS","municipality_code":"17186","survey_year":"2017","source_owner":"Regione Lombardia","context_note":"Posizione cartografica di un impianto di trattamento delle acque reflue urbane; non e' un punto di campionamento AMR."}},{"type":"Feature","geometry":{"type":"Point","coordinates":[9.858475016186278,45.505194917604214]},"properties":{"name":"Calcio","province":"BG","municipality_code":"16044","survey_year":"2017","source_owner":"Regione Lombardia","context_note":"Posizione cartografica di un impianto di trattamento delle acque reflue urbane; non e' un punto di campionamento AMR."}},{"type":"Feature","geometry":{"type":"Point","coordinates":[8.727539016374624,45.51994615941192]},"properties":{"name":"TURBIGO","province":"MI","municipality_code":"15226","survey_year":"2017","source_owner":"Regione Lombardia","context_note":"Posizione cartografica di un impianto di trattamento delle acque reflue urbane; non e' un punto di campionamento AMR."}},{"type":"Feature","geometry":{"type":"Point","coordinates":[9.258022986897174,45.521720668513844]},"properties":{"name":"SESTO S. GIOVANNI","province":"MI","municipality_code":"15209","survey_year":"2017","source_owner":"Regione Lombardia","context_note":"Posizione cartografica di un impianto di trattamento delle acque reflue urbane; non e' un punto di campionamento AMR."}},{"type":"Feature","geometry":{"type":"Point","coordinates":[9.196273826624799,45.52535370791593]},"properties":{"name":"BRESSO - SEVESO SUD","province":"MI","municipality_code":"15146","survey_year":"2017","source_owner":"Regione Lombardia","context_note":"Posizione cartografica di un impianto di trattamento delle acque reflue urbane; non e' un punto di campionamento AMR."}},{"type":"Feature","geometry":{"type":"Point","coordinates":[10.437796691938418,45.53533485856755]},"properties":{"name":"Calvagese della Riviera - Mocasina","province":"BS","municipality_code":"17033","survey_year":"2017","source_owner":"Regione Lombardia","context_note":"Posizione cartografica di un impianto di trattamento delle acque reflue urbane; non e' un punto di campionamento AMR."}},{"type":"Feature","geometry":{"type":"Point","coordinates":[9.835086219552924,45.55009386380836]},"properties":{"name":"Cividate al Piano","province":"BG","municipality_code":"16076","survey_year":"2017","source_owner":"Regione Lombardia","context_note":"Posizione cartografica di un impianto di trattamento delle acque reflue urbane; non e' un punto di campionamento AMR."}},{"type":"Feature","geometry":{"type":"Point","coordinates":[9.272055516884956,45.55984458110595]},"properties":{"name":"MONZA (San Rocco)","province":"MB","municipality_code":"108012","survey_year":"2017","source_owner":"Regione Lombardia","context_note":"Posizione cartografica di un impianto di trattamento delle acque reflue urbane; non e' un punto di campionamento AMR."}},{"type":"Feature","geometry":{"type":"Point","coordinates":[8.964335203212986,45.561200118170525]},"properties":{"name":"PARABIAGO - CERRO MAGGIORE","province":"MI","municipality_code":"15154","survey_year":"2017","source_owner":"Regione Lombardia","context_note":"Posizione cartografica di un impianto di trattamento delle acque reflue urbane; non e' un punto di campionamento AMR."}},{"type":"Feature","geometry":{"type":"Point","coordinates":[9.854896193536607,45.5638716194334]},"properties":{"name":"Pontoglio","province":"BS","municipality_code":"17150","survey_year":"2017","source_owner":"Regione Lombardia","context_note":"Posizione cartografica di un impianto di trattamento delle acque reflue urbane; non e' un punto di campionamento AMR."}},{"type":"Feature","geometry":{"type":"Point","coordinates":[8.761275554388234,45.5764215936599]},"properties":{"name":"Lonate Pozzolo","province":"VA","municipality_code":"12090","survey_year":"2017","source_owner":"Regione Lombardia","context_note":"Posizione cartografica di un impianto di trattamento delle acque reflue urbane; non e' un punto di campionamento AMR."}},{"type":"Feature","geometry":{"type":"Point","coordinates":[9.831918523219215,45.58371716046281]},"properties":{"name":"Palosco","province":"BG","municipality_code":"16157","survey_year":"2017","source_owner":"Regione Lombardia","context_note":"Posizione cartografica di un impianto di trattamento delle acque reflue urbane; non e' un punto di campionamento AMR."}},{"type":"Feature","geometry":{"type":"Point","coordinates":[10.439859116699077,45.577955229785886]},"properties":{"name":"Gavardo","province":"BS","municipality_code":"17077","survey_year":"2017","source_owner":"Regione Lombardia","context_note":"Posizione cartografica di un impianto di trattamento delle acque reflue urbane; non e' un punto di campionamento AMR."}},{"type":"Feature","geometry":{"type":"Point","coordinates":[10.270090488883946,45.58013267137276]},"properties":{"name":"Nave","province":"BS","municipality_code":"17117","survey_year":"2017","source_owner":"Regione Lombardia","context_note":"Posizione cartografica di un impianto di trattamento delle acque reflue urbane; non e' un punto di campionamento AMR."}},{"type":"Feature","geometry":{"type":"Point","coordinates":[10.269101288506285,45.58060272211788]},"properties":{"name":"Nave - Zona P.I.P.","province":"BS","municipality_code":"17117","survey_year":"2017","source_owner":"Regione Lombardia","context_note":"Posizione cartografica di un impianto di trattamento delle acque reflue urbane; non e' un punto di campionamento AMR."}},{"type":"Feature","geometry":{"type":"Point","coordinates":[10.310801064451352,45.603830678255214]},"properties":{"name":"Caino","province":"BS","municipality_code":"17031","survey_year":"2017","source_owner":"Regione Lombardia","context_note":"Posizione cartografica di un impianto di trattamento delle acque reflue urbane; non e' un punto di campionamento AMR."}},{"type":"Feature","geometry":{"type":"Point","coordinates":[8.895057390046583,45.625298890050516]},"properties":{"name":"Olgiate Olona","province":"VA","municipality_code":"12108","survey_year":"2017","source_owner":"Regione Lombardia","context_note":"Posizione cartografica di un impianto di trattamento delle acque reflue urbane; non e' un punto di campionamento AMR."}},{"type":"Feature","geometry":{"type":"Point","coordinates":[9.813891045908896,45.626870715481225]},"properties":{"name":"Bolgare","province":"BG","municipality_code":"16028","survey_year":"2017","source_owner":"Regione Lombardia","context_note":"Posizione cartografica di un impianto di trattamento delle acque reflue urbane; non e' un punto di campionamento AMR."}},{"type":"Feature","geometry":{"type":"Point","coordinates":[9.90381298752004,45.631261797718345]},"properties":{"name":"Castelli Calepio - Tagliuno","province":"BS","municipality_code":"17038","survey_year":"2017","source_owner":"Regione Lombardia","context_note":"Posizione cartografica di un impianto di trattamento delle acque reflue urbane; non e' un punto di campionamento AMR."}},{"type":"Feature","geometry":{"type":"Point","coordinates":[10.498776440477236,45.628312475338554]},"properties":{"name":"Vobarno - Pompegnino","province":"BS","municipality_code":"17204","survey_year":"2017","source_owner":"Regione Lombardia","context_note":"Posizione cartografica di un impianto di trattamento delle acque reflue urbane; non e' un punto di campionamento AMR."}},{"type":"Feature","geometry":{"type":"Point","coordinates":[9.734058942124452,45.64848259301559]},"properties":{"name":"Grassobbio","province":"BG","municipality_code":"16117","survey_year":"2017","source_owner":"Regione Lombardia","context_note":"Posizione cartografica di un impianto di trattamento delle acque reflue urbane; non e' un punto di campionamento AMR."}},{"type":"Feature","geometry":{"type":"Point","coordinates":[10.504417369858682,45.64206344103565]},"properties":{"name":"Vobarno - Macello","province":"BS","municipality_code":"17204","survey_year":"2017","source_owner":"Regione Lombardia","context_note":"Posizione cartografica di un impianto di trattamento delle acque reflue urbane; non e' un punto di campionamento AMR."}},{"type":"Feature","geometry":{"type":"Point","coordinates":[9.91653047301011,45.65035893283903]},"properties":{"name":"Castelli Calepio - Castel dei Conti","province":"BS","municipality_code":"17038","survey_year":"2017","source_owner":"Regione Lombardia","context_note":"Posizione cartografica di un impianto di trattamento delle acque reflue urbane; non e' un punto di campionamento AMR."}},{"type":"Feature","geometry":{"type":"Point","coordinates":[10.504639770055778,45.64461672420681]},"properties":{"name":"Vobarno - Isolabella","province":"BS","municipality_code":"17204","survey_year":"2017","source_owner":"Regione Lombardia","context_note":"Posizione cartografica di un impianto di trattamento delle acque reflue urbane; non e' un punto di campionamento AMR."}},{"type":"Feature","geometry":{"type":"Point","coordinates":[8.67246660967166,45.66251956926519]},"properties":{"name":"Somma Lombardo Loc. Maddalena","province":"VA","municipality_code":"12123","survey_year":"2017","source_owner":"Regione Lombardia","context_note":"Posizione cartografica di un impianto di trattamento delle acque reflue urbane; non e' un punto di campionamento AMR."}},{"type":"Feature","geometry":{"type":"Point","coordinates":[9.843420766584567,45.68147956889288]},"properties":{"name":"Trescore Balneario","province":"BG","municipality_code":"16218","survey_year":"2017","source_owner":"Regione Lombardia","context_note":"Posizione cartografica di un impianto di trattamento delle acque reflue urbane; non e' un punto di campionamento AMR."}},{"type":"Feature","geometry":{"type":"Point","coordinates":[8.879585026741502,45.68630928969334]},"properties":{"name":"Cairate","province":"VA","municipality_code":"12029","survey_year":"2017","source_owner":"Regione Lombardia","context_note":"Posizione cartografica di un impianto di trattamento delle acque reflue urbane; non e' un punto di campionamento AMR."}},{"type":"Feature","geometry":{"type":"Point","coordinates":[9.725911484132638,45.71510348209214]},"properties":{"name":"Ranica","province":"BG","municipality_code":"16178","survey_year":"2017","source_owner":"Regione Lombardia","context_note":"Posizione cartografica di un impianto di trattamento delle acque reflue urbane; non e' un punto di campionamento AMR."}},{"type":"Feature","geometry":{"type":"Point","coordinates":[9.596709020248557,45.72019934658806]},"properties":{"name":"Valbrembo","province":"BG","municipality_code":"16224","survey_year":"2017","source_owner":"Regione Lombardia","context_note":"Posizione cartografica di un impianto di trattamento delle acque reflue urbane; non e' un punto di campionamento AMR."}},{"type":"Feature","geometry":{"type":"Point","coordinates":[8.86912077701476,45.72419987512262]},"properties":{"name":"Gornate Olona","province":"VA","municipality_code":"12080","survey_year":"2017","source_owner":"Regione Lombardia","context_note":"Posizione cartografica di un impianto di trattamento delle acque reflue urbane; non e' un punto di campionamento AMR."}},{"type":"Feature","geometry":{"type":"Point","coordinates":[9.445996061721146,45.7299423175483]},"properties":{"name":"Calco - Toffo","province":"LC","municipality_code":"97012","survey_year":"2017","source_owner":"Regione Lombardia","context_note":"Posizione cartografica di un impianto di trattamento delle acque reflue urbane; non e' un punto di campionamento AMR."}},{"type":"Feature","geometry":{"type":"Point","coordinates":[9.251183711681724,45.74659597684603]},"properties":{"name":"Nibionno","province":"LC","municipality_code":"97056","survey_year":"2017","source_owner":"Regione Lombardia","context_note":"Posizione cartografica di un impianto di trattamento delle acque reflue urbane; non e' un punto di campionamento AMR."}},{"type":"Feature","geometry":{"type":"Point","coordinates":[9.460192080117983,45.74804012942935]},"properties":{"name":"Cisano Bergamasco  - Colombera","province":"BG","municipality_code":"16074","survey_year":"2017","source_owner":"Regione Lombardia","context_note":"Posizione cartografica di un impianto di trattamento delle acque reflue urbane; non e' un punto di campionamento AMR."}},{"type":"Feature","geometry":{"type":"Point","coordinates":[9.608749220996236,45.76507556954541]},"properties":{"name":"Villa d'Almè - Campana","province":"BG","municipality_code":"16239","survey_year":"2017","source_owner":"Regione Lombardia","context_note":"Posizione cartografica di un impianto di trattamento delle acque reflue urbane; non e' un punto di campionamento AMR."}},{"type":"Feature","geometry":{"type":"Point","coordinates":[9.435187603209524,45.7860486488562]},"properties":{"name":"Calolziocorte","province":"LC","municipality_code":"97013","survey_year":"2017","source_owner":"Regione Lombardia","context_note":"Posizione cartografica di un impianto di trattamento delle acque reflue urbane; non e' un punto di campionamento AMR."}},{"type":"Feature","geometry":{"type":"Point","coordinates":[9.642983400888165,45.78641669569207]},"properties":{"name":"Sedrina - Cachinaglio","province":"BG","municipality_code":"16196","survey_year":"2017","source_owner":"Regione Lombardia","context_note":"Posizione cartografica di un impianto di trattamento delle acque reflue urbane; non e' un punto di campionamento AMR."}},{"type":"Feature","geometry":{"type":"Point","coordinates":[9.64610808399322,45.787562192500936]},"properties":{"name":"Sedrina - Pratomano","province":"BG","municipality_code":"16246","survey_year":"2017","source_owner":"Regione Lombardia","context_note":"Posizione cartografica di un impianto di trattamento delle acque reflue urbane; non e' un punto di campionamento AMR."}},{"type":"Feature","geometry":{"type":"Point","coordinates":[9.643570952743813,45.78824087723277]},"properties":{"name":"Zogno","province":"BG","municipality_code":"16246","survey_year":"2017","source_owner":"Regione Lombardia","context_note":"Posizione cartografica di un impianto di trattamento delle acque reflue urbane; non e' un punto di campionamento AMR."}},{"type":"Feature","geometry":{"type":"Point","coordinates":[8.858453927703744,45.811502062910336]},"properties":{"name":"Varese Olona","province":"VA","municipality_code":"12133","survey_year":"2017","source_owner":"Regione Lombardia","context_note":"Posizione cartografica di un impianto di trattamento delle acque reflue urbane; non e' un punto di campionamento AMR."}},{"type":"Feature","geometry":{"type":"Point","coordinates":[10.099722594449617,45.816044791822684]},"properties":{"name":"Costa Volpino","province":"BG","municipality_code":"16086","survey_year":"2017","source_owner":"Regione Lombardia","context_note":"Posizione cartografica di un impianto di trattamento delle acque reflue urbane; non e' un punto di campionamento AMR."}},{"type":"Feature","geometry":{"type":"Point","coordinates":[9.88051508803127,45.85601711628627]},"properties":{"name":"Ponte Nossa","province":"BG","municipality_code":"16168","survey_year":"2017","source_owner":"Regione Lombardia","context_note":"Posizione cartografica di un impianto di trattamento delle acque reflue urbane; non e' un punto di campionamento AMR."}},{"type":"Feature","geometry":{"type":"Point","coordinates":[9.658743021581891,45.86374011177493]},"properties":{"name":"S. Giovanni Bianco - Piazzalunga","province":"BG","municipality_code":"16188","survey_year":"2017","source_owner":"Regione Lombardia","context_note":"Posizione cartografica di un impianto di trattamento delle acque reflue urbane; non e' un punto di campionamento AMR."}},{"type":"Feature","geometry":{"type":"Point","coordinates":[10.192434702391436,45.887131230698515]},"properties":{"name":"Darfo Boario Terme - Via Manifattura","province":"BS","municipality_code":"17065","survey_year":"2017","source_owner":"Regione Lombardia","context_note":"Posizione cartografica di un impianto di trattamento delle acque reflue urbane; non e' un punto di campionamento AMR."}},{"type":"Feature","geometry":{"type":"Point","coordinates":[9.6566720109703,45.895658396377875]},"properties":{"name":"Camerata Cornello","province":"BG","municipality_code":"16048","survey_year":"2017","source_owner":"Regione Lombardia","context_note":"Posizione cartografica di un impianto di trattamento delle acque reflue urbane; non e' un punto di campionamento AMR."}},{"type":"Feature","geometry":{"type":"Point","coordinates":[9.668470684176684,45.92709106318549]},"properties":{"name":"Lenna - Scalvino Basso","province":"BG","municipality_code":"16125","survey_year":"2017","source_owner":"Regione Lombardia","context_note":"Posizione cartografica di un impianto di trattamento delle acque reflue urbane; non e' un punto di campionamento AMR."}},{"type":"Feature","geometry":{"type":"Point","coordinates":[10.237634617228172,45.924637057530454]},"properties":{"name":"Esine","province":"BS","municipality_code":"17070","survey_year":"2017","source_owner":"Regione Lombardia","context_note":"Posizione cartografica di un impianto di trattamento delle acque reflue urbane; non e' un punto di campionamento AMR."}},{"type":"Feature","geometry":{"type":"Point","coordinates":[9.667970144846404,45.93158513632725]},"properties":{"name":"Lenna - Scalvino Alto","province":"BG","municipality_code":"16125","survey_year":"2017","source_owner":"Regione Lombardia","context_note":"Posizione cartografica di un impianto di trattamento delle acque reflue urbane; non e' un punto di campionamento AMR."}},{"type":"Feature","geometry":{"type":"Point","coordinates":[9.667320698307357,45.934647490868315]},"properties":{"name":"Lenna - Ponte delle Capre","province":"BG","municipality_code":"16125","survey_year":"2017","source_owner":"Regione Lombardia","context_note":"Posizione cartografica di un impianto di trattamento delle acque reflue urbane; non e' un punto di campionamento AMR."}},{"type":"Feature","geometry":{"type":"Point","coordinates":[9.668812497528732,45.93512631497715]},"properties":{"name":"Lenna - Cornamena","province":"BG","municipality_code":"16125","survey_year":"2017","source_owner":"Regione Lombardia","context_note":"Posizione cartografica di un impianto di trattamento delle acque reflue urbane; non e' un punto di campionamento AMR."}},{"type":"Feature","geometry":{"type":"Point","coordinates":[9.670446122463398,45.93795182003284]},"properties":{"name":"Lenna - Gozzi","province":"BG","municipality_code":"16125","survey_year":"2017","source_owner":"Regione Lombardia","context_note":"Posizione cartografica di un impianto di trattamento delle acque reflue urbane; non e' un punto di campionamento AMR."}},{"type":"Feature","geometry":{"type":"Point","coordinates":[9.671600611074181,45.9395470823924]},"properties":{"name":"Lenna - Fucine","province":"BG","municipality_code":"16125","survey_year":"2017","source_owner":"Regione Lombardia","context_note":"Posizione cartografica di un impianto di trattamento delle acque reflue urbane; non e' un punto di campionamento AMR."}},{"type":"Feature","geometry":{"type":"Point","coordinates":[9.675517002407238,45.94017199468364]},"properties":{"name":"Lenna","province":"BG","municipality_code":"16125","survey_year":"2017","source_owner":"Regione Lombardia","context_note":"Posizione cartografica di un impianto di trattamento delle acque reflue urbane; non e' un punto di campionamento AMR."}},{"type":"Feature","geometry":{"type":"Point","coordinates":[10.344008482824998,46.01959368661398]},"properties":{"name":"Ceto - Campagnelli","province":"BS","municipality_code":"17050","survey_year":"2017","source_owner":"Regione Lombardia","context_note":"Posizione cartografica di un impianto di trattamento delle acque reflue urbane; non e' un punto di campionamento AMR."}},{"type":"Feature","geometry":{"type":"Point","coordinates":[10.342478296427371,46.031095977817245]},"properties":{"name":"Capo di Ponte - Capoluogo","province":"BS","municipality_code":"17035","survey_year":"2017","source_owner":"Regione Lombardia","context_note":"Posizione cartografica di un impianto di trattamento delle acque reflue urbane; non e' un punto di campionamento AMR."}},{"type":"Feature","geometry":{"type":"Point","coordinates":[10.345580308302752,46.03591956861429]},"properties":{"name":"Capo di Ponte - S. Rocco","province":"BS","municipality_code":"17035","survey_year":"2017","source_owner":"Regione Lombardia","context_note":"Posizione cartografica di un impianto di trattamento delle acque reflue urbane; non e' un punto di campionamento AMR."}},{"type":"Feature","geometry":{"type":"Point","coordinates":[10.3264173897026,46.084884859463635]},"properties":{"name":"Berzo Demo - Forno Allione 2","province":"BS","municipality_code":"17016","survey_year":"2017","source_owner":"Regione Lombardia","context_note":"Posizione cartografica di un impianto di trattamento delle acque reflue urbane; non e' un punto di campionamento AMR."}},{"type":"Feature","geometry":{"type":"Point","coordinates":[10.33228322840691,46.085698656475365]},"properties":{"name":"Berzo Demo - Saletto","province":"BS","municipality_code":"17016","survey_year":"2017","source_owner":"Regione Lombardia","context_note":"Posizione cartografica di un impianto di trattamento delle acque reflue urbane; non e' un punto di campionamento AMR."}},{"type":"Feature","geometry":{"type":"Point","coordinates":[10.31801305053647,46.08902706551585]},"properties":{"name":"Berzo Demo - Forno Allione","province":"BS","municipality_code":"17016","survey_year":"2017","source_owner":"Regione Lombardia","context_note":"Posizione cartografica di un impianto di trattamento delle acque reflue urbane; non e' un punto di campionamento AMR."}},{"type":"Feature","geometry":{"type":"Point","coordinates":[9.44983036421313,46.1411060204251]},"properties":{"name":"Delebio","province":"SO","municipality_code":"14026","survey_year":"2017","source_owner":"Regione Lombardia","context_note":"Posizione cartografica di un impianto di trattamento delle acque reflue urbane; non e' un punto di campionamento AMR."}},{"type":"Feature","geometry":{"type":"Point","coordinates":[9.558474802168845,46.1440815692325]},"properties":{"name":"Morbegno","province":"SO","municipality_code":"14045","survey_year":"2017","source_owner":"Regione Lombardia","context_note":"Posizione cartografica di un impianto di trattamento delle acque reflue urbane; non e' un punto di campionamento AMR."}},{"type":"Feature","geometry":{"type":"Point","coordinates":[9.426463380316802,46.14482284898942]},"properties":{"name":"Piantedo","province":"SO","municipality_code":"14048","survey_year":"2017","source_owner":"Regione Lombardia","context_note":"Posizione cartografica di un impianto di trattamento delle acque reflue urbane; non e' un punto di campionamento AMR."}},{"type":"Feature","geometry":{"type":"Point","coordinates":[9.481204427734566,46.145891880523315]},"properties":{"name":"Rogolo","province":"SO","municipality_code":"14056","survey_year":"2017","source_owner":"Regione Lombardia","context_note":"Posizione cartografica di un impianto di trattamento delle acque reflue urbane; non e' un punto di campionamento AMR."}},{"type":"Feature","geometry":{"type":"Point","coordinates":[9.415276698620849,46.148329161176854]},"properties":{"name":"Gera Lario - S. Agata","province":"CO","municipality_code":"13107","survey_year":"2017","source_owner":"Regione Lombardia","context_note":"Posizione cartografica di un impianto di trattamento delle acque reflue urbane; non e' un punto di campionamento AMR."}},{"type":"Feature","geometry":{"type":"Point","coordinates":[9.789613123550977,46.15337259292417]},"properties":{"name":"Caiolo - Palù","province":"SO","municipality_code":"14011","survey_year":"2017","source_owner":"Regione Lombardia","context_note":"Posizione cartografica di un impianto di trattamento delle acque reflue urbane; non e' un punto di campionamento AMR."}},{"type":"Feature","geometry":{"type":"Point","coordinates":[9.649497123587055,46.15932259529488]},"properties":{"name":"Ardenno","province":"SO","municipality_code":"14005","survey_year":"2017","source_owner":"Regione Lombardia","context_note":"Posizione cartografica di un impianto di trattamento delle acque reflue urbane; non e' un punto di campionamento AMR."}},{"type":"Feature","geometry":{"type":"Point","coordinates":[9.793062368137237,46.15999065998864]},"properties":{"name":"Castione Andevenno","province":"SO","municipality_code":"14015","survey_year":"2017","source_owner":"Regione Lombardia","context_note":"Posizione cartografica di un impianto di trattamento delle acque reflue urbane; non e' un punto di campionamento AMR."}},{"type":"Feature","geometry":{"type":"Point","coordinates":[9.816998153056714,46.160046959355164]},"properties":{"name":"Caiolo - Centro","province":"SO","municipality_code":"14011","survey_year":"2017","source_owner":"Regione Lombardia","context_note":"Posizione cartografica di un impianto di trattamento delle acque reflue urbane; non e' un punto di campionamento AMR."}},{"type":"Feature","geometry":{"type":"Point","coordinates":[9.800201879952736,46.160201864175]},"properties":{"name":"Caiolo - Bachet","province":"SO","municipality_code":"14011","survey_year":"2017","source_owner":"Regione Lombardia","context_note":"Posizione cartografica di un impianto di trattamento delle acque reflue urbane; non e' un punto di campionamento AMR."}},{"type":"Feature","geometry":{"type":"Point","coordinates":[10.011308405119026,46.15969925134256]},"properties":{"name":"Teglio","province":"SO","municipality_code":"14065","survey_year":"2017","source_owner":"Regione Lombardia","context_note":"Posizione cartografica di un impianto di trattamento delle acque reflue urbane; non e' un punto di campionamento AMR."}},{"type":"Feature","geometry":{"type":"Point","coordinates":[9.83204806861723,46.161756348234725]},"properties":{"name":"Sondrio - Sassella","province":"SO","municipality_code":"14061","survey_year":"2017","source_owner":"Regione Lombardia","context_note":"Posizione cartografica di un impianto di trattamento delle acque reflue urbane; non e' un punto di campionamento AMR."}},{"type":"Feature","geometry":{"type":"Point","coordinates":[9.854384288030424,46.162176627482104]},"properties":{"name":"Sondrio","province":"SO","municipality_code":"14061","survey_year":"2017","source_owner":"Regione Lombardia","context_note":"Posizione cartografica di un impianto di trattamento delle acque reflue urbane; non e' un punto di campionamento AMR."}},{"type":"Feature","geometry":{"type":"Point","coordinates":[9.420222329304849,46.16519499471255]},"properties":{"name":"Sorico - Nigolo","province":"CO","municipality_code":"13216","survey_year":"2017","source_owner":"Regione Lombardia","context_note":"Posizione cartografica di un impianto di trattamento delle acque reflue urbane; non e' un punto di campionamento AMR."}},{"type":"Feature","geometry":{"type":"Point","coordinates":[9.988939175376172,46.16322493149984]},"properties":{"name":"Chiuro","province":"SO","municipality_code":"14020","survey_year":"2017","source_owner":"Regione Lombardia","context_note":"Posizione cartografica di un impianto di trattamento delle acque reflue urbane; non e' un punto di campionamento AMR."}},{"type":"Feature","geometry":{"type":"Point","coordinates":[9.42512382686336,46.169235805050405]},"properties":{"name":"Dubino - Nuova Olonio","province":"SO","municipality_code":"14027","survey_year":"2017","source_owner":"Regione Lombardia","context_note":"Posizione cartografica di un impianto di trattamento delle acque reflue urbane; non e' un punto di campionamento AMR."}},{"type":"Feature","geometry":{"type":"Point","coordinates":[9.383981851427109,46.17102887973402]},"properties":{"name":"Sorico","province":"CO","municipality_code":"13216","survey_year":"2017","source_owner":"Regione Lombardia","context_note":"Posizione cartografica di un impianto di trattamento delle acque reflue urbane; non e' un punto di campionamento AMR."}},{"type":"Feature","geometry":{"type":"Point","coordinates":[10.139577312470259,46.19587729627466]},"properties":{"name":"Villa di Tirano - San Bernardo","province":"SO","municipality_code":"14078","survey_year":"2017","source_owner":"Regione Lombardia","context_note":"Posizione cartografica di un impianto di trattamento delle acque reflue urbane; non e' un punto di campionamento AMR."}},{"type":"Feature","geometry":{"type":"Point","coordinates":[9.42165929955756,46.22594831672942]},"properties":{"name":"Samolaco","province":"SO","municipality_code":"14057","survey_year":"2017","source_owner":"Regione Lombardia","context_note":"Posizione cartografica di un impianto di trattamento delle acque reflue urbane; non e' un punto di campionamento AMR."}},{"type":"Feature","geometry":{"type":"Point","coordinates":[10.21872232186457,46.23210340666281]},"properties":{"name":"Lovero","province":"SO","municipality_code":"14038","survey_year":"2017","source_owner":"Regione Lombardia","context_note":"Posizione cartografica di un impianto di trattamento delle acque reflue urbane; non e' un punto di campionamento AMR."}},{"type":"Feature","geometry":{"type":"Point","coordinates":[9.384362740857652,46.26998166703604]},"properties":{"name":"Gordona - Area Ind.le","province":"SO","municipality_code":"14032","survey_year":"2017","source_owner":"Regione Lombardia","context_note":"Posizione cartografica di un impianto di trattamento delle acque reflue urbane; non e' un punto di campionamento AMR."}},{"type":"Feature","geometry":{"type":"Point","coordinates":[9.378846140475728,46.299852593610844]},"properties":{"name":"Mese","province":"SO","municipality_code":"14043","survey_year":"2017","source_owner":"Regione Lombardia","context_note":"Posizione cartografica di un impianto di trattamento delle acque reflue urbane; non e' un punto di campionamento AMR."}},{"type":"Feature","geometry":{"type":"Point","coordinates":[10.355628143382253,46.366016620411905]},"properties":{"name":"Sondalo - Verzedo","province":"SO","municipality_code":"14060","survey_year":"2017","source_owner":"Regione Lombardia","context_note":"Posizione cartografica di un impianto di trattamento delle acque reflue urbane; non e' un punto di campionamento AMR."}},{"type":"Feature","geometry":{"type":"Point","coordinates":[9.238394047353314,44.76865312434877]},"properties":{"name":"S. Margherita di Staffora - Casanova di sinistra","province":"PV","municipality_code":"18142","survey_year":"2017","source_owner":"Regione Lombardia","context_note":"Posizione cartografica di un impianto di trattamento delle acque reflue urbane; non e' un punto di campionamento AMR."}},{"type":"Feature","geometry":{"type":"Point","coordinates":[9.239814171050273,44.77249582121984]},"properties":{"name":"S. Margherita di Staffora - Casanova di destra","province":"PV","municipality_code":"18142","survey_year":"2017","source_owner":"Regione Lombardia","context_note":"Posizione cartografica di un impianto di trattamento delle acque reflue urbane; non e' un punto di campionamento AMR."}},{"type":"Feature","geometry":{"type":"Point","coordinates":[9.227795860416553,44.791803137270485]},"properties":{"name":"Varzi - Casa Rampolla Nord","province":"PV","municipality_code":"18171","survey_year":"2017","source_owner":"Regione Lombardia","context_note":"Posizione cartografica di un impianto di trattamento delle acque reflue urbane; non e' un punto di campionamento AMR."}},{"type":"Feature","geometry":{"type":"Point","coordinates":[9.23744271696264,44.80345627853641]},"properties":{"name":"Menconico - Molino S. Pietro - Casasco - Canova - Giarola","province":"PV","municipality_code":"18089","survey_year":"2017","source_owner":"Regione Lombardia","context_note":"Posizione cartografica di un impianto di trattamento delle acque reflue urbane; non e' un punto di campionamento AMR."}},{"type":"Feature","geometry":{"type":"Point","coordinates":[9.22670602189811,44.80401224394796]},"properties":{"name":"Varzi - S. Martino Sud","province":"PV","municipality_code":"18171","survey_year":"2017","source_owner":"Regione Lombardia","context_note":"Posizione cartografica di un impianto di trattamento delle acque reflue urbane; non e' un punto di campionamento AMR."}},{"type":"Feature","geometry":{"type":"Point","coordinates":[9.218608145328893,44.8093123151428]},"properties":{"name":"Varzi - Casa Boriani","province":"PV","municipality_code":"18171","survey_year":"2017","source_owner":"Regione Lombardia","context_note":"Posizione cartografica di un impianto di trattamento delle acque reflue urbane; non e' un punto di campionamento AMR."}},{"type":"Feature","geometry":{"type":"Point","coordinates":[9.213223433583105,44.81340047637801]},"properties":{"name":"Varzi - Ranzi","province":"PV","municipality_code":"18171","survey_year":"2017","source_owner":"Regione Lombardia","context_note":"Posizione cartografica di un impianto di trattamento delle acque reflue urbane; non e' un punto di campionamento AMR."}},{"type":"Feature","geometry":{"type":"Point","coordinates":[9.103197641829876,44.84197248881703]},"properties":{"name":"Ponte Nizza - S. Ponzo Semola","province":"PV","municipality_code":"18117","survey_year":"2017","source_owner":"Regione Lombardia","context_note":"Posizione cartografica di un impianto di trattamento delle acque reflue urbane; non e' un punto di campionamento AMR."}},{"type":"Feature","geometry":{"type":"Point","coordinates":[9.085470895472284,44.853081835523604]},"properties":{"name":"Cecima - Capoluogo Est","province":"PV","municipality_code":"18042","survey_year":"2017","source_owner":"Regione Lombardia","context_note":"Posizione cartografica di un impianto di trattamento delle acque reflue urbane; non e' un punto di campionamento AMR."}},{"type":"Feature","geometry":{"type":"Point","coordinates":[9.251973674727006,44.86872574878863]},"properties":{"name":"Valverde - Sabbioni","province":"PV","municipality_code":"18193","survey_year":"2017","source_owner":"Regione Lombardia","context_note":"Posizione cartografica di un impianto di trattamento delle acque reflue urbane; non e' un punto di campionamento AMR."}},{"type":"Feature","geometry":{"type":"Point","coordinates":[9.055025236386042,44.8935968405308]},"properties":{"name":"Godiasco - Impianto Sportivo","province":"PV","municipality_code":"18073","survey_year":"2017","source_owner":"Regione Lombardia","context_note":"Posizione cartografica di un impianto di trattamento delle acque reflue urbane; non e' un punto di campionamento AMR."}},{"type":"Feature","geometry":{"type":"Point","coordinates":[9.101854658435235,44.8987497823754]},"properties":{"name":"Montesegale - Molino della Monta'","province":"PV","municipality_code":"18098","survey_year":"2017","source_owner":"Regione Lombardia","context_note":"Posizione cartografica di un impianto di trattamento delle acque reflue urbane; non e' un punto di campionamento AMR."}},{"type":"Feature","geometry":{"type":"Point","coordinates":[9.051658506170465,44.901000579291065]},"properties":{"name":"Godiasco","province":"PV","municipality_code":"18073","survey_year":"2017","source_owner":"Regione Lombardia","context_note":"Posizione cartografica di un impianto di trattamento delle acque reflue urbane; non e' un punto di campionamento AMR."}},{"type":"Feature","geometry":{"type":"Point","coordinates":[9.149344466340679,44.902845598067444]},"properties":{"name":"Fortunago - S. Eusebio û Colombara","province":"PV","municipality_code":"18064","survey_year":"2017","source_owner":"Regione Lombardia","context_note":"Posizione cartografica di un impianto di trattamento delle acque reflue urbane; non e' un punto di campionamento AMR."}},{"type":"Feature","geometry":{"type":"Point","coordinates":[9.038767795171719,44.908117594430166]},"properties":{"name":"Godiasco - Montealfeo","province":"PV","municipality_code":"18073","survey_year":"2017","source_owner":"Regione Lombardia","context_note":"Posizione cartografica di un impianto di trattamento delle acque reflue urbane; non e' un punto di campionamento AMR."}},{"type":"Feature","geometry":{"type":"Point","coordinates":[9.119509404382894,44.910453341975916]},"properties":{"name":"Montesegale - Fornace","province":"PV","municipality_code":"18098","survey_year":"2017","source_owner":"Regione Lombardia","context_note":"Posizione cartografica di un impianto di trattamento delle acque reflue urbane; non e' un punto di campionamento AMR."}},{"type":"Feature","geometry":{"type":"Point","coordinates":[9.031054989360447,44.91830213327171]},"properties":{"name":"Rivanazzano Terme - Salice Terme - Impianto Sportivo","province":"PV","municipality_code":"18122","survey_year":"2017","source_owner":"Regione Lombardia","context_note":"Posizione cartografica di un impianto di trattamento delle acque reflue urbane; non e' un punto di campionamento AMR."}},{"type":"Feature","geometry":{"type":"Point","coordinates":[9.023501996966727,44.920766863426316]},"properties":{"name":"Rivanazzano Terme - Salice Terme di Godiasco","province":"PV","municipality_code":"18122","survey_year":"2017","source_owner":"Regione Lombardia","context_note":"Posizione cartografica di un impianto di trattamento delle acque reflue urbane; non e' un punto di campionamento AMR."}},{"type":"Feature","geometry":{"type":"Point","coordinates":[9.258701125611353,44.99014274212045]},"properties":{"name":"Lirio - Zona Sud","province":"PV","municipality_code":"18082","survey_year":"2017","source_owner":"Regione Lombardia","context_note":"Posizione cartografica di un impianto di trattamento delle acque reflue urbane; non e' un punto di campionamento AMR."}},{"type":"Feature","geometry":{"type":"Point","coordinates":[9.262212556352612,44.9936802559676]},"properties":{"name":"Lirio - Zona Nord","province":"PV","municipality_code":"18082","survey_year":"2017","source_owner":"Regione Lombardia","context_note":"Posizione cartografica di un impianto di trattamento delle acque reflue urbane; non e' un punto di campionamento AMR."}},{"type":"Feature","geometry":{"type":"Point","coordinates":[9.262643006225536,45.00077453512394]},"properties":{"name":"Lirio - Molino Sacrista","province":"PV","municipality_code":"18082","survey_year":"2017","source_owner":"Regione Lombardia","context_note":"Posizione cartografica di un impianto di trattamento delle acque reflue urbane; non e' un punto di campionamento AMR."}},{"type":"Feature","geometry":{"type":"Point","coordinates":[10.299571105735266,45.52497462826672]},"properties":{"name":"Botticino - Sera","province":"BS","municipality_code":"17023","survey_year":"2017","source_owner":"Regione Lombardia","context_note":"Posizione cartografica di un impianto di trattamento delle acque reflue urbane; non e' un punto di campionamento AMR."}},{"type":"Feature","geometry":{"type":"Point","coordinates":[10.323701875184426,45.53571581943072]},"properties":{"name":"Botticino - Mattina","province":"BS","municipality_code":"17023","survey_year":"2017","source_owner":"Regione Lombardia","context_note":"Posizione cartografica di un impianto di trattamento delle acque reflue urbane; non e' un punto di campionamento AMR."}},{"type":"Feature","geometry":{"type":"Point","coordinates":[10.505675957024753,45.63875256419198]},"properties":{"name":"Vobarno - Collio","province":"BS","municipality_code":"17204","survey_year":"2017","source_owner":"Regione Lombardia","context_note":"Posizione cartografica di un impianto di trattamento delle acque reflue urbane; non e' un punto di campionamento AMR."}},{"type":"Feature","geometry":{"type":"Point","coordinates":[10.502946338087673,45.67818477280833]},"properties":{"name":"Vobarno - S. Martino (Degagna)","province":"BS","municipality_code":"17204","survey_year":"2017","source_owner":"Regione Lombardia","context_note":"Posizione cartografica di un impianto di trattamento delle acque reflue urbane; non e' un punto di campionamento AMR."}},{"type":"Feature","geometry":{"type":"Point","coordinates":[9.456975757821368,45.702122967225655]},"properties":{"name":"Imbersago","province":"LC","municipality_code":"97039","survey_year":"2017","source_owner":"Regione Lombardia","context_note":"Posizione cartografica di un impianto di trattamento delle acque reflue urbane; non e' un punto di campionamento AMR."}},{"type":"Feature","geometry":{"type":"Point","coordinates":[9.459024585764823,45.73423794284993]},"properties":{"name":"Cisano Bergamasco - Torchio","province":"BG","municipality_code":"16074","survey_year":"2017","source_owner":"Regione Lombardia","context_note":"Posizione cartografica di un impianto di trattamento delle acque reflue urbane; non e' un punto di campionamento AMR."}},{"type":"Feature","geometry":{"type":"Point","coordinates":[10.238177442554603,45.74319446805233]},"properties":{"name":"Tavernole sul Mella","province":"BS","municipality_code":"17183","survey_year":"2017","source_owner":"Regione Lombardia","context_note":"Posizione cartografica di un impianto di trattamento delle acque reflue urbane; non e' un punto di campionamento AMR."}},{"type":"Feature","geometry":{"type":"Point","coordinates":[10.286954411836764,45.76904926276453]},"properties":{"name":"Irma","province":"BS","municipality_code":"17084","survey_year":"2017","source_owner":"Regione Lombardia","context_note":"Posizione cartografica di un impianto di trattamento delle acque reflue urbane; non e' un punto di campionamento AMR."}},{"type":"Feature","geometry":{"type":"Point","coordinates":[10.52201071943546,45.779711280597944]},"properties":{"name":"Idro - Vesta","province":"BS","municipality_code":"17082","survey_year":"2017","source_owner":"Regione Lombardia","context_note":"Posizione cartografica di un impianto di trattamento delle acque reflue urbane; non e' un punto di campionamento AMR."}},{"type":"Feature","geometry":{"type":"Point","coordinates":[9.869404854443403,45.805231470135595]},"properties":{"name":"Casnigo","province":"BG","municipality_code":"16060","survey_year":"2017","source_owner":"Regione Lombardia","context_note":"Posizione cartografica di un impianto di trattamento delle acque reflue urbane; non e' un punto di campionamento AMR."}},{"type":"Feature","geometry":{"type":"Point","coordinates":[9.69824341793545,45.810456727129065]},"properties":{"name":"Bracca - Fonte Bracca","province":"BG","municipality_code":"16035","survey_year":"2017","source_owner":"Regione Lombardia","context_note":"Posizione cartografica di un impianto di trattamento delle acque reflue urbane; non e' un punto di campionamento AMR."}},{"type":"Feature","geometry":{"type":"Point","coordinates":[9.631468917129235,45.811869086860064]},"properties":{"name":"Brembilla - Castignola","province":"BG","municipality_code":"16253","survey_year":"2017","source_owner":"Regione Lombardia","context_note":"Posizione cartografica di un impianto di trattamento delle acque reflue urbane; non e' un punto di campionamento AMR."}},{"type":"Feature","geometry":{"type":"Point","coordinates":[10.521508284067448,45.8137005400568]},"properties":{"name":"Bagolino - P.te Caffaro","province":"BS","municipality_code":"17010","survey_year":"2017","source_owner":"Regione Lombardia","context_note":"Posizione cartografica di un impianto di trattamento delle acque reflue urbane; non e' un punto di campionamento AMR."}},{"type":"Feature","geometry":{"type":"Point","coordinates":[9.712521199778513,45.82289713009475]},"properties":{"name":"Bracca","province":"BG","municipality_code":"16035","survey_year":"2017","source_owner":"Regione Lombardia","context_note":"Posizione cartografica di un impianto di trattamento delle acque reflue urbane; non e' un punto di campionamento AMR."}},{"type":"Feature","geometry":{"type":"Point","coordinates":[9.588336056078242,45.83421634348965]},"properties":{"name":"Gerosa - Unizzi","province":"BG","municipality_code":"16253","survey_year":"2017","source_owner":"Regione Lombardia","context_note":"Posizione cartografica di un impianto di trattamento delle acque reflue urbane; non e' un punto di campionamento AMR."}},{"type":"Feature","geometry":{"type":"Point","coordinates":[9.401496423635331,45.83985133807818]},"properties":{"name":"Lecco","province":"LC","municipality_code":"97042","survey_year":"2017","source_owner":"Regione Lombardia","context_note":"Posizione cartografica di un impianto di trattamento delle acque reflue urbane; non e' un punto di campionamento AMR."}},{"type":"Feature","geometry":{"type":"Point","coordinates":[8.872504197575362,45.864765333714764]},"properties":{"name":"Arcisate","province":"VA","municipality_code":"12004","survey_year":"2017","source_owner":"Regione Lombardia","context_note":"Posizione cartografica di un impianto di trattamento delle acque reflue urbane; non e' un punto di campionamento AMR."}},{"type":"Feature","geometry":{"type":"Point","coordinates":[9.149595415662734,45.864880478989875]},"properties":{"name":"Faggeto Lario","province":"CO","municipality_code":"13098","survey_year":"2017","source_owner":"Regione Lombardia","context_note":"Posizione cartografica di un impianto di trattamento delle acque reflue urbane; non e' un punto di campionamento AMR."}},{"type":"Feature","geometry":{"type":"Point","coordinates":[9.137996928388468,45.878818641322724]},"properties":{"name":"Laglio 1","province":"CO","municipality_code":"13119","survey_year":"2017","source_owner":"Regione Lombardia","context_note":"Posizione cartografica di un impianto di trattamento delle acque reflue urbane; non e' un punto di campionamento AMR."}},{"type":"Feature","geometry":{"type":"Point","coordinates":[9.138464536880306,45.88028512161214]},"properties":{"name":"Laglio 2","province":"CO","municipality_code":"13119","survey_year":"2017","source_owner":"Regione Lombardia","context_note":"Posizione cartografica di un impianto di trattamento delle acque reflue urbane; non e' un punto di campionamento AMR."}},{"type":"Feature","geometry":{"type":"Point","coordinates":[9.138737136141156,45.88106781493815]},"properties":{"name":"Laglio 3","province":"CO","municipality_code":"13119","survey_year":"2017","source_owner":"Regione Lombardia","context_note":"Posizione cartografica di un impianto di trattamento delle acque reflue urbane; non e' un punto di campionamento AMR."}},{"type":"Feature","geometry":{"type":"Point","coordinates":[9.638005171041755,45.87976159984476]},"properties":{"name":"S. Giovanni Bianco - Roncaglia","province":"BG","municipality_code":"16188","survey_year":"2017","source_owner":"Regione Lombardia","context_note":"Posizione cartografica di un impianto di trattamento delle acque reflue urbane; non e' un punto di campionamento AMR."}},{"type":"Feature","geometry":{"type":"Point","coordinates":[9.140017663206551,45.8829203059722]},"properties":{"name":"Laglio 4","province":"CO","municipality_code":"13119","survey_year":"2017","source_owner":"Regione Lombardia","context_note":"Posizione cartografica di un impianto di trattamento delle acque reflue urbane; non e' un punto di campionamento AMR."}},{"type":"Feature","geometry":{"type":"Point","coordinates":[9.548378344664972,45.88349458363053]},"properties":{"name":"Vedeseta - Lavina","province":"BG","municipality_code":"16230","survey_year":"2017","source_owner":"Regione Lombardia","context_note":"Posizione cartografica di un impianto di trattamento delle acque reflue urbane; non e' un punto di campionamento AMR."}},{"type":"Feature","geometry":{"type":"Point","coordinates":[10.449973799254048,45.88074429675722]},"properties":{"name":"Bagolino - Val Dorizzo","province":"BS","municipality_code":"17010","survey_year":"2017","source_owner":"Regione Lombardia","context_note":"Posizione cartografica di un impianto di trattamento delle acque reflue urbane; non e' un punto di campionamento AMR."}},{"type":"Feature","geometry":{"type":"Point","coordinates":[9.519650931680172,45.891576376163265]},"properties":{"name":"Vedeseta - Avolasio","province":"BG","municipality_code":"16230","survey_year":"2017","source_owner":"Regione Lombardia","context_note":"Posizione cartografica di un impianto di trattamento delle acque reflue urbane; non e' un punto di campionamento AMR."}},{"type":"Feature","geometry":{"type":"Point","coordinates":[9.98978790552409,45.888712285171636]},"properties":{"name":"Fino del Monte","province":"BG","municipality_code":"16099","survey_year":"2017","source_owner":"Regione Lombardia","context_note":"Posizione cartografica di un impianto di trattamento delle acque reflue urbane; non e' un punto di campionamento AMR."}},{"type":"Feature","geometry":{"type":"Point","coordinates":[10.000942685216271,45.89048717372133]},"properties":{"name":"Onore","province":"BG","municipality_code":"16149","survey_year":"2017","source_owner":"Regione Lombardia","context_note":"Posizione cartografica di un impianto di trattamento delle acque reflue urbane; non e' un punto di campionamento AMR."}},{"type":"Feature","geometry":{"type":"Point","coordinates":[9.53335448822116,45.895860301204586]},"properties":{"name":"Vedeseta - Salguggia","province":"BG","municipality_code":"16230","survey_year":"2017","source_owner":"Regione Lombardia","context_note":"Posizione cartografica di un impianto di trattamento delle acque reflue urbane; non e' un punto di campionamento AMR."}},{"type":"Feature","geometry":{"type":"Point","coordinates":[8.707276463906231,45.89751080809427]},"properties":{"name":"Casalzuigno","province":"VA","municipality_code":"12037","survey_year":"2017","source_owner":"Regione Lombardia","context_note":"Posizione cartografica di un impianto di trattamento delle acque reflue urbane; non e' un punto di campionamento AMR."}},{"type":"Feature","geometry":{"type":"Point","coordinates":[8.88861950775623,45.89814650033825]},"properties":{"name":"Cuasso al Monte","province":"VA","municipality_code":"12058","survey_year":"2017","source_owner":"Regione Lombardia","context_note":"Posizione cartografica di un impianto di trattamento delle acque reflue urbane; non e' un punto di campionamento AMR."}},{"type":"Feature","geometry":{"type":"Point","coordinates":[9.922434381202384,45.89664738009692]},"properties":{"name":"Villa d'Ogna","province":"BG","municipality_code":"16241","survey_year":"2017","source_owner":"Regione Lombardia","context_note":"Posizione cartografica di un impianto di trattamento delle acque reflue urbane; non e' un punto di campionamento AMR."}},{"type":"Feature","geometry":{"type":"Point","coordinates":[8.633770759269714,45.90202426220267]},"properties":{"name":"Laveno Mombello","province":"VA","municipality_code":"12087","survey_year":"2017","source_owner":"Regione Lombardia","context_note":"Posizione cartografica di un impianto di trattamento delle acque reflue urbane; non e' un punto di campionamento AMR."}},{"type":"Feature","geometry":{"type":"Point","coordinates":[9.31631747004888,45.91502112370381]},"properties":{"name":"Mandello del Lario","province":"LC","municipality_code":"97046","survey_year":"2017","source_owner":"Regione Lombardia","context_note":"Posizione cartografica di un impianto di trattamento delle acque reflue urbane; non e' un punto di campionamento AMR."}},{"type":"Feature","geometry":{"type":"Point","coordinates":[9.66728398250821,45.93673847734197]},"properties":{"name":"Lenna - Pianchella","province":"BG","municipality_code":"16125","survey_year":"2017","source_owner":"Regione Lombardia","context_note":"Posizione cartografica di un impianto di trattamento delle acque reflue urbane; non e' un punto di campionamento AMR."}},{"type":"Feature","geometry":{"type":"Point","coordinates":[10.179719184176331,45.941252770915256]},"properties":{"name":"Borno - Ogne","province":"BS","municipality_code":"17022","survey_year":"2017","source_owner":"Regione Lombardia","context_note":"Posizione cartografica di un impianto di trattamento delle acque reflue urbane; non e' un punto di campionamento AMR."}},{"type":"Feature","geometry":{"type":"Point","coordinates":[10.208963125379062,45.94294498079192]},"properties":{"name":"Borno - Bernina","province":"BS","municipality_code":"17022","survey_year":"2017","source_owner":"Regione Lombardia","context_note":"Posizione cartografica di un impianto di trattamento delle acque reflue urbane; non e' un punto di campionamento AMR."}},{"type":"Feature","geometry":{"type":"Point","coordinates":[9.902721034891588,45.94704720863168]},"properties":{"name":"Ardesio-Rizzoli","province":"BG","municipality_code":"16012","survey_year":"2017","source_owner":"Regione Lombardia","context_note":"Posizione cartografica di un impianto di trattamento delle acque reflue urbane; non e' un punto di campionamento AMR."}},{"type":"Feature","geometry":{"type":"Point","coordinates":[9.716959616023166,45.949648599606896]},"properties":{"name":"Roncobello - Bordogna","province":"BG","municipality_code":"16184","survey_year":"2017","source_owner":"Regione Lombardia","context_note":"Posizione cartografica di un impianto di trattamento delle acque reflue urbane; non e' un punto di campionamento AMR."}},{"type":"Feature","geometry":{"type":"Point","coordinates":[9.616036850495405,45.96723922053101]},"properties":{"name":"Cassiglio","province":"BG","municipality_code":"16061","survey_year":"2017","source_owner":"Regione Lombardia","context_note":"Posizione cartografica di un impianto di trattamento delle acque reflue urbane; non e' un punto di campionamento AMR."}},{"type":"Feature","geometry":{"type":"Point","coordinates":[9.557821880277727,45.97436079312477]},"properties":{"name":"Valtorta - Forno Nuovo","province":"BG","municipality_code":"16229","survey_year":"2017","source_owner":"Regione Lombardia","context_note":"Posizione cartografica di un impianto di trattamento delle acque reflue urbane; non e' un punto di campionamento AMR."}},{"type":"Feature","geometry":{"type":"Point","coordinates":[9.743647047061938,45.974057630222596]},"properties":{"name":"Isola di Fondra - Trabuchello","province":"BG","municipality_code":"16121","survey_year":"2017","source_owner":"Regione Lombardia","context_note":"Posizione cartografica di un impianto di trattamento delle acque reflue urbane; non e' un punto di campionamento AMR."}},{"type":"Feature","geometry":{"type":"Point","coordinates":[10.107245875472897,45.97244460493601]},"properties":{"name":"Colere","province":"BG","municipality_code":"16078","survey_year":"2017","source_owner":"Regione Lombardia","context_note":"Posizione cartografica di un impianto di trattamento delle acque reflue urbane; non e' un punto di campionamento AMR."}},{"type":"Feature","geometry":{"type":"Point","coordinates":[9.552226499903595,45.977637098071675]},"properties":{"name":"Valtorta - Rava","province":"BG","municipality_code":"16229","survey_year":"2017","source_owner":"Regione Lombardia","context_note":"Posizione cartografica di un impianto di trattamento delle acque reflue urbane; non e' un punto di campionamento AMR."}},{"type":"Feature","geometry":{"type":"Point","coordinates":[9.669927191190569,45.97832095204889]},"properties":{"name":"Piazzolo","province":"BG","municipality_code":"16166","survey_year":"2017","source_owner":"Regione Lombardia","context_note":"Posizione cartografica di un impianto di trattamento delle acque reflue urbane; non e' un punto di campionamento AMR."}},{"type":"Feature","geometry":{"type":"Point","coordinates":[10.073087026269905,45.97557964958712]},"properties":{"name":"Colere - Carbonera","province":"BG","municipality_code":"16078","survey_year":"2017","source_owner":"Regione Lombardia","context_note":"Posizione cartografica di un impianto di trattamento delle acque reflue urbane; non e' un punto di campionamento AMR."}},{"type":"Feature","geometry":{"type":"Point","coordinates":[9.632084036533149,45.98571893489891]},"properties":{"name":"Averara","province":"BG","municipality_code":"16014","survey_year":"2017","source_owner":"Regione Lombardia","context_note":"Posizione cartografica di un impianto di trattamento delle acque reflue urbane; non e' un punto di campionamento AMR."}},{"type":"Feature","geometry":{"type":"Point","coordinates":[8.744420394883631,45.98925928041598]},"properties":{"name":"Luino - Voldomino","province":"VA","municipality_code":"12076","survey_year":"2017","source_owner":"Regione Lombardia","context_note":"Posizione cartografica di un impianto di trattamento delle acque reflue urbane; non e' un punto di campionamento AMR."}},{"type":"Feature","geometry":{"type":"Point","coordinates":[8.793309275411469,45.99148206500211]},"properties":{"name":"Cremenaga","province":"VA","municipality_code":"12056","survey_year":"2017","source_owner":"Regione Lombardia","context_note":"Posizione cartografica di un impianto di trattamento delle acque reflue urbane; non e' un punto di campionamento AMR."}},{"type":"Feature","geometry":{"type":"Point","coordinates":[9.624564141415746,46.00354470106699]},"properties":{"name":"S. Brigida - Caprile","province":"BG","municipality_code":"16191","survey_year":"2017","source_owner":"Regione Lombardia","context_note":"Posizione cartografica di un impianto di trattamento delle acque reflue urbane; non e' un punto di campionamento AMR."}},{"type":"Feature","geometry":{"type":"Point","coordinates":[9.670259464819578,46.004734557793654]},"properties":{"name":"Mezzoldo","province":"BG","municipality_code":"16134","survey_year":"2017","source_owner":"Regione Lombardia","context_note":"Posizione cartografica di un impianto di trattamento delle acque reflue urbane; non e' un punto di campionamento AMR."}},{"type":"Feature","geometry":{"type":"Point","coordinates":[9.779420442252286,46.01843299882776]},"properties":{"name":"Carona","province":"BG","municipality_code":"16056","survey_year":"2017","source_owner":"Regione Lombardia","context_note":"Posizione cartografica di un impianto di trattamento delle acque reflue urbane; non e' un punto di campionamento AMR."}},{"type":"Feature","geometry":{"type":"Point","coordinates":[9.358650400371706,46.02073835002393]},"properties":{"name":"Taceno","province":"LC","municipality_code":"97079","survey_year":"2017","source_owner":"Regione Lombardia","context_note":"Posizione cartografica di un impianto di trattamento delle acque reflue urbane; non e' un punto di campionamento AMR."}},{"type":"Feature","geometry":{"type":"Point","coordinates":[10.333021811996986,46.02742670818217]},"properties":{"name":"Capo di Ponte - Cemmo","province":"BS","municipality_code":"17035","survey_year":"2017","source_owner":"Regione Lombardia","context_note":"Posizione cartografica di un impianto di trattamento delle acque reflue urbane; non e' un punto di campionamento AMR."}},{"type":"Feature","geometry":{"type":"Point","coordinates":[10.25749218921139,46.06636314529083]},"properties":{"name":"Paisco Loveno - Grumello","province":"BS","municipality_code":"17131","survey_year":"2017","source_owner":"Regione Lombardia","context_note":"Posizione cartografica di un impianto di trattamento delle acque reflue urbane; non e' un punto di campionamento AMR."}},{"type":"Feature","geometry":{"type":"Point","coordinates":[9.297940366072428,46.073024051266756]},"properties":{"name":"Dervio","province":"LC","municipality_code":"97030","survey_year":"2017","source_owner":"Regione Lombardia","context_note":"Posizione cartografica di un impianto di trattamento delle acque reflue urbane; non e' un punto di campionamento AMR."}},{"type":"Feature","geometry":{"type":"Point","coordinates":[10.292399204712662,46.077295629752264]},"properties":{"name":"Paisco Loveno - Vasca Imhoff Foppa","province":"BS","municipality_code":"17131","survey_year":"2017","source_owner":"Regione Lombardia","context_note":"Posizione cartografica di un impianto di trattamento delle acque reflue urbane; non e' un punto di campionamento AMR."}},{"type":"Feature","geometry":{"type":"Point","coordinates":[9.694301016365714,46.096895823640686]},"properties":{"name":"Tartano - Piana","province":"SO","municipality_code":"14064","survey_year":"2017","source_owner":"Regione Lombardia","context_note":"Posizione cartografica di un impianto di trattamento delle acque reflue urbane; non e' un punto di campionamento AMR."}},{"type":"Feature","geometry":{"type":"Point","coordinates":[8.753223599847994,46.103553915387906]},"properties":{"name":"Pino s.s.L.M. - Zenna","province":"VA","municipality_code":"12142","survey_year":"2017","source_owner":"Regione Lombardia","context_note":"Posizione cartografica di un impianto di trattamento delle acque reflue urbane; non e' un punto di campionamento AMR."}},{"type":"Feature","geometry":{"type":"Point","coordinates":[9.679343323263145,46.105103874359465]},"properties":{"name":"Tartano - Biorca","province":"SO","municipality_code":"14064","survey_year":"2017","source_owner":"Regione Lombardia","context_note":"Posizione cartografica di un impianto di trattamento delle acque reflue urbane; non e' un punto di campionamento AMR."}},{"type":"Feature","geometry":{"type":"Point","coordinates":[9.277124069938381,46.11236194048548]},"properties":{"name":"Musso","province":"CO","municipality_code":"13160","survey_year":"2017","source_owner":"Regione Lombardia","context_note":"Posizione cartografica di un impianto di trattamento delle acque reflue urbane; non e' un punto di campionamento AMR."}},{"type":"Feature","geometry":{"type":"Point","coordinates":[9.678295077602197,46.124055142949764]},"properties":{"name":"Tartano - Ronco","province":"SO","municipality_code":"14064","survey_year":"2017","source_owner":"Regione Lombardia","context_note":"Posizione cartografica di un impianto di trattamento delle acque reflue urbane; non e' un punto di campionamento AMR."}},{"type":"Feature","geometry":{"type":"Point","coordinates":[9.667731148205462,46.13243344142659]},"properties":{"name":"Tartano - Campo","province":"SO","municipality_code":"14064","survey_year":"2017","source_owner":"Regione Lombardia","context_note":"Posizione cartografica di un impianto di trattamento delle acque reflue urbane; non e' un punto di campionamento AMR."}},{"type":"Feature","geometry":{"type":"Point","coordinates":[9.30214886674176,46.1402614000246]},"properties":{"name":"Gravedona","province":"CO","municipality_code":"13249","survey_year":"2017","source_owner":"Regione Lombardia","context_note":"Posizione cartografica di un impianto di trattamento delle acque reflue urbane; non e' un punto di campionamento AMR."}},{"type":"Feature","geometry":{"type":"Point","coordinates":[9.382199231891162,46.141892916504766]},"properties":{"name":"Colico - Monteggiolo","province":"LC","municipality_code":"97023","survey_year":"2017","source_owner":"Regione Lombardia","context_note":"Posizione cartografica di un impianto di trattamento delle acque reflue urbane; non e' un punto di campionamento AMR."}},{"type":"Feature","geometry":{"type":"Point","coordinates":[10.209499779143558,46.152412586969604]},"properties":{"name":"Corteno Golgi - S. Antonio","province":"BS","municipality_code":"17063","survey_year":"2017","source_owner":"Regione Lombardia","context_note":"Posizione cartografica di un impianto di trattamento delle acque reflue urbane; non e' un punto di campionamento AMR."}},{"type":"Feature","geometry":{"type":"Point","coordinates":[9.969236242804014,46.16162969967399]},"properties":{"name":"Ponte - Casacce","province":"SO","municipality_code":"14052","survey_year":"2017","source_owner":"Regione Lombardia","context_note":"Posizione cartografica di un impianto di trattamento delle acque reflue urbane; non e' un punto di campionamento AMR."}},{"type":"Feature","geometry":{"type":"Point","coordinates":[10.18211533241921,46.159733309575415]},"properties":{"name":"Corteno Golgi - S. Pietro","province":"BS","municipality_code":"17063","survey_year":"2017","source_owner":"Regione Lombardia","context_note":"Posizione cartografica di un impianto di trattamento delle acque reflue urbane; non e' un punto di campionamento AMR."}},{"type":"Feature","geometry":{"type":"Point","coordinates":[9.37387826395109,46.169235489705194]},"properties":{"name":"Gera Lario","province":"CO","municipality_code":"13107","survey_year":"2017","source_owner":"Regione Lombardia","context_note":"Posizione cartografica di un impianto di trattamento delle acque reflue urbane; non e' un punto di campionamento AMR."}},{"type":"Feature","geometry":{"type":"Point","coordinates":[10.215707127131495,46.16598663911071]},"properties":{"name":"Corteno Golgi - Les Campagnola","province":"BS","municipality_code":"17063","survey_year":"2017","source_owner":"Regione Lombardia","context_note":"Posizione cartografica di un impianto di trattamento delle acque reflue urbane; non e' un punto di campionamento AMR."}},{"type":"Feature","geometry":{"type":"Point","coordinates":[10.26151686272984,46.167443038885025]},"properties":{"name":"Corteno Golgi - Santicolo","province":"BS","municipality_code":"17063","survey_year":"2017","source_owner":"Regione Lombardia","context_note":"Posizione cartografica di un impianto di trattamento delle acque reflue urbane; non e' un punto di campionamento AMR."}},{"type":"Feature","geometry":{"type":"Point","coordinates":[10.118360395435731,46.17344341843133]},"properties":{"name":"Villa di Tirano - Motta","province":"SO","municipality_code":"14078","survey_year":"2017","source_owner":"Regione Lombardia","context_note":"Posizione cartografica di un impianto di trattamento delle acque reflue urbane; non e' un punto di campionamento AMR."}},{"type":"Feature","geometry":{"type":"Point","coordinates":[10.120614141399507,46.175338297029974]},"properties":{"name":"Villa di Tirano - Stalle","province":"SO","municipality_code":"14078","survey_year":"2017","source_owner":"Regione Lombardia","context_note":"Posizione cartografica di un impianto di trattamento delle acque reflue urbane; non e' un punto di campionamento AMR."}},{"type":"Feature","geometry":{"type":"Point","coordinates":[10.123570441320732,46.1773702165143]},"properties":{"name":"Villa di Tirano - Svandana","province":"SO","municipality_code":"14078","survey_year":"2017","source_owner":"Regione Lombardia","context_note":"Posizione cartografica di un impianto di trattamento delle acque reflue urbane; non e' un punto di campionamento AMR."}},{"type":"Feature","geometry":{"type":"Point","coordinates":[9.8699252518436,46.19902210609767]},"properties":{"name":"Torre S. Maria - Arquino","province":"SO","municipality_code":"14067","survey_year":"2017","source_owner":"Regione Lombardia","context_note":"Posizione cartografica di un impianto di trattamento delle acque reflue urbane; non e' un punto di campionamento AMR."}},{"type":"Feature","geometry":{"type":"Point","coordinates":[9.864740913941539,46.20315638469532]},"properties":{"name":"Torre S. Maria - Cagnoletti","province":"SO","municipality_code":"14061","survey_year":"2017","source_owner":"Regione Lombardia","context_note":"Posizione cartografica di un impianto di trattamento delle acque reflue urbane; non e' un punto di campionamento AMR."}},{"type":"Feature","geometry":{"type":"Point","coordinates":[9.635275663790054,46.206463299941255]},"properties":{"name":"Val Masino","province":"SO","municipality_code":"14074","survey_year":"2017","source_owner":"Regione Lombardia","context_note":"Posizione cartografica di un impianto di trattamento delle acque reflue urbane; non e' un punto di campionamento AMR."}},{"type":"Feature","geometry":{"type":"Point","coordinates":[9.865701618366062,46.21480395251637]},"properties":{"name":"Spriana - Scilironi","province":"SO","municipality_code":"14062","survey_year":"2017","source_owner":"Regione Lombardia","context_note":"Posizione cartografica di un impianto di trattamento delle acque reflue urbane; non e' un punto di campionamento AMR."}},{"type":"Feature","geometry":{"type":"Point","coordinates":[10.352260617190574,46.21621048948095]},"properties":{"name":"Incudine","province":"BS","municipality_code":"17083","survey_year":"2017","source_owner":"Regione Lombardia","context_note":"Posizione cartografica di un impianto di trattamento delle acque reflue urbane; non e' un punto di campionamento AMR."}},{"type":"Feature","geometry":{"type":"Point","coordinates":[10.379340441834833,46.230529381356185]},"properties":{"name":"Vezza d'Oglio","province":"BS","municipality_code":"17198","survey_year":"2017","source_owner":"Regione Lombardia","context_note":"Posizione cartografica di un impianto di trattamento delle acque reflue urbane; non e' un punto di campionamento AMR."}},{"type":"Feature","geometry":{"type":"Point","coordinates":[10.303560122771831,46.3222363116123]},"properties":{"name":"Sondalo - Migiondo","province":"SO","municipality_code":"14060","survey_year":"2017","source_owner":"Regione Lombardia","context_note":"Posizione cartografica di un impianto di trattamento delle acque reflue urbane; non e' un punto di campionamento AMR."}},{"type":"Feature","geometry":{"type":"Point","coordinates":[10.351290959436898,46.402057502251346]},"properties":{"name":"Valdisotto - Aquilone","province":"SO","municipality_code":"14072","survey_year":"2017","source_owner":"Regione Lombardia","context_note":"Posizione cartografica di un impianto di trattamento delle acque reflue urbane; non e' un punto di campionamento AMR."}},{"type":"Feature","geometry":{"type":"Point","coordinates":[10.349611002452722,46.41517176692906]},"properties":{"name":"Valdisotto","province":"SO","municipality_code":"14072","survey_year":"2017","source_owner":"Regione Lombardia","context_note":"Posizione cartografica di un impianto di trattamento delle acque reflue urbane; non e' un punto di campionamento AMR."}},{"type":"Feature","geometry":{"type":"Point","coordinates":[10.243607710737473,46.454937239790425]},"properties":{"name":"Valdidentro - Arnoga","province":"SO","municipality_code":"14071","survey_year":"2017","source_owner":"Regione Lombardia","context_note":"Posizione cartografica di un impianto di trattamento delle acque reflue urbane; non e' un punto di campionamento AMR."}},{"type":"Feature","geometry":{"type":"Point","coordinates":[10.183330090755002,46.53958628465544]},"properties":{"name":"Livigno - Trepalle","province":"SO","municipality_code":"14037","survey_year":"2017","source_owner":"Regione Lombardia","context_note":"Posizione cartografica di un impianto di trattamento delle acque reflue urbane; non e' un punto di campionamento AMR."}},{"type":"Feature","geometry":{"type":"Point","coordinates":[10.249094545526402,45.10848060070805]},"properties":{"name":"Derovere","province":"CR","municipality_code":"19040","survey_year":"2017","source_owner":"Regione Lombardia","context_note":"Posizione cartografica di un impianto di trattamento delle acque reflue urbane; non e' un punto di campionamento AMR."}},{"type":"Feature","geometry":{"type":"Point","coordinates":[10.230821245576717,45.15665751852956]},"properties":{"name":"Cappella de' Picenardi","province":"CR","municipality_code":"19014","survey_year":"2017","source_owner":"Regione Lombardia","context_note":"Posizione cartografica di un impianto di trattamento delle acque reflue urbane; non e' un punto di campionamento AMR."}},{"type":"Feature","geometry":{"type":"Point","coordinates":[10.077601605020146,45.163995374459944]},"properties":{"name":"Persico Dosimo - Persichello","province":"CR","municipality_code":"19068","survey_year":"2017","source_owner":"Regione Lombardia","context_note":"Posizione cartografica di un impianto di trattamento delle acque reflue urbane; non e' un punto di campionamento AMR."}},{"type":"Feature","geometry":{"type":"Point","coordinates":[9.037377378731886,45.174389358421706]},"properties":{"name":"Villanova d'Ardenghi","province":"PV","municipality_code":"18179","survey_year":"2017","source_owner":"Regione Lombardia","context_note":"Posizione cartografica di un impianto di trattamento delle acque reflue urbane; non e' un punto di campionamento AMR."}},{"type":"Feature","geometry":{"type":"Point","coordinates":[10.250993205628953,45.18311868471602]},"properties":{"name":"Pessina Cremonese","province":"CR","municipality_code":"19070","survey_year":"2017","source_owner":"Regione Lombardia","context_note":"Posizione cartografica di un impianto di trattamento delle acque reflue urbane; non e' un punto di campionamento AMR."}},{"type":"Feature","geometry":{"type":"Point","coordinates":[10.158391992887713,45.2005783197015]},"properties":{"name":"Grontardo","province":"CR","municipality_code":"19050","survey_year":"2017","source_owner":"Regione Lombardia","context_note":"Posizione cartografica di un impianto di trattamento delle acque reflue urbane; non e' un punto di campionamento AMR."}},{"type":"Feature","geometry":{"type":"Point","coordinates":[9.854120664805757,45.21433349635536]},"properties":{"name":"Grumello Cremonese ed Uniti - Zanengo","province":"CR","municipality_code":"19051","survey_year":"2017","source_owner":"Regione Lombardia","context_note":"Posizione cartografica di un impianto di trattamento delle acque reflue urbane; non e' un punto di campionamento AMR."}},{"type":"Feature","geometry":{"type":"Point","coordinates":[9.956481974008064,45.237556088319266]},"properties":{"name":"Casalbuttano ed Uniti - Polengo","province":"CR","municipality_code":"19016","survey_year":"2017","source_owner":"Regione Lombardia","context_note":"Posizione cartografica di un impianto di trattamento delle acque reflue urbane; non e' un punto di campionamento AMR."}},{"type":"Feature","geometry":{"type":"Point","coordinates":[10.768757939227394,45.26209995266577]},"properties":{"name":"Roverbella","province":"MN","municipality_code":"20053","survey_year":"2017","source_owner":"Regione Lombardia","context_note":"Posizione cartografica di un impianto di trattamento delle acque reflue urbane; non e' un punto di campionamento AMR."}},{"type":"Feature","geometry":{"type":"Point","coordinates":[10.272247982458012,45.28631968597373]},"properties":{"name":"Gottolengo","province":"BS","municipality_code":"17080","survey_year":"2017","source_owner":"Regione Lombardia","context_note":"Posizione cartografica di un impianto di trattamento delle acque reflue urbane; non e' un punto di campionamento AMR."}},{"type":"Feature","geometry":{"type":"Point","coordinates":[9.706124119308507,45.30178524291561]},"properties":{"name":"Ripalta Guerina","province":"CR","municipality_code":"19082","survey_year":"2017","source_owner":"Regione Lombardia","context_note":"Posizione cartografica di un impianto di trattamento delle acque reflue urbane; non e' un punto di campionamento AMR."}},{"type":"Feature","geometry":{"type":"Point","coordinates":[10.079181763940179,45.32138064004028]},"properties":{"name":"Verolanuova","province":"BS","municipality_code":"17195","survey_year":"2017","source_owner":"Regione Lombardia","context_note":"Posizione cartografica di un impianto di trattamento delle acque reflue urbane; non e' un punto di campionamento AMR."}},{"type":"Feature","geometry":{"type":"Point","coordinates":[10.19787739963332,45.35747062036895]},"properties":{"name":"Leno - Capoluogo","province":"BS","municipality_code":"17088","survey_year":"2017","source_owner":"Regione Lombardia","context_note":"Posizione cartografica di un impianto di trattamento delle acque reflue urbane; non e' un punto di campionamento AMR."}},{"type":"Feature","geometry":{"type":"Point","coordinates":[9.395775146021272,45.367552164680696]},"properties":{"name":"Mulazzano","province":"LO","municipality_code":"98041","survey_year":"2017","source_owner":"Regione Lombardia","context_note":"Posizione cartografica di un impianto di trattamento delle acque reflue urbane; non e' un punto di campionamento AMR."}},{"type":"Feature","geometry":{"type":"Point","coordinates":[10.190362268645165,45.394814467709374]},"properties":{"name":"Leno - Porzano","province":"BS","municipality_code":"17088","survey_year":"2017","source_owner":"Regione Lombardia","context_note":"Posizione cartografica di un impianto di trattamento delle acque reflue urbane; non e' un punto di campionamento AMR."}},{"type":"Feature","geometry":{"type":"Point","coordinates":[10.077583517412513,45.413351427338576]},"properties":{"name":"Dello","province":"BS","municipality_code":"17066","survey_year":"2017","source_owner":"Regione Lombardia","context_note":"Posizione cartografica di un impianto di trattamento delle acque reflue urbane; non e' un punto di campionamento AMR."}},{"type":"Feature","geometry":{"type":"Point","coordinates":[10.179977758517605,45.42039259528218]},"properties":{"name":"Bagnolo Mella","province":"BS","municipality_code":"17009","survey_year":"2017","source_owner":"Regione Lombardia","context_note":"Posizione cartografica di un impianto di trattamento delle acque reflue urbane; non e' un punto di campionamento AMR."}},{"type":"Feature","geometry":{"type":"Point","coordinates":[10.41473923079716,45.4468276570655]},"properties":{"name":"Calcinato - Prati","province":"BS","municipality_code":"17032","survey_year":"2017","source_owner":"Regione Lombardia","context_note":"Posizione cartografica di un impianto di trattamento delle acque reflue urbane; non e' un punto di campionamento AMR."}},{"type":"Feature","geometry":{"type":"Point","coordinates":[10.27795996730881,45.45516480538054]},"properties":{"name":"Castenedolo","province":"BS","municipality_code":"17043","survey_year":"2017","source_owner":"Regione Lombardia","context_note":"Posizione cartografica di un impianto di trattamento delle acque reflue urbane; non e' un punto di campionamento AMR."}},{"type":"Feature","geometry":{"type":"Point","coordinates":[10.40526846009616,45.480464706152354]},"properties":{"name":"Bedizzole - Campagnola","province":"BS","municipality_code":"17014","survey_year":"2017","source_owner":"Regione Lombardia","context_note":"Posizione cartografica di un impianto di trattamento delle acque reflue urbane; non e' un punto di campionamento AMR."}},{"type":"Feature","geometry":{"type":"Point","coordinates":[9.804255791163344,45.524464573914024]},"properties":{"name":"Cortenuova - S. Maria del Sasso","province":"BG","municipality_code":"16083","survey_year":"2017","source_owner":"Regione Lombardia","context_note":"Posizione cartografica di un impianto di trattamento delle acque reflue urbane; non e' un punto di campionamento AMR."}},{"type":"Feature","geometry":{"type":"Point","coordinates":[10.457924381170608,45.522721258160885]},"properties":{"name":"Calvagese della Riviera - Carzago","province":"BS","municipality_code":"17033","survey_year":"2017","source_owner":"Regione Lombardia","context_note":"Posizione cartografica di un impianto di trattamento delle acque reflue urbane; non e' un punto di campionamento AMR."}},{"type":"Feature","geometry":{"type":"Point","coordinates":[8.923849916472394,45.74555161398915]},"properties":{"name":"Venegono Inferiore - Pianbosco","province":"VA","municipality_code":"12136","survey_year":"2017","source_owner":"Regione Lombardia","context_note":"Posizione cartografica di un impianto di trattamento delle acque reflue urbane; non e' un punto di campionamento AMR."}},{"type":"Feature","geometry":{"type":"Point","coordinates":[8.58965640951534,45.768334108185634]},"properties":{"name":"Angera","province":"VA","municipality_code":"12003","survey_year":"2017","source_owner":"Regione Lombardia","context_note":"Posizione cartografica di un impianto di trattamento delle acque reflue urbane; non e' un punto di campionamento AMR."}},{"type":"Feature","geometry":{"type":"Point","coordinates":[8.6259434849801,45.82328990297073]},"properties":{"name":"Ispra - C.na Antonietta","province":"VA","municipality_code":"12084","survey_year":"2017","source_owner":"Regione Lombardia","context_note":"Posizione cartografica di un impianto di trattamento delle acque reflue urbane; non e' un punto di campionamento AMR."}},{"type":"Feature","geometry":{"type":"Point","coordinates":[8.624636853445418,45.84923404769075]},"properties":{"name":"Monvalle","province":"VA","municipality_code":"12104","survey_year":"2017","source_owner":"Regione Lombardia","context_note":"Posizione cartografica di un impianto di trattamento delle acque reflue urbane; non e' un punto di campionamento AMR."}},{"type":"Feature","geometry":{"type":"Point","coordinates":[9.118607978298048,45.86925521546886]},"properties":{"name":"Carate Urio","province":"CO","municipality_code":"13044","survey_year":"2017","source_owner":"Regione Lombardia","context_note":"Posizione cartografica di un impianto di trattamento delle acque reflue urbane; non e' un punto di campionamento AMR."}},{"type":"Feature","geometry":{"type":"Point","coordinates":[9.143592606285464,45.88981906904204]},"properties":{"name":"Laglio 6","province":"CO","municipality_code":"13119","survey_year":"2017","source_owner":"Regione Lombardia","context_note":"Posizione cartografica di un impianto di trattamento delle acque reflue urbane; non e' un punto di campionamento AMR."}},{"type":"Feature","geometry":{"type":"Point","coordinates":[9.30912809698186,46.050232999004976]},"properties":{"name":"Bellano - Via per Colico","province":"LC","municipality_code":"97008","survey_year":"2017","source_owner":"Regione Lombardia","context_note":"Posizione cartografica di un impianto di trattamento delle acque reflue urbane; non e' un punto di campionamento AMR."}},{"type":"Feature","geometry":{"type":"Point","coordinates":[9.318425106102287,46.10243488211236]},"properties":{"name":"Dorio","province":"LC","municipality_code":"97032","survey_year":"2017","source_owner":"Regione Lombardia","context_note":"Posizione cartografica di un impianto di trattamento delle acque reflue urbane; non e' un punto di campionamento AMR."}},{"type":"Feature","geometry":{"type":"Point","coordinates":[10.897268671829472,45.20837647914693]},"properties":{"name":"Castelbelforte","province":"MN","municipality_code":"20013","survey_year":"2017","source_owner":"Regione Lombardia","context_note":"Posizione cartografica di un impianto di trattamento delle acque reflue urbane; non e' un punto di campionamento AMR."}},{"type":"Feature","geometry":{"type":"Point","coordinates":[10.850477528037125,45.237589412918716]},"properties":{"name":"Roverbella - Canedole","province":"MN","municipality_code":"20053","survey_year":"2017","source_owner":"Regione Lombardia","context_note":"Posizione cartografica di un impianto di trattamento delle acque reflue urbane; non e' un punto di campionamento AMR."}}]}