{"type":"FeatureCollection","features":[{"type":"Feature","properties":{"name":"Lombardia","istat_code":"03","source_date":"2026-01-01"},"geometry":{"type":"MultiPolygon","coordinates":[[[[8.814271332612188,45.01739445254022],[8.813509641942453,45.01723104837815],[8.812951336286348,45.017194150249594],[8.812037412739327,45.01723763405317],[8.811262514171956,45.017281466406374],[8.81074198411764,45.01733462179244],[8.810653286896038,45.01743547968649],[8.810568829858692,45.01753166445558],[8.810513330224326,45.01759510599099],[8.8100126748217,45.01907399002341],[8.810382024268753,45.01933230205014],[8.810470407072858,45.01938433929022],[8.810979155832563,45.01968228912443],[8.81101404912531,45.019702415696926],[8.816417405222543,45.02230533824752],[8.816692333894508,45.02194426746954],[8.81679494389241,45.02161135308995],[8.816925201465796,45.02056736120547],[8.816991268026035,45.01968528046146],[8.816978580500027,45.01943320703889],[8.816903494347589,45.01910002641425],[8.816764804406464,45.01881174507625],[8.816258475765228,45.018387840602124],[8.814271332612188,45.01739445254022]]],[[[8.706385939108358,45.01356277862746],[8.706122792174702,45.01290497705859],[8.705601547448865,45.01308365921531],[8.703503325815648,45.01413121015576],[8.703348581456913,45.01446410741878],[8.703347815671231,45.014679787446426],[8.703745191125037,45.01640926071687],[8.703968854336287,45.01733703101607],[8.704043151476407,45.017526288668655],[8.70487151186028,45.02224304005148],[8.704699403495963,45.023637860315105],[8.704721932349266,45.02407938201611],[8.70508817647848,45.02440214136555],[8.705427662316254,45.02448328104466],[8.705684444098935,45.02454320160452],[8.706016712009388,45.024102963957304],[8.70606173572097,45.023929657554426],[8.706095187648865,45.02379687396104],[8.70614753933325,45.02349093092536],[8.706278935818343,45.02261809635567],[8.706450084995884,45.02141229185095],[8.7065081391719,45.01967509072486],[8.706524421717555,45.01898196223966],[8.706500002525647,45.016155601108736],[8.706489660215285,45.01569648924162],[8.70644501621313,45.01441810875239],[8.706406984606227,45.01385781616547],[8.706385939108358,45.01356277862746]]],[[[8.973819829240323,45.98354606708156],[8.977254454622276,45.98152172031534],[8.977516716712,45.97151793167252],[8.977827691315145,45.96855687698032],[8.976475093084858,45.96327341316465],[8.976088243181369,45.962481298290975],[8.97518523353511,45.9615900882314],[8.970269087745796,45.9615528972152],[8.957879033220154,45.96473512964322],[8.958085130419331,45.965248223715534],[8.959798460385993,45.96916397661297],[8.964077034623031,45.97879124752256],[8.96540458526682,45.981527760583205],[8.96684903772868,45.98403027136242],[8.967274600941161,45.9841743891269],[8.9693533158064,45.984003965623955],[8.973819829240323,45.98354606708156]]],[[[10.25179212438516,46.61606872679029],[10.256410772645923,46.60849007063545],[10.254752387490855,46.60736084346172],[10.253676161173326,46.60631071308401],[10.249902034483942,46.60210877039721],[10.2428307745311,46.5932898626519],[10.242252721728127,46.592522203658],[10.242051606309877,46.59225442354403],[10.241601800735603,46.59145835645242],[10.241846177550329,46.58954781057451],[10.244002845240823,46.578401021392615],[10.246619378117238,46.57525872039008],[10.247621584157576,46.57457283334027],[10.251842205182594,46.572537834250454],[10.253522275462283,46.57182646698194],[10.254646775209402,46.57192214338202],[10.25986182863207,46.57509563638122],[10.271052793393055,46.57646572645574],[10.282302965254805,46.57153442949596],[10.289168280699503,46.56773147153127],[10.294297770441554,46.56010944075879],[10.295423607327937,46.55427400406188],[10.294867262868891,46.55282239087377],[10.295130602195083,46.55128049147458],[10.29574885664021,46.5504005220037],[10.299859218639046,46.549363930988164],[10.311291089090233,46.546866557488485],[10.312414698830986,46.54694366859567],[10.319264838557865,46.549186747491405],[10.325112818096335,46.55146801353337],[10.332583851264577,46.54748892214028],[10.334914149474335,46.54517585242118],[10.337062590070627,46.54343183682401],[10.33822617930253,46.54301326070707],[10.339596811935674,46.54306021255947],[10.341143858064411,46.5433840522345],[10.342169974465081,46.54374100486523],[10.343046771827927,46.54438766963587],[10.347972214198416,46.548406530479014],[10.350017937154872,46.55200021655485],[10.350489917498361,46.553146585600516],[10.351224520266793,46.554361841577744],[10.35220697226076,46.55557416177674],[10.353173844788655,46.55563473703549],[10.36337398442783,46.55556758685578],[10.36629216616086,46.55488480086445],[10.37691969980122,46.55160751874769],[10.385550625470753,46.548857411091426],[10.386976989821253,46.548012162452935],[10.388958306900859,46.54693516724415],[10.393791146913774,46.54515745251375],[10.396130486230552,46.54431896563661],[10.397555543824836,46.54394158321198],[10.399107536620965,46.54444457550712],[10.400477937015244,46.54498578607789],[10.401836953824173,46.54559009820082],[10.405777716044922,46.54767463108963],[10.409549936350285,46.549284106371324],[10.412551093549693,46.5503270296089],[10.41406313835788,46.55078532302916],[10.415647818750143,46.551026703886066],[10.417357769893297,46.551068523327054],[10.419340142715068,46.55105295168147],[10.420930865291076,46.550025239766455],[10.427940978940027,46.5447541836349],[10.435557413627684,46.538782197454736],[10.448420422089168,46.53304027914667],[10.453137592676283,46.53055108422159],[10.4530436996212,46.52827914179863],[10.453497881906602,46.52580877437453],[10.457120107298017,46.512694759473476],[10.457225478494426,46.51236943003972],[10.457470401170943,46.51171832712117],[10.457741805845057,46.511006147161524],[10.457940462003688,46.51058963997697],[10.458150659649576,46.51040697352543],[10.459211713579975,46.50954663208837],[10.46926390907656,46.50258125395532],[10.477785650724716,46.49521932174752],[10.484530688587572,46.49360080993139],[10.484932950524144,46.49392487066764],[10.485480599975663,46.49437959202378],[10.485912898040514,46.49473892048896],[10.486528591094658,46.49527407225614],[10.496995003573184,46.497364039690844],[10.530539819682076,46.49376956670839],[10.542878117689789,46.492134478122374],[10.555013091916399,46.489032320594795],[10.562273632562029,46.481780833746924],[10.576129487143456,46.4742667839019],[10.58554520904433,46.471867861598085],[10.59013976564014,46.471817071360995],[10.599837946643634,46.468821484669746],[10.601334213610281,46.46765012563197],[10.619249675672565,46.45046423409704],[10.621398341258969,46.448402148471004],[10.62183400234232,46.44796363770563],[10.620726936727339,46.447094144905726],[10.619935897465,46.446528984986436],[10.616462598988136,46.42996796791945],[10.616822526092989,46.42685465419009],[10.617945697116753,46.41739653714396],[10.619225938274763,46.414399054856595],[10.623408485641749,46.41124205731845],[10.628225596267702,46.40767575476889],[10.629425762596519,46.405548499176945],[10.630984331495778,46.40228697935596],[10.628920126150122,46.40080839521804],[10.618511318506133,46.39315912236112],[10.610809149436925,46.38726351127878],[10.60858372994036,46.383766423643024],[10.605985142405313,46.37922926703451],[10.598055279720734,46.37738586228819],[10.59254760276575,46.3772106087662],[10.570477966237249,46.37693134746423],[10.57021193848683,46.377064615406276],[10.570098453193658,46.37710004242788],[10.570017896402081,46.37712495435509],[10.567371862299222,46.37789398677789],[10.567043599332939,46.37792851385597],[10.566690202947926,46.37777200054287],[10.561266218354094,46.37422995918328],[10.550691434601275,46.36704979165173],[10.541980575191571,46.36089903876591],[10.54231948972757,46.36061039442067],[10.543606937401814,46.359301544759354],[10.543934448823268,46.358865885376524],[10.54325009042657,46.35666939128439],[10.543201445546387,46.35655755958616],[10.542942283405177,46.35637088541227],[10.542808705403582,46.35628039022051],[10.541527737879338,46.355523488284135],[10.541260254084015,46.355367626651784],[10.541118623717411,46.35528669786136],[10.54101646075035,46.35523390259499],[10.54096899434888,46.35521176626803],[10.54031046013952,46.35490465211863],[10.53998645020162,46.354753544134255],[10.539890531002445,46.35471189927004],[10.539645863496501,46.3546130461972],[10.539238006409642,46.35445167943424],[10.539197961845764,46.354438518877295],[10.53875873724064,46.35432230597818],[10.537700784813651,46.35412549757539],[10.53659880849542,46.35411187434239],[10.535939692032292,46.35412165296697],[10.534540273835587,46.35417093174209],[10.534334851905975,46.35420039705392],[10.534254323523713,46.35428537875112],[10.534176968391234,46.35446562888844],[10.53405622952091,46.35487683776376],[10.533979530790877,46.35510483617502],[10.533799847507334,46.35541116742973],[10.533511983572964,46.355743445533484],[10.533046587439642,46.356257612634266],[10.532825623104861,46.35637842590912],[10.53021183274355,46.35674229970087],[10.52847454802398,46.35680515714393],[10.520869457925146,46.35617445757386],[10.520395133157026,46.35613402087308],[10.519872597285373,46.35597556990444],[10.51949637575433,46.35576212281708],[10.519473381644536,46.35573933011393],[10.519255480272049,46.3553395296093],[10.519241273394357,46.35531341431163],[10.515939068646206,46.34636651264406],[10.515800230815156,46.345803417361836],[10.515733085528895,46.34523419820216],[10.515782360314136,46.34466656651571],[10.515914070243747,46.34348425340747],[10.516368678321854,46.3431903387263],[10.518452934392359,46.342966123768996],[10.519169644868944,46.343054299228484],[10.520040484641985,46.343278013972494],[10.533419733311357,46.33940064053218],[10.55062189903914,46.33265745085841],[10.563034440731984,46.3272996950715],[10.564588266485966,46.32209109324698],[10.563863268329907,46.319457703767974],[10.564111693807003,46.31483024023984],[10.56451047433982,46.31362419720756],[10.564859945411689,46.31301449787809],[10.566436410124878,46.31162763658705],[10.572727014502775,46.30685504907924],[10.575633381612695,46.30563967464325],[10.578884540170424,46.301947311945916],[10.578904532566263,46.30187839087569],[10.579035155195676,46.301427895225316],[10.579201581658474,46.300846370296995],[10.579546399459039,46.299017167913085],[10.579572499444174,46.298828434101516],[10.5795589725547,46.29877703738739],[10.579540500915598,46.29872301618993],[10.579485975873814,46.29856615129454],[10.57942317830752,46.298437178339675],[10.579343054097752,46.29832494987682],[10.57872355724196,46.29784198621203],[10.578057108442058,46.29732270783529],[10.577842398200003,46.29726026578805],[10.574511022151224,46.29525079579345],[10.572356485731007,46.29391585132956],[10.563090650205051,46.28741796631764],[10.560479181244922,46.284520563258496],[10.562032047961937,46.281639503479035],[10.567142312550994,46.278259877719144],[10.571624083485089,46.27634047424925],[10.576295929391097,46.27266825305264],[10.582502885652028,46.256832098899736],[10.585054170682982,46.248696729252096],[10.584895180389493,46.24481078203451],[10.581481261080638,46.24029551336533],[10.581388716535075,46.24019745688611],[10.581199074775808,46.2399972954295],[10.580903543407844,46.23975416652712],[10.580746937711313,46.23962557705489],[10.580597399847294,46.23953327257129],[10.579928622728223,46.23912045497432],[10.577974366827366,46.237972276005685],[10.576097558455094,46.237136003283496],[10.575920305772264,46.23709196710954],[10.575544073391137,46.236998496356925],[10.575467434626677,46.23698090000176],[10.575042607471596,46.23691331930804],[10.574588899637256,46.23699630356105],[10.574107829535265,46.2371083479909],[10.573960215995097,46.23711761956086],[10.573654299074887,46.23710954837138],[10.5733232558094,46.23698621579092],[10.572626759631458,46.23672596211065],[10.570690542979781,46.23589711487892],[10.570620041710132,46.23584591721259],[10.57010519530186,46.235465596049764],[10.56822077000134,46.233721036564326],[10.56817709552954,46.233629446693264],[10.56802040851119,46.233297694700404],[10.567977826063188,46.23318217825812],[10.56764972768745,46.23227445741529],[10.567813236005106,46.231834432820975],[10.567833707990044,46.231779944300825],[10.568930970610058,46.22926101593398],[10.570114392461885,46.227737964937575],[10.57033437895534,46.22743847779127],[10.570514517051796,46.227193236091516],[10.570768870550188,46.22673075788094],[10.571032503143963,46.22593806016316],[10.571073848994883,46.22579109128642],[10.571060614704589,46.22552188677113],[10.570446972326113,46.22206899022056],[10.568707968510209,46.22044043895918],[10.562316807048813,46.21460762051601],[10.557932239257765,46.21146425436333],[10.555223555813647,46.21012682258306],[10.555047689104438,46.2100396000776],[10.554986819207892,46.21000834179151],[10.554393797869732,46.20966977560863],[10.554302632084504,46.20961768861644],[10.554165940035654,46.209520645659474],[10.553071320188524,46.20874350708807],[10.552922072229366,46.20863754399288],[10.552823040422505,46.20856723298369],[10.551548731482988,46.20750395891598],[10.550813779296925,46.206812333781556],[10.549719485038107,46.205526962997475],[10.549357254671746,46.20462791366576],[10.54535722054847,46.19433992624712],[10.543736824471567,46.18744040489869],[10.546361811478073,46.18571897412072],[10.548671365188659,46.18420037573787],[10.55349823669555,46.18102175822178],[10.554060544284221,46.18064043571027],[10.55412610553789,46.18059571960328],[10.554552364119603,46.18026991268091],[10.556140818951805,46.17859723493165],[10.556907422352884,46.17774391464593],[10.558020145409802,46.17644159812735],[10.564775231918091,46.16767363569643],[10.565243137665385,46.167064265537256],[10.565311069221455,46.16697142858768],[10.565394916902203,46.16683864845685],[10.565400125390552,46.16666967192001],[10.565365197014728,46.166631177602774],[10.56527983577729,46.1665474612196],[10.56524285316227,46.166515497653016],[10.565072414377573,46.166369035749476],[10.564148688895093,46.16567223700346],[10.555434771093042,46.154863573961364],[10.548132108163058,46.14616564597434],[10.549604369147511,46.13829597609087],[10.550644830159394,46.126010225141634],[10.550697542956343,46.12370880728319],[10.549692990943724,46.11998443452498],[10.547892033914431,46.11564880666693],[10.541683786360252,46.10402843682289],[10.539887488805597,46.10160021914148],[10.536196684499535,46.0981471598103],[10.535743272718939,46.097731176371354],[10.53531049140742,46.0973686988961],[10.535274537462737,46.0973423790055],[10.53453878148082,46.09681629094674],[10.534155486214514,46.09661021346323],[10.533605429731855,46.096364703105586],[10.527393029925046,46.092195676921435],[10.522368110611305,46.08869819697113],[10.520034639967019,46.0863002980936],[10.518092480515936,46.08280224525214],[10.514171295295196,46.07862804627539],[10.509094578378678,46.07512882953687],[10.502943640127839,46.072241778943884],[10.499347620170958,46.07092092832597],[10.494545482256802,46.06899584714421],[10.49143126822109,46.0671272438452],[10.490919686638081,46.0668086748463],[10.490722717072225,46.06659724232983],[10.489690374214822,46.06547052339634],[10.483040034806855,46.057240776542244],[10.482087891481163,46.049738483296984],[10.483813314244866,46.043960056728466],[10.485107906004348,46.03741384529271],[10.485948295436614,46.03005459074472],[10.485392300280017,46.027226928232885],[10.484760246807955,46.02510645366561],[10.484399616221964,46.02399594597858],[10.483292237458048,46.02186371436723],[10.483044321940653,46.0215914422053],[10.482763845025012,46.02146485510557],[10.482662938095778,46.02141931280176],[10.482572230559958,46.02139374680088],[10.482041586664883,46.02124418435909],[10.48149987680243,46.02110707459038],[10.480982156443629,46.02108255613001],[10.480773979987445,46.02107269666916],[10.479848128501635,46.02118236517743],[10.472283489755528,46.02147421853724],[10.472238628735962,46.02147017482874],[10.472124999805336,46.02145993104379],[10.471859079240815,46.02142466384761],[10.47153244796824,46.0213622126956],[10.470815724083543,46.0210826504326],[10.470374942393077,46.02079749913462],[10.465862460168927,46.01785778686743],[10.465387513113162,46.01754739160602],[10.465051343369222,46.01730516188763],[10.4648799918874,46.01716700258907],[10.464699599862511,46.017017555385294],[10.462982435010739,46.01540466963766],[10.462699144157689,46.01510842210959],[10.462491742149442,46.0148899193791],[10.45829212948825,46.01042516759697],[10.458061718190823,46.01013910961124],[10.457952196041239,46.01000290405027],[10.457573442455407,46.00950798008177],[10.457327062727911,46.009102948694654],[10.45730488769672,46.00906416784763],[10.457158634530932,46.00855449452431],[10.457093812650697,46.008047876906666],[10.45725968750111,46.004781682727845],[10.457401661239357,46.00280864772642],[10.453354470967861,45.99105972118176],[10.45300035158515,45.988888572382436],[10.452270943522414,45.98241010582066],[10.452167914566344,45.98034877330512],[10.45232715426317,45.97910397871371],[10.452488421694094,45.97809715379699],[10.452866714081901,45.977430716772105],[10.45300865384424,45.97718263908474],[10.453407896568327,45.97655253507667],[10.4534392232181,45.976507145916386],[10.453576256587136,45.97641953368587],[10.469580516153998,45.97193480347031],[10.476200172395476,45.97048557114116],[10.47686927850683,45.97037720453763],[10.478257521993918,45.97015245798084],[10.478943648237712,45.9700554975422],[10.4801672068228,45.96995387624508],[10.482553419212554,45.97030378964164],[10.483250127865157,45.97041330735497],[10.484644748691029,45.97067769576013],[10.485250013031552,45.970796638377344],[10.486002520026291,45.970960934385495],[10.486332731755978,45.97106048878097],[10.486604668520043,45.97115832980362],[10.488558033420215,45.968736717505],[10.489416997920978,45.9637740114835],[10.487926702010961,45.96014555644061],[10.486165641184662,45.957967948816986],[10.48461678702888,45.955287874847436],[10.483261814771454,45.950527715890644],[10.484693163423252,45.94536403513532],[10.489127330371337,45.942386197758466],[10.491583865515402,45.93399638100227],[10.50106209566511,45.927675972985035],[10.503029213001403,45.9269111815957],[10.50746477785615,45.92483713129756],[10.508568122550688,45.923566172755876],[10.51067386855797,45.91655689476766],[10.510757561304313,45.91623971951259],[10.510845562724985,45.915580734528255],[10.507690118348043,45.90534425014014],[10.495935598054876,45.899740916281175],[10.490115844448475,45.88707745853769],[10.490046515424535,45.88504954502937],[10.490042391426249,45.88461082506547],[10.490153196678952,45.88431152064145],[10.490305882167315,45.88390283432179],[10.490871151720766,45.882752408533605],[10.49110595474364,45.88228263596919],[10.503702059283155,45.87356778624721],[10.50352807828235,45.8733264072769],[10.503376663189457,45.87310527863602],[10.50292046781104,45.87239308866827],[10.502758485596921,45.872138165789956],[10.502414982991704,45.87140547115676],[10.502293338446664,45.87104384647276],[10.501772806512818,45.86763285707255],[10.501747726028022,45.86739883070747],[10.501718375863515,45.86711193846608],[10.501696292760975,45.86686337353216],[10.501634242229882,45.86094798626525],[10.503924160803578,45.85570401397753],[10.505092810887243,45.85014794992196],[10.506555034489809,45.842410610824025],[10.503801351665288,45.83712450902676],[10.50371070507143,45.837083750907524],[10.503657803451746,45.83705915348849],[10.503559413638602,45.83700890963322],[10.503504396859299,45.83694909508486],[10.503070516191645,45.83632804153608],[10.50301224142197,45.83624440878234],[10.502964700679005,45.83616120092297],[10.50259172464832,45.83512052044507],[10.502481805792765,45.834733930135464],[10.502244494528085,45.833834619976955],[10.501977118334256,45.832356407165406],[10.501966087890464,45.83226663884295],[10.501959374634135,45.832172847151824],[10.501976606708276,45.83204585479643],[10.502102931007789,45.8313168971088],[10.50215534694145,45.83104556593808],[10.502204905981309,45.8308505307077],[10.502255037651224,45.83065324674546],[10.502359351320383,45.830377602099546],[10.502487139755136,45.8301617687715],[10.502827602254078,45.82973396960364],[10.50805687758852,45.82390339893822],[10.512776548481114,45.82489546170986],[10.51847051086532,45.82639648528467],[10.52428530314238,45.82712858963523],[10.52837304834729,45.8265746602702],[10.52934496159497,45.82623178254771],[10.536768890279538,45.8225763956472],[10.539188676604534,45.821159687158826],[10.543266768261445,45.818364077500476],[10.543627836874391,45.817647819014695],[10.543773067441533,45.81718146063148],[10.543800764616678,45.81705566756587],[10.543118634253277,45.81490608634712],[10.537284627179707,45.810754849174174],[10.531752580058672,45.809404973966544],[10.531096122690816,45.80444215120092],[10.532052667220231,45.79535218726754],[10.532978035747288,45.78796179256542],[10.536028948413238,45.78645974209086],[10.537797622569611,45.78563441411053],[10.538058901621989,45.7855871473442],[10.538416433186516,45.785522467872916],[10.547173909485926,45.784587980116044],[10.553673584938238,45.78393332165916],[10.560094146050092,45.784246823452236],[10.564265414356468,45.784564180599794],[10.574668338554384,45.78698377704266],[10.581148942740322,45.789516194417594],[10.58197622403477,45.79182669591178],[10.582389956701125,45.79429547477891],[10.586067937860655,45.79637410116604],[10.589082903950763,45.79787116900219],[10.58922621924261,45.79792898527856],[10.589707221955626,45.798123029096736],[10.599329824409068,45.80144271285377],[10.611710143341579,45.805321222033555],[10.6151896595212,45.80581337590809],[10.619594652366931,45.8060051677604],[10.63269821685329,45.80648638240729],[10.639422364931495,45.80375187042593],[10.641657096907752,45.8020836450189],[10.643828773357221,45.80295985340476],[10.645025683089365,45.80368126193161],[10.64582857460626,45.80456976671175],[10.647581872648116,45.806794661769],[10.648375402959342,45.80787666885738],[10.650744467676775,45.81215277584595],[10.653862577718627,45.82060604357016],[10.654527257711255,45.827569510035424],[10.6560655540197,45.83232392349103],[10.673620772888087,45.8311680046369],[10.677074763561256,45.83094347062178],[10.68248991032681,45.832568046512904],[10.690427270836501,45.83632088058417],[10.692077220481943,45.837400618595595],[10.695621772501044,45.83987336038549],[10.706802127027911,45.83649914343479],[10.707242696346032,45.836443248523636],[10.708892115858836,45.83623489532371],[10.70942347408009,45.83617380757018],[10.709893023043112,45.836119825144245],[10.710065332089057,45.83610938457527],[10.710679386420772,45.83607230628611],[10.711012997834601,45.83606262945394],[10.711359898217887,45.83609840238961],[10.716981700051456,45.836807132463335],[10.717294822691601,45.83690869525212],[10.718512206383465,45.837789919722674],[10.720564946836904,45.839326361725504],[10.7208921530572,45.83958153546373],[10.721454792060612,45.840020377182974],[10.72180397174853,45.840384311165245],[10.722051703240636,45.84070599938019],[10.722160873551397,45.84084609227418],[10.722506106762172,45.84118978156492],[10.725849049391574,45.84212782843526],[10.730310729745652,45.84256013727671],[10.731723022468728,45.842646755467],[10.731936829552335,45.84265535716085],[10.733182114658868,45.8427043317072],[10.734889868707066,45.84272021646484],[10.735080685220828,45.842721989670615],[10.735553304937282,45.84272294848867],[10.735926620558006,45.842641072417415],[10.74515517266382,45.83994758502369],[10.748523600573707,45.83790343217219],[10.751049590069854,45.8359920782625],[10.752157348989016,45.83422492762904],[10.753351887490044,45.832648356204324],[10.754251560974597,45.831556746770126],[10.756350437366498,45.83002690384183],[10.757001554498963,45.830617283465656],[10.757068219391433,45.83072117505723],[10.759854817538509,45.83542907107247],[10.759740227389788,45.83551743596773],[10.759684944976165,45.83560755045786],[10.759644704504325,45.8357149711174],[10.759625642131901,45.83581994226117],[10.759839215776413,45.83663102484503],[10.760042613965494,45.837146724159965],[10.76034095413043,45.83763913147229],[10.76306494723209,45.839960982548064],[10.764195433759868,45.84059620492543],[10.76479842777646,45.84084785018049],[10.765423425771731,45.8410769618143],[10.767872840909178,45.841898220928975],[10.769623424879368,45.84238433387391],[10.770552058827843,45.84262687752557],[10.77119841720186,45.842716276478534],[10.77263434446734,45.8429145850805],[10.77463094199446,45.84307647061587],[10.776571829393669,45.843040980254706],[10.777204778688635,45.843028187726155],[10.778144518065726,45.842603578092934],[10.780255091358997,45.84023487828658],[10.781969728289392,45.83798317305567],[10.783813688926758,45.836458600151545],[10.788646117726522,45.83435660894842],[10.791214673849494,45.83345736510793],[10.805328889053044,45.83490806952174],[10.81959821743749,45.836752546337365],[10.820269533363941,45.83687504251412],[10.822886789203089,45.83734884746096],[10.824120894362157,45.83754712169848],[10.825072717135212,45.83769997415942],[10.825385177982533,45.83774488054019],[10.825530180568892,45.837728976677774],[10.825861305378806,45.837688021648425],[10.837333029101115,45.83374822745458],[10.838733510046966,45.8332583442607],[10.839369168800136,45.833035146409216],[10.839917837575298,45.832841594154225],[10.840150472097323,45.83275599762336],[10.840022012843251,45.832390060104295],[10.83986491828384,45.831942558123764],[10.839551660813354,45.83105018914026],[10.838608246974948,45.82836252306679],[10.838334486161571,45.82758256297804],[10.83810789116218,45.82702047398576],[10.834549782621911,45.818192694873225],[10.833512748018537,45.816796239305354],[10.832468511338181,45.815570898658514],[10.830261565951318,45.81342811517724],[10.82699987384336,45.81110414153557],[10.826601630460706,45.81093050163603],[10.824996427707308,45.81025410524171],[10.819319676838816,45.807068412871665],[10.816267840989813,45.80503781647535],[10.815531146614127,45.80454548485138],[10.815362043177148,45.80443247117684],[10.814873399835573,45.80410590144855],[10.814781320821238,45.80404436260228],[10.814733906362035,45.80399241636977],[10.80959101201359,45.79835725460389],[10.80874381047087,45.79732408830538],[10.808119608037565,45.79656240838119],[10.80525014395828,45.79304350310918],[10.802409799422467,45.78955107772705],[10.78674664299763,45.76965566755346],[10.785139209596416,45.76755577548753],[10.784062555414645,45.76614917090917],[10.78377004119638,45.76577701438768],[10.77198570117388,45.75077933180104],[10.76313393526751,45.74069593562699],[10.735478883445785,45.70984167609265],[10.729639282699585,45.70342508546198],[10.712251169965288,45.68377484953491],[10.705606595392293,45.6764125473078],[10.702007049357494,45.67273538486539],[10.695965918896809,45.667424717501184],[10.689486540907152,45.66178261464936],[10.682114204433379,45.655356825591284],[10.68140497233013,45.65472189371763],[10.632531083650331,45.61084598700044],[10.627886466417134,45.60686240514085],[10.627894401893013,45.606793036242195],[10.628403193513874,45.602561575269426],[10.629506044073464,45.593467579356854],[10.630935477413715,45.58160713078257],[10.631709038050815,45.57410694523936],[10.631824103519156,45.57298550563949],[10.632284775222239,45.5684553654698],[10.633254735653722,45.558120071038886],[10.63527293884645,45.53657644004209],[10.635380190883806,45.53543097969879],[10.637614805243947,45.511485123981664],[10.638614450979375,45.500766665605106],[10.639765530346649,45.48919035041474],[10.640241884219105,45.48439850283269],[10.640310959337867,45.483703592378816],[10.640331509397916,45.48349709998447],[10.640690325807752,45.47989148382772],[10.64076131335157,45.47917810880541],[10.64300770649911,45.45756799568728],[10.644706489111302,45.45359591494682],[10.646017596994458,45.45273048412058],[10.647615868636478,45.45140077394873],[10.647737085220971,45.448536642430696],[10.644298404899363,45.44488768127962],[10.633679724880833,45.44418231780763],[10.624513952201482,45.443639657664725],[10.623645985976266,45.44361601020423],[10.622978955043537,45.442725361842214],[10.622936870732344,45.44214988269558],[10.623340990205909,45.44019087547004],[10.624157437059743,45.43801015265705],[10.626654229555854,45.438405757846766],[10.63138994457799,45.439527100087695],[10.635002021222052,45.44107765267495],[10.635862790189853,45.44210783723916],[10.640276169885725,45.44349536720768],[10.642110721288661,45.443703038996915],[10.646764498444973,45.441043672933105],[10.64801448777896,45.43045867829671],[10.647411970775641,45.42375198010685],[10.644003688606222,45.41994856400659],[10.64366021438825,45.41912535617706],[10.643607464006097,45.418739061684995],[10.64355070056287,45.41799281555139],[10.643865135048506,45.41781726996975],[10.653853246683541,45.41583678491047],[10.654626059751227,45.41582268398782],[10.65621158762304,45.41715733794589],[10.657495316448534,45.41865992519079],[10.657600802216804,45.41920745795843],[10.657470799495698,45.419569401105825],[10.659728538967917,45.421982192602364],[10.665234090881528,45.42771707206204],[10.669431908987905,45.42626026077372],[10.678701438532828,45.424759134646216],[10.685917919396761,45.423707685594096],[10.702349758065635,45.421357970043395],[10.713492550239232,45.41831936646573],[10.713933157155616,45.41809672150911],[10.71430796960506,45.417812055185],[10.715793345914424,45.41663758421262],[10.716134962587141,45.41610137180613],[10.716484394172534,45.414979971986526],[10.717127948958726,45.411756842980125],[10.71922315643904,45.40030317143852],[10.719094868037397,45.39993567148659],[10.718804441625936,45.399210964170024],[10.718011522168247,45.39748556828331],[10.717629674345954,45.39669019893777],[10.716841881962349,45.395567879694575],[10.707873192337825,45.385818955267546],[10.69885185676629,45.38032349421595],[10.698267213260076,45.37899520161088],[10.699546363672532,45.37596656731032],[10.701569254419702,45.37411233942787],[10.705226831723143,45.37088030334115],[10.70638734618859,45.36999847811606],[10.70745185435473,45.36928082439002],[10.708668565198813,45.36897458166772],[10.709927341812556,45.368793714586225],[10.710588772623192,45.36879934517711],[10.710866656510207,45.36880177279137],[10.7110769511637,45.36880349960038],[10.712656726786053,45.36868094737424],[10.713865201503506,45.36846417274006],[10.71466055942215,45.3682187937468],[10.714647139458895,45.368106103425426],[10.714636021301525,45.368012743228185],[10.714629485368029,45.36795788788173],[10.714626309011932,45.36793125185512],[10.71458011717754,45.36787013741123],[10.714041050920656,45.367156922934534],[10.704469281065574,45.359407110221426],[10.695314534106059,45.355410710056866],[10.691839355435857,45.354040046270256],[10.69014631916411,45.35377707603208],[10.68888056290815,45.353714787919465],[10.68857982359476,45.353728369336295],[10.687694858831861,45.35376833264719],[10.685732402555217,45.35217252501593],[10.686904802767392,45.34264978273129],[10.689762599094394,45.341629758779085],[10.693516473483957,45.34052226788333],[10.695473534797921,45.340218501862424],[10.69759792718546,45.339979900926274],[10.69991322732836,45.34033682727368],[10.7057744086731,45.339389981114216],[10.715029519166658,45.33386815070486],[10.715435222092156,45.33259319890632],[10.715501974017092,45.332268149537654],[10.714942012402192,45.32893703854869],[10.714542578737522,45.32753881018089],[10.713175833777107,45.32368874162802],[10.712320274151228,45.32239640259345],[10.711959730851989,45.322082221068506],[10.71150783221307,45.32168844684695],[10.711115144301733,45.32145338656766],[10.710708724080169,45.32121010170265],[10.710598290391035,45.3211439931937],[10.710218163521246,45.32089895254514],[10.710058291790276,45.320795893062574],[10.7095358471789,45.32045910072194],[10.709479289698253,45.32042264002555],[10.70879879225948,45.31985673699791],[10.707916214738896,45.31868305943287],[10.70788177641261,45.318637261121914],[10.707625114499203,45.318237343726715],[10.706382650460423,45.31630130427102],[10.706456845193335,45.31627372126122],[10.707064028581213,45.31604811966821],[10.708131184423687,45.31589714128426],[10.70946963853142,45.315859104328354],[10.711042792725895,45.31598856638279],[10.716381729254511,45.31661054556548],[10.71785158826979,45.316894465209174],[10.718499233054283,45.31701976515223],[10.719458651225654,45.31733406223662],[10.719890858353333,45.317475992467614],[10.720250594862224,45.31776082555648],[10.72064911159142,45.318076557537744],[10.72128223703362,45.31876011692384],[10.721960599186696,45.31883090465975],[10.723015818179954,45.31870696345331],[10.724705414265847,45.31846542902613],[10.725398271826364,45.31829252202085],[10.726123618554563,45.318110940935014],[10.727070508074211,45.31778157153363],[10.730482260601987,45.315857626835665],[10.7311508783499,45.31519038644658],[10.731344372537295,45.31442233238536],[10.732959970140183,45.30673762945576],[10.73305719371099,45.30583767556682],[10.733099255552153,45.30544831537174],[10.732781474632612,45.30419971337861],[10.732765152415874,45.30413930728034],[10.732438194669209,45.30300995729014],[10.731957723476222,45.301892071325234],[10.731113988747717,45.30057266142279],[10.730478826850776,45.2996227215838],[10.729737648549133,45.2985141972168],[10.729213937965557,45.29706990448757],[10.72887448970256,45.29613288891665],[10.728562727118371,45.29464240832524],[10.728424445107276,45.29398036036072],[10.72841139357381,45.29391657077847],[10.72826980864431,45.291734362302385],[10.728313599365158,45.29149212257849],[10.728348037911491,45.29130213318508],[10.737415845951581,45.287244849251834],[10.739641262167343,45.28862647352417],[10.74298149921448,45.29070001909334],[10.745369133776778,45.29218206236411],[10.74858268100397,45.29417657836783],[10.757526391573919,45.299729098799936],[10.761533562742292,45.30221630087],[10.765593482106134,45.30473623735149],[10.771893296698137,45.308645759059026],[10.781938363118726,45.3148776409268],[10.782815303410473,45.31542157934705],[10.78287016825923,45.315386753829664],[10.79450889202215,45.30796981594158],[10.811969230279901,45.29666722040427],[10.816315773265064,45.293393632710554],[10.81605426731691,45.2919935668034],[10.816265417878096,45.29101805638243],[10.816562624374729,45.2899421516229],[10.816873912023889,45.28930709486948],[10.821586566102368,45.28634254510977],[10.827022511491414,45.28387932759901],[10.829419583139725,45.28198072309634],[10.840151044014645,45.27026698286306],[10.840839248504198,45.2653844428384],[10.844626190663712,45.25951737109194],[10.846608104246071,45.25656884379847],[10.862955026038016,45.254649692421864],[10.876279594602662,45.25274549516509],[10.884818576414052,45.24804576126777],[10.899658321493959,45.2456708088572],[10.899867805460428,45.24243595805702],[10.901475086005037,45.237872257027604],[10.902087411785677,45.23748404212034],[10.902381658637756,45.23741914135167],[10.90346535959092,45.23719098925579],[10.917793200084061,45.23514191226882],[10.931058430899494,45.233721105734105],[10.936383579693517,45.23287559798297],[10.935864444371543,45.231373990810134],[10.935061774283605,45.229683648959096],[10.934299352703952,45.228238324999964],[10.934038023516097,45.228044710723],[10.930806883249657,45.2255429736026],[10.930968238066232,45.22090444971181],[10.93145531890578,45.21761064555521],[10.934541566632847,45.21547903345579],[10.945957423943655,45.207742409141964],[10.956247937522972,45.205963577156474],[10.957868508631988,45.206079397738094],[10.959942809341438,45.20602622820396],[10.96603245948601,45.2056080647731],[10.970383324889578,45.20415420046275],[10.98229300769954,45.19951026058146],[10.985397232545592,45.19870918096916],[10.98767449617268,45.19756236791416],[10.989633587988392,45.1964210446788],[10.990676637975449,45.19566473246492],[10.996778036037963,45.18738473749192],[10.993225085443528,45.18406221402801],[10.993780059441947,45.18062288145282],[10.99575739593637,45.174480492041866],[10.997625214819342,45.168664606588585],[10.998797238900599,45.164701382322335],[10.998012016410982,45.15862102868671],[10.997730661198577,45.15785181345449],[10.997390147025985,45.157209649098],[10.995372037564247,45.15406736462848],[10.994982289666783,45.15347106534925],[11.010244628120418,45.14865754529489],[11.011041062513062,45.14887756031358],[11.012297647948293,45.14952154021505],[11.01364737301307,45.150280887465485],[11.017187912632563,45.152558807888184],[11.018127753200782,45.15323532638604],[11.020401653001542,45.15494141952071],[11.021560422187866,45.15583944915061],[11.021327396111799,45.1564028717737],[11.021260543250847,45.15656451257339],[11.021986229297248,45.156938759446696],[11.023174148992547,45.15743077810095],[11.02609893296909,45.158468058041095],[11.028043837022658,45.15913569830851],[11.028312041215688,45.15922099097349],[11.028365545738662,45.15923800594397],[11.028728858273746,45.1590785177892],[11.029348990033862,45.158737043661105],[11.029559405123926,45.15853267595625],[11.031820708671065,45.15407263077888],[11.031819992995054,45.15226331745416],[11.043755185568347,45.152329315890384],[11.045156937163176,45.15275446377348],[11.04600547417805,45.1530001451402],[11.046633917035923,45.15314189957909],[11.049459199916313,45.15068777764295],[11.050146611844879,45.14999131296032],[11.050475020948829,45.149571337836136],[11.047369792785855,45.147403667461845],[11.04450326219194,45.14550168255878],[11.042285360925112,45.14394809033457],[11.042264247936384,45.14385954453781],[11.042225519700608,45.14369711357248],[11.042227247413738,45.14339097284692],[11.042267885251698,45.139897654578135],[11.04325513446908,45.13584724433215],[11.04384524338262,45.13456740616593],[11.04384765437478,45.13427930662959],[11.042017923922682,45.133036089212965],[11.037521282881556,45.13099425978957],[11.03728409303738,45.130898102762394],[11.036281605760294,45.1304916905671],[11.035929474038367,45.13035097165894],[11.035889453566115,45.1303349790414],[11.032535011701908,45.129162491114776],[11.029294936214187,45.12803295669321],[11.028931481737866,45.127874676767384],[11.028439430270106,45.12682653952922],[11.028395262001895,45.126732451330675],[11.028470825365563,45.124201638008444],[11.028696851451395,45.12304540599399],[11.03072480947211,45.120713918293745],[11.038796431325464,45.11452479723387],[11.044202972986321,45.111480675340246],[11.05770752905716,45.106226761955504],[11.071944887811235,45.0992782960383],[11.0751505061428,45.09830189352202],[11.0875914609215,45.098255099705035],[11.09412483082287,45.09970492556846],[11.094645882302702,45.10452608975762],[11.094893032282377,45.10606984632509],[11.096051964221603,45.10779994525805],[11.097469727958675,45.109785247707066],[11.10014822232707,45.1124545150416],[11.100565319421056,45.11273489565018],[11.100991157154725,45.112907087286516],[11.102143824073055,45.11313793663815],[11.102553148265542,45.112860350922695],[11.103539543181176,45.111680953346394],[11.10482641852414,45.10968586515473],[11.105585505159842,45.108204588078365],[11.11235248915327,45.10591015846344],[11.117065544250146,45.10447105622881],[11.124327326148997,45.1035126122757],[11.126603702773,45.10322408397961],[11.127112696224994,45.10322590078416],[11.127404591230142,45.10322716954803],[11.13079174620013,45.105099367655015],[11.132485015491936,45.10605198161308],[11.134385639348986,45.10910099675647],[11.134820654993696,45.109858008292946],[11.134756222262506,45.11051633242312],[11.135556219334125,45.11730665392564],[11.137675732670422,45.12333411606483],[11.138738181744687,45.123863327978476],[11.140681392148073,45.12451756151196],[11.145875541466344,45.12600681456555],[11.146437334309603,45.126068264903125],[11.147383392167445,45.1258593744452],[11.147647998418423,45.12580093345281],[11.150237075411297,45.12465548763805],[11.153361721894473,45.122877263599044],[11.164549212028039,45.11745369994987],[11.173917964775017,45.11574538502086],[11.183171128352171,45.11268818196523],[11.187559252024815,45.10994933877187],[11.197138126665275,45.11125004658004],[11.198279406330327,45.111507128173486],[11.199391137616585,45.111656743741044],[11.200131384749138,45.11173249749985],[11.200818736410794,45.11175525296435],[11.203434135031253,45.111667286924096],[11.204324218987132,45.11101248661824],[11.205086163753803,45.110331643336565],[11.205436521151057,45.109856781997756],[11.205464936110907,45.109603610032195],[11.205477521902994,45.10949142085064],[11.202023859716947,45.10764073737925],[11.188407711030607,45.101520378845024],[11.178442356244895,45.09770270229702],[11.177846154972256,45.09747425813857],[11.177508735685496,45.09734496336884],[11.177055310625029,45.095112222250506],[11.17669846574292,45.09207644411148],[11.1767184589191,45.08925852244102],[11.17681638886993,45.08849150759636],[11.177308926697998,45.08807703325403],[11.178122327381836,45.087746453816145],[11.179309445541172,45.08755276598795],[11.180027024996615,45.0877100940322],[11.180849626629476,45.08795543099205],[11.181783441754519,45.08811762387059],[11.182881653027716,45.08792559809395],[11.187453920858587,45.08653281874759],[11.187774780975602,45.086283620259366],[11.18795870918029,45.085775994145635],[11.188368223019745,45.08408482590704],[11.18822008646348,45.08330451041725],[11.187325788256066,45.08251149639153],[11.1825706243455,45.07886388161337],[11.175486548931943,45.074888224525594],[11.17362843741422,45.07078279073247],[11.174295019231435,45.06156136657682],[11.175279829114737,45.060066315882914],[11.176413778162068,45.060494789176325],[11.178564153923464,45.06093086391866],[11.181128603256147,45.06123407039187],[11.191491812822333,45.06087243589809],[11.193380505335679,45.06077314729444],[11.197421619692678,45.06049738955266],[11.200548613230842,45.06025747704265],[11.212191052535276,45.057484492510845],[11.214904698026933,45.05638766000517],[11.216388829697264,45.05568372127572],[11.225996451224338,45.050284744050714],[11.227471191292237,45.049346790930834],[11.228818305931823,45.048393312311255],[11.230587379418887,45.04713453605397],[11.235031405169686,45.04457212277956],[11.236689791594403,45.0437924844749],[11.238533492854039,45.04320723519958],[11.24044088807831,45.042953767583555],[11.243039002541613,45.043154795067494],[11.243308165816996,45.0432196283456],[11.244080601319675,45.04340568202522],[11.2454231779217,45.04372904910659],[11.245704966807775,45.04382382509958],[11.246516854992972,45.044096890213844],[11.247160205801947,45.04431326474473],[11.247597708183045,45.044460404872936],[11.247934541858351,45.044680117511696],[11.249031087256656,45.04539536227093],[11.249110547808826,45.04547894342499],[11.249772754960762,45.04617548584878],[11.250023583270591,45.04643931397098],[11.250501220849978,45.04694169857518],[11.250751456582469,45.047325141693634],[11.25104145818138,45.04776951226461],[11.251331464380593,45.04821388197808],[11.251621475215575,45.0486582517335],[11.251649639539357,45.048701406475146],[11.25298775796585,45.05043935103507],[11.254916748498745,45.052345648394166],[11.256959319765668,45.05390759586699],[11.259480321584025,45.05536101872729],[11.261411587858658,45.056348975496775],[11.262712485267771,45.05680928981336],[11.264324513400418,45.05678632204311],[11.26590254213196,45.056223908446725],[11.26755121936352,45.055200972806034],[11.268699362619829,45.053404803630826],[11.269072779066574,45.05236950087286],[11.269202893708073,45.052008522838925],[11.269534234098483,45.051074751293335],[11.270298470036723,45.04856605897874],[11.270504426446387,45.04783411851288],[11.27059903838812,45.04749787077037],[11.27060093491142,45.04738210880222],[11.270617626030909,45.04636327175426],[11.270591333266765,45.04603203225178],[11.270555662834283,45.04558265165189],[11.270519993135116,45.0451332718965],[11.270516323448673,45.04508704023444],[11.27047367654819,45.04468410387485],[11.270455474427322,45.044512136148775],[11.270408368634019,45.04423531354644],[11.270369965902411,45.044009722028534],[11.270186733526844,45.04378961162188],[11.26998555710288,45.04354793372878],[11.269279030870594,45.042699145414375],[11.26851211222177,45.04160717388592],[11.267352427614105,45.03989286345048],[11.263142281622676,45.033584948770695],[11.263079464072673,45.03312858486641],[11.263053340238454,45.03293876807103],[11.26321313240523,45.03280588926483],[11.264073558220877,45.03209036902138],[11.26642491155431,45.030553901423886],[11.273207189949991,45.0203820043441],[11.273300398293125,45.01920991568087],[11.273910146781935,45.0184204534954],[11.274037872610133,45.01825858629186],[11.2743569583822,45.01805144265792],[11.274680388849623,45.01784160819725],[11.275497048376165,45.01731177124261],[11.277360727682684,45.01694153009827],[11.281525602444722,45.016354261685066],[11.282863388115581,45.016165784660934],[11.283014843564073,45.01614444567446],[11.28905280324521,45.01542939569942],[11.292747324176739,45.01500046764484],[11.296132994102967,45.014757265056154],[11.297397834953397,45.01465063197345],[11.301618039981747,45.014186514389344],[11.303072107194838,45.0138515150805],[11.303416220129353,45.01377217191769],[11.303705333130875,45.01370303777214],[11.305389732936879,45.01330023689425],[11.306948380071722,45.012926672171055],[11.308740333842383,45.01235934097681],[11.310369022695445,45.011477017728936],[11.310863927781938,45.011208897768235],[11.31321572350748,45.009730216915344],[11.31792883469819,45.00419748920713],[11.322128955546116,45.00017390181371],[11.32728835486649,44.99559372601182],[11.331854484850512,44.99223393968608],[11.333470527285682,44.99141774690574],[11.335812042943113,44.99039765498016],[11.338246000636097,44.98942062811459],[11.341001489551799,44.988553981211595],[11.360640410742501,44.982542640473895],[11.360769223804105,44.98248442625405],[11.361424545146026,44.982247992324794],[11.362049477660822,44.98202256903261],[11.363680527859858,44.98143420190768],[11.36392457060657,44.981354286871586],[11.364550325927924,44.98114937253417],[11.364674026941742,44.9811088639906],[11.365176077943314,44.98094445482489],[11.365801824155152,44.98073953469578],[11.366233598612473,44.98059813441576],[11.375187639723558,44.97766941466922],[11.38644537040358,44.97411006913713],[11.394559168439455,44.971617642757934],[11.395838818956221,44.97128472844365],[11.401788011023653,44.97042154206023],[11.405808624321134,44.96986876424061],[11.407680743914813,44.96976627391866],[11.409027757325635,44.96953081201696],[11.411301992704963,44.968726626370724],[11.412651446323643,44.96824801448915],[11.414792350402099,44.96734757288905],[11.415613457616868,44.96699552493715],[11.416139594844863,44.966769939400194],[11.4174698694639,44.966138643002836],[11.418439524280624,44.96567700527957],[11.419060144895587,44.96536826861709],[11.419589710748946,44.96510482310477],[11.420178354347607,44.96481198141964],[11.421912206124471,44.963830000232534],[11.422756907422796,44.96322976945801],[11.422982904799358,44.9630691210605],[11.423342609308483,44.962774729575585],[11.424416958497403,44.9618954248628],[11.425487384191104,44.96081945888303],[11.42623181785539,44.95983143501473],[11.426296183419153,44.95972254995075],[11.426835383440883,44.95881038453676],[11.427316413794339,44.95789096828004],[11.427588447735264,44.95653489850702],[11.42767276191697,44.95522782699639],[11.427650479896876,44.95386486970467],[11.427645805618988,44.95373408127552],[11.42750652824438,44.95283685295952],[11.426932026183739,44.95076745325429],[11.426742046083852,44.950083466728024],[11.426178123714154,44.952070898472186],[11.413927055679528,44.950316398312985],[11.405733531378337,44.9486887133124],[11.399691533958945,44.95255337542345],[11.390236620657657,44.95581145884606],[11.378192849001184,44.957926024414945],[11.376715940787237,44.958082816666305],[11.372857244541779,44.95766798607932],[11.362763830721544,44.95546585282808],[11.362131908114224,44.95457767130576],[11.361700356564064,44.95394746545863],[11.360845653884162,44.95227278565619],[11.360044491033785,44.95090334028715],[11.359338745203672,44.9504585458037],[11.358604440737917,44.9502599048562],[11.358121012092477,44.950132574396115],[11.357155454240198,44.950080507927886],[11.356268314622291,44.95039588319358],[11.353674639160113,44.951430611119825],[11.348836796238578,44.95341167369447],[11.334335997339565,44.9584262359513],[11.322796388049413,44.96116411655122],[11.30865683286604,44.96046062266616],[11.285372897893724,44.95676128968645],[11.279612640739302,44.9492078638271],[11.271636082637137,44.93886712232781],[11.263189126799622,44.94526697245314],[11.250276035066953,44.94952838702447],[11.243697934667086,44.94867169020463],[11.231796383525866,44.94484531180744],[11.229804686055488,44.94480321136592],[11.22781229302358,44.94474309382843],[11.225805133452901,44.94462921385836],[11.21744620227866,44.94413027431984],[11.216348967226766,44.943944529879985],[11.21415380111278,44.94355504762783],[11.208315223997232,44.942335877408944],[11.206558322202751,44.94180272684611],[11.205415927396581,44.941428726145496],[11.203660005464252,44.94058945657758],[11.203087253222142,44.940195418586725],[11.20207912333205,44.93948680911678],[11.190857096716499,44.93857190795913],[11.184078285111074,44.93893585720016],[11.15854419693173,44.93809020376814],[11.156076674735584,44.93569635525913],[11.153532829631581,44.93343987941686],[11.152435622084427,44.93324454055776],[11.151286664868149,44.93333821091261],[11.149175302188207,44.93415214539968],[11.142860288436902,44.937394547622574],[11.142630035636262,44.937677915585375],[11.124333312133754,44.951369805692146],[11.122288267196828,44.9526140887777],[11.120547237768298,44.95349588264437],[11.120383759003065,44.95356767648716],[11.118021570942643,44.954466717441804],[11.11624980056462,44.95489565450351],[11.106158268749684,44.95690968312466],[11.100607149554165,44.95798416744684],[11.091602708066864,44.958563598899],[11.082260044454173,44.95995879481769],[11.076199087506582,44.96159517083223],[11.068985613691371,44.95857892073118],[11.064627361999639,44.95426861408648],[11.060358081858515,44.95017622575139],[11.05793150172726,44.94970110076783],[11.053070939370286,44.95023871637898],[11.049034763984581,44.95122616269575],[11.041260906275868,44.95137770490638],[11.030297216665364,44.95136618828421],[11.017115100914909,44.95282418037692],[11.00994912595248,44.95375174569908],[11.00478429368521,44.95465275024385],[10.997472404767382,44.955086982158],[10.996755688390625,44.95489248472597],[10.994007681637743,44.95386028323163],[10.993287255183033,44.9535577950577],[10.990686237621304,44.952396918022316],[10.989899087225291,44.95199655181862],[10.988812454755907,44.95136735433784],[10.9865411383467,44.949471432825305],[10.985796659867587,44.94883623390461],[10.978022202485713,44.94282290815351],[10.967414126497564,44.935062959081854],[10.954356141013442,44.93336895700885],[10.951384179028755,44.92976935166318],[10.94595764134093,44.92541290127173],[10.941373627186426,44.9219139946045],[10.937372017204542,44.92223496824179],[10.931537786242531,44.92272542869741],[10.919078933894763,44.92380873052278],[10.917052685096394,44.924127476306495],[10.913918554893385,44.92313476927996],[10.890308766598965,44.91243772859653],[10.889162866224323,44.913181327577725],[10.889092459868504,44.913232399046045],[10.888851963426568,44.91340702193349],[10.888473469294297,44.91369684872387],[10.888431765453085,44.91372904571522],[10.88788583415674,44.91427136838281],[10.887940667843617,44.91443768442673],[10.888357741829282,44.91570185566551],[10.888368265104631,44.91572664785852],[10.888791026442247,44.91653908824927],[10.889677916176112,44.9175152092179],[10.892243939163757,44.91878791424114],[10.897514983734442,44.921468559496624],[10.897724300766892,44.921610933862276],[10.89799102534435,44.92180554014462],[10.897729853513601,44.92186030492954],[10.897116009737092,44.92177570851293],[10.89694416403173,44.92173998221714],[10.884837192368728,44.919210661027364],[10.880223435175168,44.91774429253411],[10.86962850128918,44.92040733162779],[10.868588815501326,44.920775430777766],[10.867951500905496,44.92139525903011],[10.865969121274363,44.92360888338474],[10.866098239987657,44.92596504651275],[10.866688895377964,44.926704104087804],[10.866896392563493,44.92729866068976],[10.866902144832837,44.92732491734777],[10.866993421042368,44.928241673319945],[10.866604194019443,44.9287161159566],[10.866013728162473,44.929265888888715],[10.865391527058208,44.92961813642026],[10.864105617481677,44.92943208554133],[10.857658353610535,44.92834439713016],[10.853352970855923,44.92728020458989],[10.848834600089203,44.9258951592224],[10.847694300559443,44.92569596251645],[10.8425536553604,44.92919240075396],[10.841450859694085,44.929975361775256],[10.840718905088567,44.93077641934341],[10.840619573439033,44.93088589382433],[10.840303084662933,44.93158079893448],[10.8401508345058,44.93191514570151],[10.840141360702255,44.93194007375264],[10.81921173315559,44.936795404058415],[10.812549994684604,44.937756373353636],[10.80877522524444,44.9360735595217],[10.792397270875549,44.939735418676484],[10.778063127864725,44.94178691363245],[10.776948451349144,44.94195848499603],[10.776826869181358,44.94197720920061],[10.775923704205338,44.94220435708662],[10.775682311181043,44.94226506651539],[10.77468978634337,44.94255054918139],[10.773662788598575,44.942926599486505],[10.769967425218445,44.9443522301325],[10.759576084236977,44.946484285862844],[10.75378503273018,44.94717852125638],[10.750318767002618,44.9476078177624],[10.74774601986438,44.94804331060896],[10.744566559717319,44.94892911554937],[10.743559909544933,44.95079898195184],[10.742854888967244,44.95301168190835],[10.742795697837948,44.95391969148455],[10.74361665109952,44.95519460382634],[10.746846278531041,44.96426067332104],[10.74593586254846,44.96559789092216],[10.742433954441594,44.972134735745925],[10.741630391583737,44.97579077603456],[10.741053025174224,44.98090872373481],[10.738232933234253,44.98544288049238],[10.731588859604356,44.99140398242953],[10.730152318663981,44.99190596436356],[10.727396780532395,44.992025739631316],[10.726300067459675,44.99183528475526],[10.72521360384638,44.991563647956966],[10.724585522359424,44.99134809042137],[10.71452011366437,44.987123344184],[10.713658991356363,44.98655715955242],[10.713151662037728,44.98613269257612],[10.712161511022027,44.985256356815825],[10.711827397135837,44.98468524694847],[10.71155131446633,44.98393322183527],[10.711333272361674,44.983000278991405],[10.711326845793101,44.98278432591642],[10.711308749560246,44.981749386776485],[10.71133355028747,44.98132425902952],[10.711619522202714,44.98003164207549],[10.711637583271012,44.97997030928286],[10.7116948178221,44.97982266002323],[10.711813897736928,44.97944349851725],[10.71204418274697,44.97813236262669],[10.712066867827218,44.97797263117689],[10.712085535365146,44.97772280270115],[10.71212014950773,44.9769276190463],[10.712141219416177,44.97641254159404],[10.71212172938694,44.97627298218924],[10.71207196626068,44.975918423031835],[10.712006843665725,44.97545468076706],[10.711999345059889,44.97542499853179],[10.711708315667588,44.97464528443312],[10.711687222726948,44.97460582641296],[10.71126799441446,44.973909143343995],[10.711019414936443,44.97349604128168],[10.710772560454512,44.97308580963345],[10.706740392032977,44.968957404892365],[10.704463819872018,44.96675351873789],[10.704433982392763,44.9667254747408],[10.703985280702655,44.966364229437474],[10.70315195089621,44.965708848786434],[10.702616199280051,44.96531474128102],[10.702248112503897,44.96507410513533],[10.701515043558725,44.96466637861051],[10.6983784550453,44.963177892566335],[10.697364864657429,44.9627743694218],[10.696467620964317,44.96244563613147],[10.695583293352716,44.9621257005263],[10.694741002145015,44.96194015833],[10.693637038317986,44.9619115389581],[10.692979337787815,44.96196629515339],[10.692196456256685,44.962076932838194],[10.69199899090021,44.962156209630216],[10.691557456189456,44.96233840590663],[10.690997960483763,44.96271578117946],[10.688040209694249,44.96559522519242],[10.687992708913573,44.96579020081422],[10.687960987167466,44.9659204629151],[10.688286573554063,44.966644796788096],[10.688484799669963,44.96690088359883],[10.688665445171162,44.96713400320001],[10.688708251006162,44.9671876591506],[10.689082955473719,44.96742516412011],[10.689621655061844,44.967633245038506],[10.690325912083212,44.967865869359166],[10.69128633515398,44.968184718205926],[10.692274908247335,44.96859765246436],[10.692855075500743,44.96891446112237],[10.693125525167606,44.9690621438471],[10.693645780898263,44.96950452132554],[10.69395002262765,44.96993209851105],[10.695961287552338,44.974466198729075],[10.695646822103377,44.97498397566479],[10.69334709084956,44.97825879294722],[10.691386180339181,44.98101543405077],[10.689009348373023,44.983841200304035],[10.68668004065286,44.98659267956037],[10.68337003118573,44.98274525590072],[10.682593480667125,44.9817389893648],[10.681849066266079,44.980552548884496],[10.678910041149047,44.97639251764636],[10.66470377018788,44.968908408801234],[10.6562003610006,44.95778461815263],[10.656128239666032,44.9575208331753],[10.65592390501779,44.95678861210891],[10.655913549345799,44.95676388891883],[10.654743102612187,44.95426890003249],[10.650727356921537,44.94862811016606],[10.650330078666032,44.94807660720539],[10.649861968196976,44.94758227184473],[10.647262984858706,44.94535579114755],[10.64568530197346,44.94426231847487],[10.644241543254282,44.94344592493063],[10.642933892298064,44.94248354947051],[10.642161107652717,44.94187361948107],[10.641766390315663,44.94154613621416],[10.63951601222654,44.939521535004985],[10.639372540607564,44.93938333391068],[10.638522434222159,44.93845558122028],[10.630918936652458,44.93015272487514],[10.6251804331523,44.925624926866334],[10.624596767565285,44.925597228796235],[10.622775352436678,44.925263057098206],[10.620210599839115,44.92462883429698],[10.619265210783045,44.92435418363396],[10.618163804317359,44.92393769578107],[10.617010718663527,44.9234859417569],[10.614161344184595,44.92218496630839],[10.61124624026176,44.920794824842055],[10.606722409022874,44.91853156087771],[10.604520620355371,44.91726624974319],[10.602324707369533,44.91620784961496],[10.601592836369896,44.91585804451966],[10.59996500489108,44.91517871299714],[10.599041598924924,44.914826927562835],[10.598825415926266,44.91474457779873],[10.597770287801767,44.914615307172646],[10.596169892166975,44.914466660917384],[10.594196289349787,44.914566246417365],[10.590960867652099,44.91484992147465],[10.57418758694768,44.90938867644715],[10.561860959249925,44.90938691367845],[10.553689141565277,44.910754248435794],[10.542702447228605,44.91204648560255],[10.531260890382422,44.91299734637499],[10.528173763723306,44.91270387777504],[10.525559920868162,44.91247043005826],[10.52294922576632,44.91243327103069],[10.519853175245688,44.91272658417744],[10.517224452739294,44.91345454549973],[10.51496925197712,44.914411695292095],[10.513513254757704,44.91541222695812],[10.51267212747688,44.91618854382751],[10.50954386950343,44.9186426086886],[10.508227697791321,44.91966823148537],[10.507172052199577,44.92048334707715],[10.505879258869433,44.921436604985],[10.50517052490992,44.92192305625833],[10.504315315736278,44.92242769247364],[10.501140145506545,44.92383038276818],[10.498615117721714,44.92470073194608],[10.492359648855837,44.92673478950388],[10.488623254077083,44.9278651055161],[10.481243443438132,44.930144054699696],[10.477464926483673,44.93154330037698],[10.475320045613657,44.93240821440973],[10.471181879529391,44.93412698852428],[10.469517764263747,44.93491848039917],[10.464876739618797,44.93682853148892],[10.46400282366987,44.93717896473518],[10.462999188979843,44.937535734473194],[10.460942774321863,44.93822916980161],[10.451628621729945,44.94054716262756],[10.450800278896061,44.94054960681365],[10.448872312067694,44.94049307022246],[10.448219182712114,44.94043706726961],[10.447957757520749,44.940414649597365],[10.446613549639247,44.94038668495553],[10.443259202933918,44.94056415886012],[10.441656340715786,44.9408364649863],[10.439951280295695,44.941262361372274],[10.437757344837415,44.94204771077294],[10.435668369655696,44.94313646749744],[10.4340044368149,44.944516171132584],[10.432722256652072,44.945990085465596],[10.431837984143156,44.94707278314828],[10.425675280651863,44.95931127589443],[10.419396452188137,44.97315307311261],[10.41938703935546,44.97318513718784],[10.419256182568086,44.97362295745923],[10.418532317158999,44.9751351450242],[10.416767797084157,44.977650005325934],[10.414585593180409,44.979639972272444],[10.414335602372235,44.979845732739676],[10.413416912344696,44.98059952285726],[10.41164612530773,44.98182775053936],[10.409909014271639,44.98288424471268],[10.407996480423476,44.983835268068475],[10.405673984357804,44.98449428046796],[10.40348640054003,44.98477324548534],[10.401293518872558,44.9848361832897],[10.399284949887948,44.98465377238631],[10.397237022211824,44.984417789781034],[10.395389596490745,44.98408031154136],[10.393238170744596,44.98349745262312],[10.391704356876406,44.98301356070401],[10.389797834374653,44.982325628029585],[10.38940739766148,44.982142039899834],[10.387745121650388,44.98136038698946],[10.387151341245339,44.981081141917905],[10.385499875999207,44.98029842643964],[10.383365835763362,44.979109045150565],[10.38210074519629,44.97818816527622],[10.37938608427586,44.97605154153335],[10.376265888209787,44.97338862261817],[10.373119565361172,44.970680929672994],[10.369304863916913,44.9681161892053],[10.367968021871578,44.96735805320592],[10.365288018618653,44.96610285234257],[10.363399699954522,44.96561230703525],[10.362184304489288,44.96551014446472],[10.361430340900423,44.96544676332473],[10.360747529493606,44.9654006655792],[10.359957106416024,44.96534729809456],[10.358831867169437,44.96548672195787],[10.35851601525813,44.965535482921],[10.356899984805818,44.965833763043086],[10.355284571501493,44.9661590116664],[10.35142257793183,44.96747405159919],[10.350014580053026,44.9679948183961],[10.349459306802475,44.96827301293197],[10.348861563758268,44.96857556077577],[10.347273868536856,44.96954851024028],[10.345990813605336,44.97053584987435],[10.34451413321074,44.97192153068346],[10.342773837268405,44.973427324212004],[10.339287578604647,44.97620484429071],[10.33742601164524,44.977414911176055],[10.335973171128419,44.97820608693305],[10.332752693458165,44.97989105812475],[10.33076965438589,44.9807963796942],[10.329007337825907,44.98137501416786],[10.32379354329644,44.98299291119704],[10.321537335867367,44.98361316898399],[10.31981564459848,44.983759111122296],[10.309191956892617,44.989579597958624],[10.309941785011311,44.992424588150286],[10.310005841501706,44.99300897811521],[10.309748723678652,44.9934170083221],[10.305544185823774,44.998209145229865],[10.304687581551391,44.99903809404029],[10.303782279270338,44.9993995076045],[10.302987645767974,44.999606624772696],[10.300532325721074,45.000146088237756],[10.299856348362766,45.000281446051],[10.291848096637878,44.99995374092267],[10.289470622565805,44.99940001552549],[10.288388567579654,44.99915615455044],[10.288284719772163,44.99913434881636],[10.28557428437539,44.99877781893517],[10.281936539199606,44.998368615581256],[10.277103915308569,44.997855654804134],[10.275707256908932,44.99780826325585],[10.274466617408345,44.997930131981704],[10.274103740742815,44.99815922788989],[10.267754590946984,45.00387123208165],[10.26311509288237,45.00848938665601],[10.26269337554498,45.00939095881034],[10.262581784730768,45.009629517264905],[10.260788315015445,45.01290799412814],[10.26056843027872,45.01329749909978],[10.260030514332424,45.0142306257929],[10.258484134603695,45.01605705667323],[10.25781792534577,45.016538261568876],[10.257509642192643,45.01676093062444],[10.25652081449448,45.01740223859986],[10.255857175712784,45.01780532480673],[10.254086164695122,45.01865295877317],[10.253278985941092,45.01888686641119],[10.252870122144627,45.018956381058224],[10.252090330827265,45.01908894701585],[10.242182684902644,45.02283239213486],[10.222480469251526,45.03044600968014],[10.221169925038335,45.03090112533956],[10.21827143882568,45.031904274716005],[10.216783518398367,45.03237924401528],[10.214575518654186,45.03302386826501],[10.211067550304055,45.03403182115535],[10.209134539536052,45.033270651499045],[10.207150188582894,45.03248149002626],[10.20111372684554,45.030357693690526],[10.193959022160142,45.0281552724395],[10.192903788093124,45.02807628931845],[10.187295907123195,45.02821575093445],[10.184371206819733,45.029200318725586],[10.182757998748196,45.0297661467377],[10.175448887542052,45.03238464517405],[10.173942135490604,45.03302894061907],[10.174331633766617,45.033620373648255],[10.174749160063257,45.034246911414215],[10.17488932546361,45.0348863855288],[10.175071280214693,45.035728155996836],[10.17485680286296,45.03700822855985],[10.174248190178863,45.038274341351254],[10.172486481911863,45.04025535248315],[10.170610084964306,45.04204747416171],[10.16900803413497,45.04303536490416],[10.168750162183379,45.04319253672361],[10.1682660223642,45.04334833231101],[10.167854513965825,45.04348075238],[10.164773420048114,45.044322387004094],[10.163073928134917,45.044420726162734],[10.161003390136806,45.04437878249271],[10.157721351440088,45.04407903735405],[10.156457293713368,45.0437317787689],[10.155041786496694,45.04300764053964],[10.153627594188501,45.04192369223712],[10.152413118983878,45.04083926098818],[10.151050428725078,45.03940229531013],[10.150961635188994,45.0392949707971],[10.150009263654157,45.03814381502062],[10.148930042553548,45.03687650886207],[10.147661966258195,45.035486152578436],[10.146733983804463,45.034981070600104],[10.143638529980334,45.033755659395354],[10.142319804381936,45.033260953384016],[10.140914851148878,45.03283391636172],[10.128680339744033,45.029138728369404],[10.120575576752488,45.02670784615581],[10.106190803722411,45.02213035147072],[10.105227562380927,45.02220269070549],[10.102819837873012,45.02240600384934],[10.09474051982395,45.023383924984934],[10.092877607327747,45.02376202643931],[10.091668564953407,45.02470104746395],[10.090434125094163,45.025873704340526],[10.089101359241566,45.027192269778375],[10.084486285250712,45.03238642451783],[10.084133161635451,45.0329287594032],[10.08400405225324,45.033532475085096],[10.083943239110798,45.03437012929157],[10.083893456263306,45.035738851116776],[10.084024898339631,45.03868120337915],[10.084140243817611,45.04010239753754],[10.08347462673747,45.04396380389568],[10.082187401367326,45.04764191795329],[10.07834865150484,45.04676005416588],[10.077083141278898,45.04631290390679],[10.077008919326394,45.0458680139662],[10.076500848064464,45.04573328401438],[10.07429339511045,45.04515994708316],[10.064601514206947,45.04291925737737],[10.058954161390453,45.04170251679229],[10.057349648053696,45.04144733056257],[10.055697823900534,45.04138159735],[10.050223560763337,45.041279032716595],[10.050371765123732,45.04174576999749],[10.05152997168811,45.04536282632501],[10.052961094573668,45.05000356239284],[10.052857572833233,45.05058963609775],[10.052342952740341,45.05161157571096],[10.048374071604938,45.05749922858485],[10.046946126112127,45.05928568876702],[10.04423547374923,45.062479129293806],[10.043509717025238,45.063079868917384],[10.042739436372306,45.06332996076297],[10.04070250959136,45.06377313138206],[10.039829477518289,45.06395963193892],[10.03797888458796,45.06417450359873],[10.034170971007983,45.06502821109587],[10.034062626202338,45.06506198317989],[10.032743634074967,45.065473212343804],[10.031041401581472,45.06617273086578],[10.029668230025809,45.06680624369476],[10.024039288913405,45.0716907991629],[10.022884695321187,45.07319543370811],[10.022260467450819,45.074524282490714],[10.021649626660048,45.07589052282995],[10.021316882238645,45.07717925530018],[10.021715761830238,45.078174884944495],[10.02297717585515,45.08051303749287],[10.023538373552213,45.08134516733065],[10.024214577615368,45.08221227636474],[10.024989855805659,45.08293446418814],[10.025634078351155,45.08343277256929],[10.026340855767703,45.08387650699965],[10.026812407796607,45.08408831464325],[10.027193887488862,45.084240402494245],[10.027761842274963,45.08446684551233],[10.028359005734831,45.085172601381835],[10.029501666631196,45.08724170547916],[10.029933390493188,45.090055313117205],[10.029893652715376,45.09137892771613],[10.029797566716544,45.092396991332116],[10.029600639247853,45.09346096653555],[10.02923246730981,45.094895553199656],[10.028531935025345,45.09622512895552],[10.027388226998797,45.09764868963062],[10.026303312520465,45.09881066410792],[10.025242008426384,45.099873398387814],[10.024345977336075,45.100769689986706],[10.024260892981472,45.10083459887903],[10.023902370430697,45.10110255876364],[10.023414802043206,45.10146508183497],[10.020911212448233,45.1029097615951],[10.019441161190507,45.10352148567055],[10.017843167600281,45.10406986414117],[10.016772050097925,45.10459400184491],[10.015944449726588,45.1052314838108],[10.015317494234363,45.10573594196645],[10.014666134178862,45.106260035679874],[10.013479154217833,45.107233911271976],[10.013312966149925,45.10737026121723],[10.010885586876007,45.10956118565581],[10.009787569354492,45.11073212215998],[10.007430574109081,45.11404754852719],[10.004107829734492,45.118206906988725],[10.000107062012262,45.12273552742164],[9.996932204501123,45.12587786874034],[9.992727088452183,45.12975822961338],[9.991107460471166,45.130960514452596],[9.989243869026096,45.131957673620846],[9.988952815463326,45.132113402915294],[9.98685699362031,45.13299569326135],[9.985465587149035,45.133430761714315],[9.984303261442102,45.133628188293194],[9.983664941223648,45.13373433926775],[9.976201216251225,45.13381641832752],[9.974213147578276,45.133572338507946],[9.97295981893394,45.133159940063685],[9.97119102528033,45.13234684336202],[9.970201131242582,45.13171613886084],[9.969246483435905,45.130914092920165],[9.968599310154687,45.13024446176921],[9.968040698650269,45.12954706830918],[9.95584249110124,45.118540157432996],[9.940960922423056,45.108277416067764],[9.936468010339146,45.10482169340033],[9.936170465458392,45.104631962428634],[9.935812933293771,45.10440397776972],[9.934889944154133,45.103925450381084],[9.932122944864608,45.102606813920985],[9.931943140136717,45.10253030088986],[9.93135499628677,45.10228002407052],[9.930281008299653,45.10189269391335],[9.928850791965795,45.10148124991035],[9.925633387035045,45.100589204998656],[9.924434015565527,45.100301859033124],[9.922687566696565,45.09997401302933],[9.918487334110756,45.09960279881443],[9.917407424555337,45.09962948192652],[9.916711076761501,45.09979710393952],[9.915813106000781,45.100074360935956],[9.915208559028986,45.10042126935197],[9.914549695679042,45.10134471738258],[9.914255465115948,45.101828131425364],[9.913955180872161,45.10232167239752],[9.913439490562602,45.103460003869145],[9.913458439800097,45.10464807443932],[9.914177201173603,45.10826998401251],[9.914449642373372,45.109411013345586],[9.914891873873225,45.11003759514268],[9.915956628891399,45.11064117127961],[9.917557163922133,45.111357463846765],[9.91859523836364,45.111880215637704],[9.919545103222976,45.112448679712045],[9.92054683982283,45.1130797290654],[9.921566373882282,45.1140256781771],[9.92214391371615,45.11515520398547],[9.926514391048864,45.12440058783487],[9.927074175766219,45.12598933525511],[9.927199795453621,45.12746458469233],[9.927074098990092,45.12866335346089],[9.927000538407782,45.12929354664782],[9.926822026974667,45.13052421439666],[9.926817523172119,45.130555257386725],[9.92645819143887,45.1314796821792],[9.926255357576782,45.131964079067934],[9.925559597006895,45.13297790479642],[9.924699370312476,45.13404706645383],[9.923824976586058,45.135026323370106],[9.92260601566331,45.135936339432384],[9.921257842921532,45.136721362570455],[9.920418947384945,45.13719468394553],[9.919720192505164,45.13758891753457],[9.918557773443236,45.138066365923294],[9.915507435512696,45.13899102244557],[9.914733574960746,45.13911424226373],[9.913690927861145,45.13913159522875],[9.912516222245989,45.13884392949373],[9.911299815774793,45.13833154434313],[9.910450180150622,45.137690206857656],[9.910019866297677,45.13719531894468],[9.895121336516569,45.13178929628265],[9.891076197631833,45.13090123412376],[9.889925449612258,45.13049765652944],[9.882095375260414,45.12742576493384],[9.881033422371056,45.12700188684242],[9.880031731588707,45.12636148576001],[9.877662344547907,45.124426359292286],[9.876204616667703,45.123060299419215],[9.875836727568718,45.122646945125624],[9.875712966604544,45.122505976450334],[9.875421023793173,45.12170706649883],[9.8754044796937,45.12156775640767],[9.875289673556678,45.12060086942683],[9.875236530113519,45.11962010600982],[9.87547332401208,45.118475081518],[9.875809036040343,45.11714925835965],[9.876377129447132,45.11605569714453],[9.877825932461546,45.11353310011187],[9.878560975454738,45.11255527300083],[9.879389143358113,45.111846766608494],[9.883034941071962,45.10919913982837],[9.88526187714436,45.107652751133045],[9.888370688204107,45.105710087900555],[9.891605393877764,45.10365050200806],[9.892823297330473,45.10280920834397],[9.893026380593412,45.102667203680724],[9.894207944400778,45.101820803414135],[9.895348555152875,45.100794679195005],[9.897403846393228,45.09893319988726],[9.898392678268495,45.09796223540071],[9.899055605871016,45.097281891508835],[9.899855329801394,45.096411428554106],[9.900628073534913,45.09544215579302],[9.900832330910568,45.094693399824116],[9.90110656024677,45.08869609874615],[9.901020719364238,45.088084662516984],[9.900871903977423,45.087509725618304],[9.900657142685567,45.08678227633547],[9.900404718038306,45.08608213069967],[9.90008974918417,45.085445491752466],[9.899578568022559,45.08445033127361],[9.899303994098451,45.0839573888013],[9.898966195088667,45.08348296584496],[9.897421345810166,45.08138870731497],[9.896772758322948,45.08053864211317],[9.895755078433949,45.07964645798178],[9.89481731322939,45.07898767818179],[9.893675599285924,45.078285484990346],[9.892674930361427,45.07771553600487],[9.892521888699621,45.07762837588487],[9.89102411592064,45.076901931022604],[9.889667533150764,45.076264378343296],[9.888531794824289,45.07594015468614],[9.886452284361539,45.07538020426985],[9.883785983468306,45.07466272872907],[9.882843477358465,45.07450798811221],[9.881739179418172,45.07457053698057],[9.880650037096078,45.0747949782716],[9.87951189970457,45.07513681543646],[9.878186241653983,45.075678118703095],[9.877305558951749,45.07624299711013],[9.87618680852013,45.0770257316325],[9.87539734801088,45.07774291964584],[9.874445392338808,45.079469549354414],[9.873307509661757,45.08150364117344],[9.871149071673068,45.08494979335535],[9.870663962582736,45.085637625592526],[9.869215531631626,45.08732297457389],[9.86747383674433,45.08894752922172],[9.864288195585166,45.09173521437133],[9.863435106560221,45.092470802057925],[9.862591766184837,45.093008273152634],[9.861519796376637,45.093556471050896],[9.860471850943767,45.094014456417376],[9.859308324127499,45.09439229577878],[9.857992976510069,45.09481625759116],[9.856637598838834,45.095114487707555],[9.85540820505658,45.095339743892374],[9.846354999930332,45.09675745313082],[9.845453672879549,45.09682714186779],[9.845121577841757,45.096824865933925],[9.84400456279687,45.09681084556912],[9.842719360429127,45.09670330821658],[9.841190715173285,45.09646252859713],[9.83982544452226,45.09609450229751],[9.838357325237196,45.09564620862593],[9.83541110148712,45.09405649969228],[9.834772864812042,45.09358700613528],[9.834344847024067,45.093272139814204],[9.83304011313285,45.09181438231604],[9.832582424314625,45.09092654701815],[9.832278680831566,45.09013661476614],[9.832153985060092,45.089426382337884],[9.831388459163739,45.083958910349914],[9.831314109680445,45.08321231422889],[9.831248517978223,45.08219559217636],[9.831384931172495,45.081087387781],[9.831595066128784,45.07980761106645],[9.832068448364891,45.078282870843296],[9.832660567120207,45.07706331949761],[9.83413209202259,45.074289052626355],[9.835160927538979,45.06904251139726],[9.834002379925387,45.06274975395893],[9.833758463359574,45.06167690206204],[9.833218412557494,45.06037002850904],[9.832786513128084,45.05974185067805],[9.832735190259465,45.05966737469025],[9.832349088011767,45.05910709597211],[9.831275472235635,45.05776465517169],[9.830218116283577,45.056665120982046],[9.828195013026575,45.05464542210651],[9.827112888672286,45.053582048264836],[9.824843143039597,45.05294134553733],[9.82325280735947,45.05273679851849],[9.820514634855835,45.05308056582984],[9.819539047146765,45.05324060610279],[9.8187665135375,45.05339016615483],[9.817792095476404,45.05363119878972],[9.81708636572944,45.0540143277531],[9.816559302572799,45.05445917974249],[9.816342385021555,45.05527989984175],[9.815972666767468,45.05695697681842],[9.815819882576074,45.05782223749112],[9.81577132639399,45.059766970690625],[9.816686450462907,45.06694388460121],[9.816924815571161,45.068517491116545],[9.816926968353542,45.06956167766587],[9.816841173656641,45.07067844283941],[9.815563916669728,45.07555744302767],[9.81518866220441,45.07628156048647],[9.815118708190862,45.076415755553626],[9.813262369429584,45.07810330726981],[9.812558350115701,45.07863042240795],[9.811183581343938,45.079333472440545],[9.810098286039551,45.079854274519846],[9.809124247492672,45.08015824109874],[9.805983721108678,45.080900575847856],[9.799443155557778,45.08201776968463],[9.797754818245165,45.08212859319671],[9.795519173640104,45.08217119659307],[9.78892161218546,45.08380111045782],[9.779516288950358,45.08921272389701],[9.778962214974449,45.08958407091466],[9.777345937104462,45.09127989955907],[9.776745635026849,45.09199511509668],[9.776258720427654,45.09263754876799],[9.774849587845033,45.094627497379406],[9.773566107415595,45.09651756002465],[9.773296862607602,45.09728452987419],[9.773115113365082,45.09794288541764],[9.772694551870893,45.09880088935248],[9.771414423479317,45.100951949668236],[9.770230326425974,45.10268826866447],[9.768769059309857,45.10461547804009],[9.76706932240068,45.10677831222642],[9.76665637498456,45.10726567236622],[9.766129891686637,45.10781980798227],[9.76547557815567,45.10831928957472],[9.762237202619495,45.11046534531461],[9.761232010992817,45.110992654707985],[9.761037915091526,45.11109446729381],[9.758979097531947,45.112098355026234],[9.758135235632894,45.11236912292766],[9.757839724553044,45.112456993413005],[9.75666171613277,45.11277988199964],[9.755153433002814,45.11312292920072],[9.753669119640115,45.11335777548159],[9.751789773229936,45.113523195932906],[9.749932315359006,45.11341838023893],[9.748570153084316,45.113274284563495],[9.747359379013913,45.113039179832434],[9.746283958287975,45.11246109961159],[9.745449858880672,45.11186343164838],[9.74506916765858,45.11093874174539],[9.744837146697177,45.10971602117327],[9.745053601629124,45.10583339769423],[9.745084819049271,45.10530359429031],[9.745326145889942,45.10431183105768],[9.747657563473068,45.09887756519035],[9.749730783401139,45.09413807990681],[9.751406730682355,45.091111494318255],[9.753101098271213,45.086599442326815],[9.75168801836755,45.08170924437494],[9.751126790073695,45.08041926502036],[9.750371911337053,45.07904696264054],[9.749593768116336,45.07783683833776],[9.748793203463368,45.07685189795439],[9.747724006933415,45.07572470902722],[9.747675701834721,45.075700195602856],[9.747470778628532,45.07559621769242],[9.746918314265839,45.075315899997],[9.746165748967433,45.075154638064696],[9.745899093945305,45.07509750998259],[9.744564530275172,45.07505218542478],[9.743345244606843,45.07507814005487],[9.74204565327478,45.074789530269484],[9.740477103341714,45.07433163081993],[9.739295359053529,45.073972578513086],[9.738997623752233,45.07388211185615],[9.73783271246184,45.07319651266246],[9.736355936915444,45.07196380396625],[9.734710854740852,45.07048011608009],[9.733320799104805,45.069066773248245],[9.731581558524379,45.06616137698115],[9.731166227586234,45.06537867636758],[9.731116391782804,45.06528475532894],[9.730839666858216,45.06476183362652],[9.730062475555975,45.06357857533418],[9.728935989312115,45.062892629510905],[9.727681630666329,45.06213547722376],[9.724843334899866,45.06066824420112],[9.722224713309974,45.05948759909349],[9.721203979576481,45.05911598176363],[9.720247649521825,45.05881594849419],[9.719126676861555,45.05855296851359],[9.716582349765899,45.058217891999774],[9.714995005975439,45.05823683751664],[9.713726944733748,45.058397804356915],[9.7125376287712,45.05876529721615],[9.711286593460592,45.05927719953061],[9.710125550676139,45.05987853066489],[9.709783066213793,45.06007143020914],[9.709091269039396,45.0604610700677],[9.708834012572993,45.06062356944816],[9.707925936816537,45.06120223978486],[9.690578120281435,45.067217814998635],[9.689743691469351,45.067546918766496],[9.688138870630018,45.068249741110854],[9.68367965407142,45.07033791822157],[9.682934914532442,45.07073845231854],[9.68227996829245,45.0712104560333],[9.681741244105798,45.07184379756929],[9.679802609055269,45.07441184332418],[9.67916658197533,45.07541482567939],[9.674335406356704,45.078360019955156],[9.664774383528766,45.08106259096407],[9.662924990414965,45.08155042582636],[9.661162529301308,45.08186669958545],[9.659538767806902,45.08209213532384],[9.6583568605439,45.08207194678526],[9.654768678714184,45.08162448829448],[9.65345698350582,45.081361949020376],[9.65195524329709,45.08114548873729],[9.648953221625986,45.080838527609835],[9.646930702742804,45.080633956634195],[9.643383819821004,45.08045595856354],[9.64230612962647,45.08066005992875],[9.64040573793292,45.08114782683535],[9.638989017664192,45.08171387035658],[9.637157280032355,45.0826692852191],[9.636349037847054,45.08311488148557],[9.635301481985081,45.083750831323165],[9.634935518918496,45.08397790872298],[9.6322797423952,45.08627007695121],[9.631827784471565,45.086767674084925],[9.631767670613808,45.086917721724134],[9.63141979153896,45.087796124686506],[9.631381662502632,45.0889485562549],[9.63149918077691,45.09038818054365],[9.631777641011078,45.09143984376754],[9.632378467489533,45.09291279716129],[9.633081677793932,45.09444819195557],[9.633758430796739,45.09588471199716],[9.634446196653332,45.097168142631034],[9.64091683691821,45.116620667897976],[9.640800483855138,45.11758449832597],[9.639564144220445,45.12185822421554],[9.638980532495108,45.123112720464135],[9.6383072182911,45.12430470362939],[9.637417616552924,45.12548889363112],[9.636418251141105,45.126568453476594],[9.636286813470969,45.126710434668745],[9.63417362830583,45.128792566806275],[9.631915111361806,45.130398363055185],[9.630627431999006,45.13125164707094],[9.629351604110386,45.1320328238696],[9.627807336760888,45.13268943822536],[9.626374074503277,45.13312818349666],[9.626194034647332,45.133177462324696],[9.625043767748156,45.133487783928636],[9.623787662693415,45.133755705069575],[9.622403889112178,45.13397929154496],[9.620967185699104,45.13401412020683],[9.619846458405572,45.13386715943989],[9.61896547230392,45.133547868558175],[9.618412918391387,45.13301976508851],[9.618035977585256,45.132265661200925],[9.61621596278,45.12858483035603],[9.615096284998165,45.126160417134564],[9.614399007205833,45.122797573310635],[9.614051564124836,45.12004489625822],[9.613900580761445,45.117822285344936],[9.613826838124147,45.11717350486427],[9.613802322311015,45.1169586525002],[9.613324676140842,45.11390965658848],[9.613139377372613,45.113226522277834],[9.612659504337413,45.11233793697532],[9.611964022108491,45.111495496717],[9.609058311593312,45.108423457981594],[9.608085207729165,45.107762514316136],[9.603595390346872,45.105103824914025],[9.60188197969331,45.10414069184722],[9.600375487907476,45.103509500708334],[9.597759029999196,45.1024790216499],[9.596215900594974,45.101982998217494],[9.594825888469533,45.101540162597274],[9.59319374919418,45.10103555644414],[9.590580409011958,45.10028395383137],[9.588465476442872,45.099790780983945],[9.587446998623195,45.099624988945685],[9.587437501511682,45.0996828480652],[9.587315413695936,45.1004268169147],[9.586677765015812,45.10269852798198],[9.586149481399811,45.104483582670376],[9.585951287831364,45.10498869930174],[9.58198847987186,45.105288010841704],[9.57709329879547,45.1051508155622],[9.568583253854992,45.107339289973986],[9.568243389467813,45.10829176423889],[9.567636868937909,45.10986107599043],[9.567065152080163,45.11117816043147],[9.566543007240849,45.11236897220275],[9.564375124619433,45.11676352420095],[9.563364593480289,45.118640871328964],[9.562351157916723,45.120311174234146],[9.56079756752428,45.12249721660026],[9.556600722623028,45.12754967268786],[9.555442080362809,45.12870752639666],[9.554711383540154,45.129413208683694],[9.55153243354906,45.131904057657486],[9.550456816742294,45.13245835370293],[9.548661304684032,45.13265151991728],[9.547107976839351,45.13259597861499],[9.54597500012541,45.13247537739106],[9.544994284711347,45.13231803245701],[9.54293991509324,45.13158968367705],[9.54186705686246,45.13109969701947],[9.54088464617692,45.13059126036997],[9.540014259165655,45.12999226566059],[9.53925883047512,45.12944673724453],[9.538719856638178,45.12892717191951],[9.538192837894774,45.128326560946796],[9.537754333135414,45.12767149697335],[9.536804356513636,45.12535355990721],[9.53655714765446,45.12467060179814],[9.53633709785897,45.1240325025862],[9.535836224367356,45.12236953577167],[9.535754359047917,45.12200085141781],[9.535826831413765,45.121451400154726],[9.536200152032944,45.119226244025725],[9.5364320006144,45.11818996863575],[9.536676490095552,45.117144619741346],[9.53697222990652,45.11614404779904],[9.537442663283153,45.11487708974786],[9.537954673299756,45.1139790125089],[9.539081836908863,45.112173365752625],[9.540024628746062,45.11104370351246],[9.550611396063713,45.095231170997124],[9.551147544888563,45.094157390362916],[9.551365174317887,45.09308512631601],[9.551330418885176,45.09211311613917],[9.551000006123886,45.09079146484971],[9.550482196487494,45.08980377280457],[9.549915308182628,45.08899633501067],[9.548748226602196,45.08779573257776],[9.547403026324472,45.08664996729866],[9.544881833298293,45.08468164231745],[9.543679614588136,45.08385921041477],[9.541643184968958,45.08257264890807],[9.54073583109032,45.08201883090484],[9.539792044117064,45.08147419224789],[9.539012965222414,45.081045779274625],[9.53796833874731,45.080582626544135],[9.533417590786241,45.07890264907739],[9.532576322489039,45.078609504099745],[9.532407987140807,45.07855499180425],[9.532026255051647,45.07843206696922],[9.530047383385524,45.07836924051559],[9.52932351381951,45.07840410415395],[9.528106484364962,45.078693296127156],[9.527499855785711,45.078957146566395],[9.525477827510356,45.0801367023955],[9.524645148721453,45.08077965307667],[9.52399023150626,45.081412787557994],[9.52341388104615,45.08212656263705],[9.52298754563876,45.082749612773746],[9.522956802817069,45.08338884596732],[9.522984594858135,45.08364976536623],[9.522885899105587,45.08397429540512],[9.522175196352103,45.085462825054016],[9.52159883434497,45.08635663174293],[9.520344041689434,45.088108679512516],[9.519628562340468,45.08899411412278],[9.518207076844687,45.09059388089933],[9.50890747700464,45.09919631844834],[9.507696164041032,45.10019189809978],[9.506069450133142,45.10146836280101],[9.505051621904776,45.10207598593876],[9.5048745547634,45.102175784670834],[9.504649392728494,45.10227426355648],[9.503356720079283,45.1028395990193],[9.50308461271966,45.1029446360536],[9.501593313999392,45.10352019261289],[9.501469265097622,45.103568062342596],[9.499540717154561,45.103878670059345],[9.499286070171113,45.103919678524896],[9.497799532512685,45.10389917951519],[9.49687398365125,45.1038063618635],[9.495993038139424,45.103718009521145],[9.493703740550396,45.10337686193391],[9.49130881471195,45.10275706547976],[9.489155214437066,45.102109196274405],[9.487600062807685,45.10158473782299],[9.485892020205045,45.10091689214332],[9.476286035772803,45.09705959919379],[9.47527721900453,45.09657771330316],[9.47266654911117,45.095841412318144],[9.471405521811587,45.09549555692154],[9.46774111067829,45.09488049924868],[9.465896793630739,45.09469000331588],[9.455765484857976,45.09398373098901],[9.453209062493336,45.093831874136725],[9.452888029233613,45.093815154898905],[9.452718785767175,45.09380681063174],[9.43906911531938,45.09195177040419],[9.438464640086712,45.08766942384326],[9.436962978020565,45.08354191551815],[9.436368150071269,45.08256673702227],[9.436220938908761,45.082357503525735],[9.435961012019966,45.082101817898156],[9.435601635182671,45.08182925638397],[9.434838345570764,45.08170613907957],[9.434465986430155,45.08170755622587],[9.433771099429446,45.081710197620716],[9.427457157743854,45.081846409788476],[9.426409080223996,45.082615476947325],[9.42627308525871,45.083131018798525],[9.421908449014296,45.08397794980382],[9.412650311405777,45.08365169488176],[9.412243009006072,45.083554147875105],[9.410777783305715,45.082754624553544],[9.410744094845652,45.082726889660336],[9.410780215360102,45.082447719353404],[9.412558291427343,45.07890820993038],[9.40635928821294,45.073215600924414],[9.398937072156361,45.06937875994702],[9.388526785948603,45.0631449941424],[9.384562670467746,45.059301166516235],[9.3781743326486,45.05572178175936],[9.372205918298265,45.05027020932594],[9.371265943077196,45.04853495337081],[9.370999395806713,45.04785516351801],[9.371062999575457,45.046522685426545],[9.37116473256086,45.045631858123],[9.375588013948127,45.04040788973891],[9.373459434415096,45.03702281500506],[9.370745383927593,45.03002894169229],[9.370309710988469,45.02870627488407],[9.369943192127424,45.02595720271522],[9.3701715806618,45.02332835608479],[9.372323475980275,45.02158359439657],[9.373131767165251,45.020968818665715],[9.374333820434886,45.02039776385783],[9.370294570815176,45.01167015402166],[9.36620448239468,45.00360868599916],[9.365935101465107,45.00315045236936],[9.365870983735583,45.00304264193521],[9.3654245454917,45.002674987069476],[9.365079517555582,45.00241503928076],[9.364302356042604,45.00191342227909],[9.361366765369942,45.00009007201856],[9.358963018482825,45.0002470765088],[9.357303987925246,45.000742874091024],[9.353513080021475,45.00106973974486],[9.353208235042198,45.001016666008475],[9.352762747326363,45.000784000062275],[9.350852387597461,44.99974116496959],[9.348074965734568,44.99784127108329],[9.347463360784218,44.99741104442901],[9.346319034116574,44.99594273315988],[9.343979225177772,44.992916171088694],[9.343735779881605,44.99252975410963],[9.343107452579865,44.99140641278932],[9.339212859586112,44.9806338642929],[9.338118183505285,44.97997096647485],[9.33743018288684,44.97944190194256],[9.33708478955771,44.978938811276315],[9.336802912169016,44.978453544246996],[9.336495108750427,44.97786933399431],[9.336276195421647,44.977302854273454],[9.335462226545298,44.9747397106698],[9.33522299180393,44.97285901259076],[9.335142527332374,44.96996049225095],[9.335151125652882,44.969258317485114],[9.335210794771536,44.96861900567702],[9.335321838596025,44.96808757836442],[9.328255139202861,44.9607716832555],[9.32512552126085,44.956550163934146],[9.324455692088476,44.95478724630633],[9.323345891995297,44.951315643086225],[9.32321089410736,44.95077038134562],[9.323125407352421,44.95042508759535],[9.322958368465711,44.94965139029355],[9.32288948240985,44.949039497222756],[9.322355887057736,44.94563830244403],[9.32154281240194,44.9439662055383],[9.318048771052934,44.94016816368916],[9.315258377631448,44.93749329667191],[9.314532283072898,44.93682015396608],[9.306305369676547,44.934150888117586],[9.305643187879328,44.933963565549774],[9.29801732162937,44.93423570914749],[9.288195577321483,44.9342429305094],[9.287612566962917,44.93423540271228],[9.286826304649036,44.93412936384845],[9.28634596693636,44.933950556491325],[9.285027724332439,44.93176639700836],[9.285011585251398,44.931064283039895],[9.28534955028768,44.93021724408403],[9.285852473355058,44.92941481043007],[9.287264688026424,44.9279979602648],[9.288210522946683,44.92708638638136],[9.28934646290696,44.92618331787536],[9.290736125519263,44.925351605057024],[9.292966795842966,44.920457848874406],[9.29041413485909,44.914261937561136],[9.286044393590899,44.9074411886641],[9.284064325165945,44.903499935756706],[9.281013536202863,44.89603827044888],[9.281342549060806,44.89598346136118],[9.282266074852716,44.89577412723332],[9.283165823040004,44.89544785970224],[9.28342920247239,44.89534820135368],[9.284301154700318,44.894958957579],[9.285185497721766,44.894515650116034],[9.288404332468687,44.892884582827364],[9.29282631634136,44.89031940266766],[9.29311492579648,44.88979655037058],[9.292742153535949,44.888708261195234],[9.292361309343484,44.88811080577167],[9.292091219632987,44.88769271899959],[9.291491204698362,44.88673103579079],[9.290927494766285,44.88543618871209],[9.290910689126601,44.88539277834723],[9.290855200702644,44.88524942697644],[9.290478450958407,44.884276035398656],[9.290054939313894,44.883151859694166],[9.289886499351597,44.88238711594954],[9.29011350921031,44.88220651345404],[9.294612297654346,44.88047558651577],[9.307238024568942,44.87613931351195],[9.308692705929362,44.87590132392671],[9.309578837986711,44.87588093185754],[9.310541933213251,44.87604934933485],[9.311581146416946,44.876244561008136],[9.313076679855449,44.87653755183629],[9.316843363060102,44.87771543213641],[9.325787972909941,44.87428751005524],[9.335947622674727,44.87099040543117],[9.34238187984687,44.8672714589423],[9.345370040235974,44.855833463023686],[9.347786892759677,44.844119699024965],[9.350325173156012,44.83702724293202],[9.355988117145596,44.83002408645511],[9.361286694866072,44.823633941159486],[9.363098293962604,44.8224038895129],[9.362498102770957,44.82115451717966],[9.357650910933568,44.81456221430971],[9.35452170090465,44.81230933840763],[9.345771198871077,44.807532070183235],[9.330847475967886,44.800545579965096],[9.323304319360277,44.7992348546762],[9.320419217088071,44.796533321373616],[9.319128630838401,44.79176577849027],[9.317871887543516,44.78621492319925],[9.30715761005545,44.78004172975526],[9.299367196107047,44.77673160010821],[9.291998627560734,44.77419404761756],[9.291012596767107,44.774142564213406],[9.2897858858031,44.77398364414126],[9.28852050264456,44.7736717679611],[9.287544703123766,44.773134093682515],[9.2869749960292,44.772496419283684],[9.284722091563191,44.767091744576554],[9.285030327515592,44.7629589542571],[9.285211485022742,44.761257083009276],[9.285521514313755,44.76006801580584],[9.2858995206984,44.75942790730101],[9.286512777191838,44.75867913213142],[9.287431688088084,44.75798366248946],[9.288199705843043,44.75744159111466],[9.294259821712766,44.75406829848873],[9.295683763110462,44.753344431884955],[9.29806543562491,44.752158942684815],[9.299325785344394,44.75157950248008],[9.314422974273732,44.7446522353845],[9.315431803551096,44.744334370161155],[9.31770300095269,44.74387796353587],[9.318939706025029,44.74365847589678],[9.320100705840785,44.74345716202672],[9.321199422679314,44.7434180715101],[9.331674794460056,44.7352590211019],[9.332033590194202,44.7339526627379],[9.330546699207362,44.73010404677451],[9.33015034442922,44.729249970580014],[9.329575342217533,44.72806333130084],[9.328581692178872,44.72653582162385],[9.325910525278351,44.72309559194279],[9.32532701113287,44.72262013211472],[9.32438970438683,44.722100671888086],[9.323161699826843,44.721528006352614],[9.322313979394664,44.72121531729517],[9.321213266135091,44.72082230705478],[9.317228624979274,44.71949209973463],[9.312969491386317,44.714057452343596],[9.308480723548053,44.70563453388731],[9.30844013785858,44.705121510765714],[9.308574732210728,44.70431994231738],[9.309435194905317,44.7023460977823],[9.310138068460203,44.701597003078525],[9.315429349066665,44.69740542099561],[9.32210300159027,44.69456006455534],[9.325356524110916,44.69408271335321],[9.32591096191492,44.693928107759476],[9.32615011425174,44.693810387418374],[9.326097045112974,44.69335142683385],[9.325736618796995,44.69209211594851],[9.325110668217986,44.69074355006731],[9.324805066599367,44.690258296380584],[9.324637465427283,44.69001562396267],[9.321441734210314,44.68913819697669],[9.31074736686707,44.68805148787061],[9.309661643685216,44.688009177175154],[9.30099512198508,44.683683510172905],[9.296626855374369,44.680810417013966],[9.285493247728084,44.67987554068936],[9.285805994051959,44.68445695691697],[9.278606171219247,44.68560003882242],[9.269957007416338,44.68448652306929],[9.265979745125046,44.68397370795426],[9.263239631892874,44.68077521981639],[9.26039688488545,44.67994450061547],[9.259475786698255,44.67994659701223],[9.258456328239122,44.68052505976657],[9.257588772314934,44.68122020786007],[9.255639324646062,44.68574456170172],[9.254787322596991,44.68979674359108],[9.254330592859182,44.6921293718248],[9.248146093091208,44.70087522899396],[9.240010805568083,44.71151535853423],[9.239294697163864,44.712363088733355],[9.238301367753335,44.71334640628608],[9.236301927198367,44.715295063668584],[9.23562270935711,44.71592663423318],[9.23518547475563,44.71627813117486],[9.235083700134084,44.716359876124685],[9.234966289092313,44.71593703039676],[9.23300306817784,44.707624958624976],[9.232259071635042,44.70332565130546],[9.234701240103995,44.69827001711219],[9.238580851278709,44.69224440314292],[9.24213247814376,44.68745668834635],[9.23708781121188,44.6851176469475],[9.223793546386998,44.683407020760626],[9.217913558001296,44.683472398660356],[9.216803343674043,44.683528531547374],[9.212552997914736,44.68410365669566],[9.211836172689374,44.68421731089456],[9.211001800101663,44.68434960398787],[9.204154067464847,44.685550358343285],[9.203132654809373,44.68575922545056],[9.20199547917868,44.686004719225636],[9.20031989688178,44.68640483125319],[9.20301234838122,44.69105283780437],[9.20635895147008,44.69914360308751],[9.207228580992487,44.70552997046029],[9.206212528898778,44.70734128925876],[9.205361893203918,44.709539386638774],[9.204206395641126,44.71481680219975],[9.202830258165609,44.72205709957051],[9.203111869096785,44.72314587542159],[9.203417906296176,44.72400055532616],[9.203799172746255,44.724693057544805],[9.20623285923897,44.72821743996578],[9.210981806897971,44.734456488742346],[9.214041348685809,44.7454601384304],[9.21355045182904,44.752348232196844],[9.209282561848804,44.75355342750547],[9.19926004698594,44.75608297169034],[9.194158322151702,44.756838956153025],[9.189075714147128,44.7594486596713],[9.173818585936615,44.77002396584205],[9.173373697863218,44.77035316266493],[9.173087558617537,44.77056491464126],[9.171726254871182,44.77168317248411],[9.17143728231589,44.77227769459953],[9.170359845413161,44.77548408420121],[9.170337424021666,44.776356228062745],[9.170427871583472,44.77722130136307],[9.170449112571122,44.77739869108417],[9.170476600857414,44.777626224966184],[9.170492870314051,44.7777530697925],[9.17050457963186,44.77784297787182],[9.170531610847178,44.778049482183434],[9.170695305349994,44.778878489626436],[9.170724070371387,44.7790214351915],[9.17096676952011,44.77988528521083],[9.17138729298069,44.78043275301171],[9.171499670589906,44.780577654162144],[9.172120646694594,44.78112585056905],[9.173835313107725,44.78385100286962],[9.174089835401817,44.78866668565382],[9.173504949063215,44.796148871224574],[9.170031152726775,44.798666655530454],[9.16488677229834,44.80208931286873],[9.155660267874731,44.808905654902794],[9.155120205984632,44.809408191060584],[9.155403167440836,44.81119920906565],[9.156074887082772,44.811720457241705],[9.157125766803167,44.81235858920295],[9.155526504411219,44.81495329033034],[9.15003934187892,44.81072962298932],[9.146725901883283,44.80903964568566],[9.126115926132998,44.80618502143347],[9.115799176494413,44.80730368268437],[9.106828351361788,44.81135439190385],[9.103166591405914,44.81453552154244],[9.095901368891353,44.81866483199833],[9.095745103118825,44.81873958156242],[9.095145245186979,44.81902561599333],[9.094433510064107,44.818871245316686],[9.094194191682547,44.81881933363588],[9.086842338034753,44.81661956827415],[9.085336515618925,44.816107581461615],[9.083939770580946,44.81562863269841],[9.083843384912194,44.815595565431465],[9.0826789977448,44.81501127995826],[9.081615865635474,44.81446291461985],[9.080806202957344,44.814283442343736],[9.079895500567076,44.81420307208751],[9.077001310886116,44.81479019544696],[9.07669679836559,44.814943440794465],[9.073296979911953,44.81672808745079],[9.072639762973358,44.817088605934764],[9.072257457813905,44.81747740481579],[9.072147134830841,44.81759302610579],[9.071932452667237,44.81786323609363],[9.071806551081364,44.81833141519898],[9.071984675642476,44.81917751297809],[9.0727196156026,44.820248296255635],[9.073719766856549,44.820976831433555],[9.07501247366192,44.82295646302956],[9.07342435508501,44.8270440564277],[9.072906921417784,44.828034605618356],[9.071062178390228,44.830169642977324],[9.071001196100204,44.83021998247557],[9.070417695181458,44.83068322853077],[9.069304684766623,44.83089096795551],[9.067888058759651,44.83108986171078],[9.067015139861395,44.831072364775814],[9.064492666093273,44.8331035766147],[9.053377226514007,44.84422266171018],[9.049687469314144,44.85010274568059],[9.05670299994965,44.8544380883379],[9.065091177935795,44.85932208028059],[9.065567693315485,44.85938442125123],[9.065720558330877,44.85941929323462],[9.065957676647733,44.85947354932552],[9.066745082782298,44.85965387032221],[9.06758094455576,44.860094485859555],[9.06804977501533,44.8605353136304],[9.069850966944495,44.864153449450825],[9.07006678720434,44.86468443730459],[9.070104301831133,44.86603794637568],[9.0697705327394,44.866894754654126],[9.069677226281994,44.867133126107],[9.069260821593398,44.86781166160193],[9.069234993749573,44.86785279902098],[9.068810550134067,44.86833882969811],[9.068628243102667,44.86854708316682],[9.067970515989051,44.86898858111697],[9.061517350391222,44.876022700464254],[9.059513667086453,44.880650960611966],[9.05562115007297,44.88816063208207],[9.055223924784473,44.888924586717934],[9.048668418446026,44.88771309192928],[9.047415328043824,44.88740784275005],[9.046731098829213,44.88687700683679],[9.043048436663174,44.88435443155256],[9.042268030549183,44.88445224470868],[9.042170200682083,44.88446660233071],[9.040854220728727,44.88505199363613],[9.029874853601072,44.89053786067428],[9.029631635097289,44.89108038968094],[9.029511386258365,44.891348165755794],[9.028777349353398,44.892293575202515],[9.025422729418437,44.89539105504564],[9.019991216312063,44.9001992108244],[9.019079431073639,44.90069448684791],[9.018397843088195,44.900802820837406],[9.014198888148277,44.90141934083366],[9.008047836137536,44.90298240518286],[9.006340963276935,44.90367104940969],[9.006173287660888,44.90373869842157],[9.005248687984395,44.90440489669989],[9.0013474319328,44.90819485161198],[9.000574734759578,44.911714641241616],[8.998306927284426,44.917881001187396],[8.995545661833912,44.91861888845883],[8.991286866653343,44.92474018712351],[8.988206348351957,44.93085209682553],[8.98189390243093,44.93561330985352],[8.972879978124201,44.94195789889176],[8.970610492366648,44.94324461158394],[8.969988930376134,44.944639429322834],[8.971240237264682,44.95252541441005],[8.971404315197601,44.953290629352075],[8.971721314446215,44.95392100045662],[8.973026490770064,44.95386749771674],[8.974941344376193,44.953651562739616],[8.975980949523372,44.95347164977998],[8.9783251460511,44.95683901185687],[8.977630479150367,44.96601012146028],[8.972529980969833,44.9733608135714],[8.966870096288744,44.979885899772114],[8.961275880697205,44.98536507273182],[8.958505352501138,44.98748522076679],[8.951954199566371,44.98822090226129],[8.944497654099768,44.98713701197874],[8.943612184761752,44.984499314871705],[8.938160963003407,44.98201196581889],[8.927787585882667,44.98232994736004],[8.916860566701384,44.98811944304016],[8.910570981867387,44.99547854372996],[8.908423146806534,44.99828533824899],[8.90127373458691,45.00776281772726],[8.901250869233326,45.007846984765784],[8.901159286135956,45.0081853955269],[8.901119875963841,45.00904968463343],[8.901243359862223,45.01103919674915],[8.901318555366865,45.01182241432743],[8.90141866504706,45.01264167618826],[8.902578529891336,45.017004156796816],[8.902755435661804,45.01746339545388],[8.903071206392243,45.01836386276503],[8.903310940291043,45.019219345247855],[8.903490118790906,45.01999463386865],[8.903524628636587,45.02014686887236],[8.904657459313304,45.02662036461356],[8.904373847459148,45.02957235971722],[8.904168969069557,45.03049926545799],[8.902520788953304,45.03714125057315],[8.900044797934992,45.043986038946265],[8.892749135619685,45.05002278840593],[8.889446616845275,45.05024500955992],[8.88572093777477,45.050613258134796],[8.881058582131013,45.05408033888139],[8.881299072021658,45.054476659296846],[8.881996216100397,45.055125525050684],[8.882973248079367,45.055747644693625],[8.8841274967718,45.05627091653045],[8.879271424846117,45.05903847257283],[8.869355715663783,45.05236621742636],[8.863729528547884,45.048170235292076],[8.858604908387232,45.05076012899293],[8.848882307182642,45.04967647525267],[8.840521568060936,45.04746868824132],[8.837990998481198,45.04423343194667],[8.830911455495817,45.04270187645548],[8.825360430082004,45.04400783216276],[8.821780472812135,45.03965437505213],[8.809919626185994,45.03428288331494],[8.804451770843498,45.035683296486944],[8.800311148837718,45.03620722587201],[8.799536819983157,45.03628689427415],[8.79885164633445,45.03628568865763],[8.79789965814387,45.03622999316842],[8.797303347521984,45.03612092024395],[8.796212608462541,45.035812909282015],[8.795642321095649,45.03552383309396],[8.795363889132071,45.035280297522576],[8.794643080468145,45.03448683987632],[8.794377893607793,45.03409027222672],[8.79415257600296,45.033198703330264],[8.794242474185793,45.03291080803668],[8.794370460323783,45.03262298034137],[8.79547842322689,45.031418721121575],[8.795873282864795,45.031041348693336],[8.796344594470463,45.03059209980295],[8.796853957984737,45.03014291752375],[8.797553501891207,45.02975708337573],[8.79775373864124,45.029674364296454],[8.797816853194094,45.029648316583625],[8.798074688350681,45.029541913225216],[8.798709607406103,45.02937200731442],[8.799242646036063,45.02940894677709],[8.799838888179035,45.029518011384575],[8.800409364625152,45.02973505671367],[8.8009041296816,45.029825940005885],[8.801260894099652,45.0293314516786],[8.8027125606515,45.02726523523101],[8.80221275962734,45.02558833674417],[8.80191096234421,45.024813397531396],[8.80169672384914,45.024362936732054],[8.801242230760314,45.02348923707196],[8.801014789540135,45.02319178764954],[8.800749391947509,45.02285824417675],[8.800369907281674,45.022479502948734],[8.799952310923087,45.02211870466898],[8.79952197675565,45.021766878071496],[8.79907879939039,45.02146904309638],[8.798039759442009,45.02097209906632],[8.796949978304074,45.02046607864799],[8.796430670004627,45.02027611438794],[8.795771497979581,45.020040876557196],[8.795199466779643,45.01992228024058],[8.79471198392432,45.019881395197885],[8.794541636110425,45.01986744649517],[8.792954742034802,45.019792775214796],[8.792104272068801,45.01981824221741],[8.791469375146065,45.01989809187692],[8.790948977716235,45.02001416693457],[8.789474794214254,45.0206325816237],[8.789055060116688,45.020874860069604],[8.788508424225547,45.02121590755773],[8.786029218608283,45.02236359843128],[8.782434227416811,45.02333798738103],[8.781430907078436,45.02359712013378],[8.781328894483233,45.02361596565297],[8.780948263546701,45.02368624313026],[8.780262547757586,45.023765948253455],[8.779564207717188,45.023818602120734],[8.77906904123877,45.02385365015795],[8.778523247043834,45.02385259302214],[8.777698663387294,45.02373397989922],[8.775994275424386,45.021372129774456],[8.775732476853554,45.02015637016807],[8.776385373638403,45.01871735779574],[8.778677076427712,45.01324867197434],[8.775763875087144,45.00854401846402],[8.775659380687504,45.00838288333827],[8.775524225349614,45.008174480914114],[8.775233233268796,45.007948862533794],[8.773282015625083,45.00719784226876],[8.772699049089823,45.00700766126979],[8.772281910425026,45.00689300376293],[8.771748257720938,45.006780700876526],[8.771278951189649,45.006725762163946],[8.770720781917895,45.00668864068843],[8.769198191131537,45.006658566250884],[8.76867780310259,45.00669352016712],[8.768055371379328,45.00685428954123],[8.767648552062596,45.00704250283167],[8.767321245572159,45.00724466762504],[8.76724189379081,45.007294005662516],[8.767214032367658,45.00732479573971],[8.766937235520283,45.00763442280404],[8.766803633532495,45.00791583619611],[8.766741069081954,45.00804764318693],[8.766706356426011,45.008120810957074],[8.766615884471845,45.00852569332893],[8.766639787727463,45.00888583220549],[8.766701679116379,45.0092730372955],[8.766767342696697,45.00952550131137],[8.76681466351898,45.009705060954104],[8.766952714488912,45.010083423918914],[8.767024036579183,45.01027410208103],[8.761729428474776,45.01209833840825],[8.75108122549529,45.00964511440851],[8.74966131390738,45.00933595659829],[8.748735697694924,45.0091628785689],[8.747880439104232,45.009146724784614],[8.747726160218829,45.00929445205288],[8.748210776269223,45.013248272423446],[8.7516305193184,45.01479514943333],[8.75198578506937,45.01482287949412],[8.752328204906336,45.014868628508545],[8.75365959911849,45.01513241922272],[8.7537839311399,45.015185772458864],[8.754077344416109,45.015312253051334],[8.754110718704217,45.015327070028754],[8.753462581743678,45.016581717987386],[8.751279337213818,45.019952660825474],[8.750960162154247,45.02038406254014],[8.750539820290102,45.02072522165489],[8.750145318215695,45.020967398701224],[8.750053692442576,45.02102276149955],[8.749801759581255,45.021164687325346],[8.743813605542151,45.02367192787758],[8.73927840277319,45.02360072891735],[8.733928172510169,45.023415324616444],[8.728015609817284,45.02284820360798],[8.720575176707278,45.026796341104394],[8.714997935047965,45.03556690477751],[8.714703695974249,45.036025250211694],[8.714345579624142,45.036546469787424],[8.713936999910173,45.03696858085859],[8.713211321914816,45.03738982888362],[8.712929133240085,45.037522664427264],[8.712868504716223,45.037551186563576],[8.7125122496339,45.03770332477867],[8.712143348121327,45.03784641463383],[8.711761801339113,45.03798049381801],[8.711393141053914,45.0380695661502],[8.710999175671127,45.038149594797005],[8.710643319043514,45.038220702373934],[8.710058933933873,45.03829123069407],[8.708091682202157,45.038157191140705],[8.707556418073487,45.03804176541314],[8.706640977877697,45.037794114035265],[8.706063306193318,45.03755858557078],[8.705525092798629,45.03733215599014],[8.70499647874365,45.03705173114873],[8.702981203069442,45.03497608664631],[8.702510040425462,45.03448876732038],[8.702007144566734,45.033769569473996],[8.701322527460986,45.0325975382953],[8.70100523847524,45.03182255482593],[8.701045077953436,45.03056691248944],[8.701103734638522,45.030274509455985],[8.701847467421173,45.028228540943346],[8.700813690408724,45.02651773180055],[8.69504399987158,45.02322577775781],[8.689603597841199,45.024860710908975],[8.68574662802246,45.02707362167368],[8.681690499242402,45.02884180341931],[8.672932226347216,45.027919839348925],[8.666841796028203,45.024459822956445],[8.666916820005316,45.02409466593562],[8.667001192228321,45.02350080078575],[8.667028233292509,45.02307780069502],[8.667006456119442,45.02273116080711],[8.666927778687022,45.02244512313171],[8.66667569109357,45.02169724412337],[8.666437381343755,45.021208183038155],[8.665999484035414,45.02060800542484],[8.665887978369588,45.02048165184391],[8.66582205961705,45.0204274422091],[8.665623867857043,45.02026932894896],[8.665408196794555,45.02011784083784],[8.665143614226087,45.0199842631164],[8.659319176318695,45.017941992837855],[8.659238174754416,45.01792373927875],[8.659067916544712,45.01797499926079],[8.658385780579682,45.01833303050571],[8.656812549624972,45.0193027709567],[8.652501887109212,45.02289946929215],[8.65195976618251,45.023688819956185],[8.652579955978059,45.024027959570525],[8.65318853257503,45.024370012250415],[8.654490477069926,45.02525051369352],[8.654930424087844,45.02557140810877],[8.655306677372804,45.02586959757346],[8.656010216696444,45.02651983566774],[8.656345703601465,45.02686967050154],[8.65657626361958,45.02718542908964],[8.656791366569081,45.02753489780751],[8.656965705810277,45.027899987959245],[8.657026799171499,45.028431286109296],[8.656948811233054,45.02940099197592],[8.652589942738148,45.034314056591214],[8.644246614966109,45.03563863807032],[8.634737784102526,45.04096242446094],[8.643214993489119,45.05126254238839],[8.64477038930515,45.05206851915177],[8.645034345192114,45.05224936415062],[8.645394516214559,45.05253404112762],[8.646081894173197,45.053213583663506],[8.646352987442624,45.053563243945504],[8.6466161797192,45.05393763688056],[8.646798382336,45.05431627965985],[8.646948917595635,45.05468580888956],[8.646995038261313,45.05498749330291],[8.646977178687637,45.055243986935245],[8.646950954470997,45.0555409593717],[8.644690211611454,45.0609350528899],[8.64453606093112,45.06125860219401],[8.644189938719823,45.06177062417278],[8.643795362786996,45.06215330329691],[8.643551856832458,45.06238946087998],[8.641141369536573,45.06408329432722],[8.642337633939114,45.07199983535932],[8.639917539807923,45.077118818656764],[8.636561860197165,45.08378739517868],[8.630321065599382,45.088200691976304],[8.622431981988615,45.092288449320534],[8.620675787967112,45.098601794927355],[8.61352184361656,45.102412709108386],[8.613253543323292,45.10256493889245],[8.612462052865675,45.10321020559644],[8.612229922765408,45.10344138683121],[8.612146663628499,45.103524311911926],[8.611489347401498,45.10417926405908],[8.609967372003691,45.105731121919604],[8.609095213036582,45.10688941920444],[8.608670725927306,45.10760829695365],[8.608475016353086,45.1083457639325],[8.608584346821269,45.109147287717676],[8.608847701062878,45.10967028184428],[8.611941957648455,45.124081253743874],[8.610850653146066,45.127642187123854],[8.601443446120266,45.12946617404357],[8.594542577356291,45.13082831672383],[8.588161351218904,45.13660072133322],[8.588012758478724,45.137803166815395],[8.587946501217273,45.13833884634625],[8.58793407073452,45.138436233292765],[8.587555414518448,45.141354897599705],[8.587299498205127,45.142800643998356],[8.587158185784537,45.143592952700445],[8.587127643947229,45.14375585588717],[8.586827048648692,45.14533992211477],[8.586784740535045,45.145542197425314],[8.586469807412046,45.146715877060466],[8.585098685222414,45.14812661061623],[8.580674321553829,45.152257933835465],[8.580647801887338,45.1522789445189],[8.580001306811996,45.152699213366084],[8.577701091902894,45.15301929275055],[8.577293942697558,45.15302678462694],[8.556690694440707,45.157701544433564],[8.554561223028262,45.16342712627115],[8.547662229695451,45.16872447553847],[8.542966039467933,45.17300285373479],[8.542901709027927,45.17709050358563],[8.543691130977928,45.18033310234279],[8.543732605500999,45.180487906364505],[8.543950387430682,45.18128941015448],[8.544592741286111,45.18213813297681],[8.545540951125728,45.18294305053051],[8.562406036529348,45.19448376082994],[8.572393554911194,45.19865313911664],[8.573387421306535,45.19854884459775],[8.574576544483152,45.19884676069846],[8.574810044635171,45.19890537108026],[8.575311582968208,45.19909349672943],[8.576842525765901,45.19989549881705],[8.581210350308382,45.20221014607755],[8.577793758236252,45.20791570793731],[8.57764354540724,45.20789931152617],[8.575752006695023,45.207658363676174],[8.574443468900276,45.20727542735739],[8.556876196735198,45.20517428145637],[8.556025549187915,45.2048559208178],[8.55487127075036,45.2042843258996],[8.550604851537543,45.201153091451],[8.550459093651433,45.20028611908196],[8.550773520596598,45.199162169112405],[8.551085236084106,45.19832850227704],[8.552048718416927,45.1972070842552],[8.552296767176063,45.196424921600276],[8.551928836184699,45.19626145229513],[8.551192628095414,45.19597950784461],[8.550075995943844,45.195660015421055],[8.546478774370822,45.194862380323045],[8.544291511660155,45.194532194482576],[8.53093576357209,45.193343916503835],[8.529407430957075,45.193445658700675],[8.527959727276809,45.19459164976627],[8.524542951440864,45.198407808184115],[8.524769249879835,45.20021362211342],[8.525417021150478,45.20198946010524],[8.526744192263516,45.20157205096601],[8.527604246618285,45.200729473705294],[8.531803446888128,45.19933350771552],[8.532236774455729,45.1992812862213],[8.540625775797798,45.20103463812679],[8.54325356632497,45.20186430677323],[8.547226803917601,45.203437591868294],[8.54798533147971,45.20407153972768],[8.548048582277087,45.204124765390056],[8.548031055598031,45.20418290671436],[8.547891912081738,45.204637062168786],[8.54781206743873,45.204866315791364],[8.547644175383196,45.20534737627657],[8.547307415748335,45.206066172907875],[8.546756088077746,45.20669410022774],[8.545342911980955,45.2082637588265],[8.544623816716765,45.208963718035136],[8.53761713097773,45.214227751756596],[8.536593455988125,45.21497072209408],[8.535543463004942,45.21566857630126],[8.53472588973277,45.2161008227671],[8.534547736332648,45.216195004189885],[8.533701674691972,45.21663325725967],[8.532504822687986,45.216592359933664],[8.531129553822359,45.21664063368741],[8.530390555543466,45.21680874822073],[8.529343379047573,45.217146472687155],[8.527527147015787,45.21806630334913],[8.526656680013744,45.21860259509204],[8.525670272325682,45.21929162542221],[8.524158836663482,45.220551123441105],[8.524094135016723,45.22060879792223],[8.523681256083357,45.221090595679456],[8.523244930373098,45.22160390577355],[8.523001461262263,45.222133173036354],[8.522934732947073,45.22227838772069],[8.522778410560354,45.2226190573371],[8.52258201487884,45.22325734394553],[8.52259144229715,45.22330538335494],[8.522740939575453,45.22405464575279],[8.523059711305331,45.224968213957354],[8.523101190780501,45.22508689197331],[8.52354237352402,45.225826387862504],[8.523666580531202,45.22603430576106],[8.523688115462427,45.226062836038174],[8.524498071042423,45.22712706413092],[8.525322015777146,45.227832222360476],[8.525535204582992,45.22801349333509],[8.52589647535198,45.228280275195274],[8.527079825184263,45.229154098963704],[8.52810425682843,45.22953868846988],[8.528413319220874,45.22965471069124],[8.529735729140778,45.229948210770175],[8.531045115213605,45.23022362721397],[8.532369910290791,45.230229059195],[8.533860685600235,45.230190134733895],[8.535746894694022,45.23003579114588],[8.537479945954695,45.22991680072144],[8.539172429674919,45.230139684286975],[8.540368679215538,45.230606812484055],[8.540569435304823,45.23068532083031],[8.541633817630245,45.23139171583547],[8.542449114806487,45.23199961270944],[8.542495083270278,45.23203428004091],[8.543201889439985,45.232919218932665],[8.543397719714715,45.23338717756396],[8.543651594862991,45.2340012218186],[8.543479576123369,45.23473873953036],[8.542387929937421,45.235895537415004],[8.5417220805187,45.23636093407543],[8.540355560487523,45.23682352711416],[8.538823888212535,45.23715939186016],[8.537664978643488,45.23710077448785],[8.53595890268631,45.23695883752771],[8.53494486852438,45.236963799167825],[8.534267599953907,45.236967119049645],[8.533958972232487,45.236968686593826],[8.532097566311347,45.237149911422485],[8.530816283597707,45.23735071862027],[8.530529206006712,45.23739572680536],[8.530308528778978,45.23751939018284],[8.52962031946099,45.23790565268459],[8.52897645310853,45.23874833484048],[8.529076069420086,45.23937714118479],[8.529098182591538,45.239514135136766],[8.542281158115607,45.239783855871636],[8.544141059036976,45.23981826408819],[8.54517353046634,45.23969633888749],[8.545777523225642,45.23930687090838],[8.54618441998426,45.239043256841036],[8.547208607152555,45.23842622739968],[8.548041153029196,45.23792540387768],[8.548728596726964,45.23795508091768],[8.555359700010873,45.23880931022723],[8.556215257416323,45.24019886028438],[8.556352178077509,45.240613462551586],[8.55632516502315,45.24073757087842],[8.556180957679366,45.241395854543235],[8.554777694837592,45.24318176889127],[8.554049956921856,45.2433679621139],[8.55304350339941,45.24334601580265],[8.551656398795421,45.24312454022584],[8.550346658979006,45.2427863422273],[8.549037435963855,45.24238510510863],[8.546214581673794,45.24180684305335],[8.544532884559917,45.241809145100845],[8.542798108624735,45.242090208336826],[8.540998345563048,45.24238297231085],[8.537795424073227,45.24310525734715],[8.536238005890572,45.24351301231252],[8.528717879467392,45.245489563777795],[8.527799634717935,45.2457837958465],[8.527654706970095,45.24583035292864],[8.525818231786621,45.24645864691261],[8.525177771033789,45.24690605760162],[8.522495388793214,45.249239754882744],[8.522082276722525,45.24992213096819],[8.522768349342286,45.25462609562892],[8.524043717734166,45.25451441125922],[8.526327073568487,45.254298709983644],[8.530905801601124,45.2536876564389],[8.531622651896479,45.25327652996369],[8.53256039515661,45.252371223614944],[8.53360101934464,45.251250288345396],[8.534395387727834,45.25036464978492],[8.534493003511589,45.24982045852449],[8.536013911427954,45.24758753249009],[8.536864361857598,45.24799603724307],[8.539043024720922,45.249616126790436],[8.542726686798012,45.252511404018115],[8.54338394411936,45.253279878275094],[8.543606354241836,45.253940788964016],[8.543619610751483,45.25398185559473],[8.543604015150523,45.25410202667195],[8.543538554249315,45.25460323651296],[8.543010842798909,45.25522200107085],[8.542344421233375,45.255712582876214],[8.542293110617864,45.25575023227058],[8.542082967537405,45.255863354624765],[8.541179792903089,45.256348784498726],[8.539634091460412,45.25661918046543],[8.539514454073197,45.256640102890856],[8.539419011365226,45.256656793030196],[8.537659244571312,45.256802701591596],[8.534604281015444,45.261024036249275],[8.53272263688676,45.265333846169725],[8.53465072642148,45.27110277768173],[8.535678077503007,45.271719063588144],[8.536108006167328,45.27221573732769],[8.53552648542018,45.276327045574604],[8.535429558030756,45.27683069978491],[8.535353385739324,45.27722649333244],[8.535106136651772,45.27780153846328],[8.534020952829366,45.2780583258995],[8.522411550643342,45.27913554499903],[8.522362897622058,45.278856291814414],[8.52258400947632,45.27681389969555],[8.522886977052064,45.27565397769947],[8.523783985961417,45.275081630241615],[8.523824945603415,45.27475775261941],[8.523254512791269,45.27436831317198],[8.521956044823698,45.27416485645234],[8.520606083211124,45.273997173919355],[8.517549348733889,45.27376826776047],[8.514077597627749,45.27432059457922],[8.513422960626725,45.27490061922423],[8.513091956462175,45.27526830044943],[8.513023572651267,45.27534449819214],[8.512821960418965,45.281104622165756],[8.512803748441039,45.28174364626584],[8.513089132631745,45.282663012738084],[8.513568570434206,45.283259139059],[8.515744129775364,45.28518568749483],[8.517419729959684,45.28663240296439],[8.51199744559937,45.29102066778278],[8.510265432824177,45.290887233683534],[8.50609810097504,45.29057224733491],[8.504414847441316,45.290564955921155],[8.499177151027016,45.29174828235678],[8.498337479071374,45.29222644681245],[8.500049883069897,45.296613976876145],[8.507205910972544,45.30710136001897],[8.507710519629917,45.30775163193717],[8.51036537500764,45.31058036360536],[8.513126314292883,45.31284931253502],[8.514228429075594,45.31215646065868],[8.514730075702504,45.31167250746326],[8.515969332949865,45.31149773188911],[8.5177172513887,45.31149612997076],[8.51951152654127,45.31176496446652],[8.519754643661878,45.3118017550801],[8.52161318736748,45.31227763294612],[8.523013262797974,45.312809045446194],[8.523150736530516,45.31286166307912],[8.52489407348717,45.31353352571841],[8.526646213185186,45.31439592606752],[8.537733727335274,45.32040467576071],[8.532968144239275,45.33220405989569],[8.528157717836242,45.33680202616257],[8.526632720219375,45.3407022373296],[8.526365468735946,45.342150219044505],[8.526451200097084,45.342546757130684],[8.526650330845174,45.343159670617794],[8.527003573975342,45.343656207587266],[8.531895416732846,45.34482853019898],[8.542019253603371,45.34780395850159],[8.550850706943262,45.35614717806065],[8.55175479100673,45.361317460327285],[8.553196104681593,45.36148519866699],[8.553757082269218,45.361523360270425],[8.55720531825611,45.35330075065958],[8.559293561014691,45.35229161278699],[8.565666908476114,45.35023672340942],[8.571030587750485,45.34863163772501],[8.577851051943282,45.34777104322991],[8.580898825394563,45.34999653037088],[8.58190443705841,45.350387270486536],[8.58413299030172,45.351133512781416],[8.586897470029147,45.351926658843816],[8.590752866541694,45.351922537881585],[8.598238288785026,45.34950969386252],[8.608374910579105,45.35308246089077],[8.622862745067675,45.355246593575],[8.628818248006242,45.349780118981975],[8.630633417720066,45.34610865053523],[8.634190031249108,45.336943252441216],[8.641493176782369,45.33327587083326],[8.654456834815543,45.32700605144437],[8.655711406839238,45.325680669916245],[8.660868310258904,45.30847329400779],[8.663486294757766,45.29485297829255],[8.663591009604234,45.294331210964295],[8.664887909281145,45.2928317907399],[8.666028137639628,45.29191705214153],[8.676159547817017,45.29284634714387],[8.693649462412472,45.29372270118022],[8.701199627984542,45.29563303944624],[8.702332935983346,45.29596903829225],[8.70275330365794,45.29612311287857],[8.708986229715434,45.29917263519994],[8.716671543744374,45.30807645440404],[8.723377342167506,45.3220360855219],[8.725748459276668,45.330431028313285],[8.72431509402112,45.335810129094256],[8.733894768645587,45.3336817673947],[8.73508653518324,45.33340549165013],[8.742908166465648,45.3369388680333],[8.745289588917686,45.33949672481503],[8.749167250504836,45.34158777761429],[8.755581792328469,45.34448244253866],[8.759377088218262,45.34571993048778],[8.762304144652205,45.348392262283625],[8.762538226880618,45.3486193732306],[8.76267469544617,45.34993385672503],[8.762674619611138,45.35023089290085],[8.760662219901114,45.35569647213532],[8.757227940931854,45.35689834507819],[8.75609006881794,45.35721102708877],[8.75337136934494,45.35704316636862],[8.75184008213773,45.356859826014464],[8.747488955410656,45.35629220779191],[8.735290345831132,45.363168502642154],[8.722242168160749,45.37058165727935],[8.719881261798859,45.37302413550282],[8.718484409126921,45.37648608208154],[8.718470372592034,45.37681919939043],[8.719076898867819,45.37807955586721],[8.71929267426842,45.378378511940376],[8.72209583849907,45.37974441410926],[8.722568093295617,45.379691627095134],[8.722914010268804,45.379449536243854],[8.723325487881533,45.37888345002389],[8.736176864985906,45.37573633458949],[8.745674907310399,45.37648705609146],[8.755047574555501,45.37689459446065],[8.75973784765412,45.37638254604541],[8.760886587670452,45.37648390017066],[8.764025075914253,45.37730048767039],[8.76239810513568,45.38211478166255],[8.764953379371311,45.38759081447248],[8.769052963114312,45.38760826389452],[8.779135921266795,45.383271593172076],[8.79338107081931,45.378959684463304],[8.794735104697658,45.37898915138438],[8.80154253332178,45.37918133729837],[8.804056086981625,45.379878583742034],[8.8069263766443,45.380918591623],[8.810102058393829,45.38229216347247],[8.811899900274867,45.383267083030226],[8.812025970085955,45.383834594299856],[8.811536172162235,45.38511187819058],[8.810981612253034,45.38665009700436],[8.810658162704225,45.38792782178285],[8.81051499094576,45.388782798207586],[8.810817879381394,45.38892086372679],[8.811228461042326,45.38910797999437],[8.814163476058683,45.390066929167205],[8.821430086231095,45.39185636100891],[8.823290712587808,45.392223696893375],[8.825682447724619,45.3917907951249],[8.8263875714245,45.39119835701695],[8.826732366129459,45.3905547361026],[8.826973561972736,45.390271569474564],[8.829518449693403,45.390270910826864],[8.838684411376846,45.39267847342647],[8.842382067645797,45.39442191098295],[8.842192405071344,45.39894687876498],[8.841842263419233,45.399404113966774],[8.840730242245655,45.400854509958776],[8.840125154975702,45.40163387056008],[8.839550443636872,45.402374071702724],[8.838272591225044,45.4038689670572],[8.838145127065648,45.404017972060586],[8.838089560229783,45.40408251625544],[8.836705094711844,45.4051947022067],[8.836500808304168,45.40535818387301],[8.83631894307744,45.4054720435085],[8.830310380069854,45.411722526518],[8.82430862539396,45.4224063517939],[8.821919854234505,45.426761905777525],[8.822867819065353,45.42943403984196],[8.824374207967846,45.43011146216837],[8.825267053964364,45.4307609221044],[8.825839930030705,45.431544890041586],[8.826335726177385,45.432590032219764],[8.825832956545868,45.433948435336674],[8.825348271985332,45.43440187986642],[8.82494826956316,45.43477519436051],[8.82465931387092,45.43493262390401],[8.82432114325126,45.43511640106728],[8.82314388871069,45.43532148235469],[8.821277344052433,45.435372605251416],[8.819462114877878,45.43519855787144],[8.816485770137193,45.43432510342728],[8.814304121926956,45.43362156456121],[8.811513193387732,45.43793998721701],[8.811982864139447,45.43896689291544],[8.811855821662038,45.44012311791607],[8.81184246979622,45.44024446132114],[8.811824781307713,45.440361801931715],[8.810543521938639,45.444986329129414],[8.810202695161683,45.445695684369824],[8.810067368305933,45.445977328200755],[8.797429623277951,45.4576644054699],[8.789257992970015,45.46555020471732],[8.791204391281346,45.47009911415041],[8.790924962150362,45.47695109220439],[8.790886761312018,45.477521938753156],[8.79081771911471,45.478541998800125],[8.790807884441321,45.47868426139081],[8.790803747873563,45.47874234556798],[8.790580798669417,45.48020909159947],[8.790037251433738,45.481864285956966],[8.788992767803025,45.48407671237303],[8.7882183560021,45.48518751308403],[8.78748750259123,45.48623267281735],[8.787362952158599,45.48631089153098],[8.78678195694211,45.48667414120565],[8.78605813805899,45.48682959521221],[8.785910515995946,45.48686110262001],[8.784643893968145,45.48679571357936],[8.78369881875946,45.48652438105016],[8.782626429302132,45.48589898093855],[8.781976315082936,45.48546811841111],[8.781870868660704,45.48539818961787],[8.781419227551043,45.485098708297016],[8.781349059715355,45.485052180226674],[8.780476207664288,45.48483068968507],[8.77959827790459,45.48460804222041],[8.779383966952732,45.48459292421543],[8.778032988943734,45.48449797490504],[8.777461885084351,45.484457851788726],[8.777310771389335,45.48444867944726],[8.775597305595527,45.484379164959336],[8.775261429568484,45.48436555646644],[8.774532593127693,45.484505126992815],[8.773494261311592,45.48470399581168],[8.771750153748737,45.485582724207866],[8.77120265689751,45.48591238190054],[8.770171918633222,45.48653342061664],[8.768746213298623,45.48782669993204],[8.765174959839209,45.49113181439051],[8.763491250295122,45.49285654883849],[8.76264064237563,45.49426795200384],[8.761662126614635,45.49567013634628],[8.761336079446403,45.49596303418784],[8.760352145134892,45.49684689004397],[8.757082734725394,45.498062267153905],[8.756477444700415,45.498237716644375],[8.756211714042488,45.498314034869075],[8.756026588719074,45.498327012619875],[8.754956497903953,45.49840118317808],[8.750565230057905,45.498652707266146],[8.750375650613478,45.49862428069421],[8.749537636547561,45.49849766443138],[8.749232019387943,45.498450728064796],[8.74915037568704,45.49842258046321],[8.74885845009328,45.498321653722854],[8.748536966467018,45.49821045657777],[8.738534766614801,45.49846378508232],[8.727892429796954,45.50239940547554],[8.725555943836623,45.50380697922576],[8.724490129602088,45.50449749704896],[8.723513289107553,45.505314229741245],[8.722844172972351,45.50602370457642],[8.720502230631661,45.50894615810096],[8.715006056531763,45.51694971172577],[8.714387557050424,45.51787568634233],[8.713069742140197,45.52013148266381],[8.712565068030829,45.52117434205833],[8.712291818558143,45.52202874998822],[8.712424825677383,45.52357730586551],[8.7124853399942,45.52391110376604],[8.712561573622834,45.52433085396095],[8.712815470110797,45.524874530631806],[8.714045674466727,45.527190732042634],[8.714413633622808,45.5278757113922],[8.714923525241643,45.528336015552846],[8.716948933873528,45.53431681236699],[8.712890931548163,45.53769195471455],[8.70910611066759,45.54390198950143],[8.708521676253541,45.545448683278885],[8.707755165541744,45.547516941735516],[8.7076513351019,45.54781623861269],[8.707221920602347,45.54906375973575],[8.706164839540952,45.552787511153454],[8.706096640434007,45.55358854019381],[8.706323064107393,45.55494322905986],[8.706327528504678,45.55496991875143],[8.706357392514606,45.55514554661261],[8.706482987623756,45.55584336164965],[8.706527767368915,45.55608202790584],[8.7066704022651,45.561479246069965],[8.705816489684693,45.56788558765364],[8.705527935800227,45.56915398754248],[8.704857437393615,45.569935332211195],[8.704784430131985,45.56996874079862],[8.70336782689164,45.57061558613819],[8.70302451757252,45.57072040401446],[8.702405743116254,45.57090920053174],[8.701222893061406,45.57140203707648],[8.698896809898251,45.572746203870466],[8.696567955267074,45.57437826097887],[8.695474335775266,45.57515842610704],[8.695024176563328,45.575517779918144],[8.694418922365752,45.57600151807415],[8.693851378913553,45.57666607106873],[8.69381651736811,45.57671541211981],[8.69350262094508,45.57716019718025],[8.693345721608322,45.57778087228061],[8.693348249284819,45.57784631734442],[8.693390376951866,45.57884306590675],[8.69383385288553,45.57978936434647],[8.694151767044453,45.58029056146755],[8.69433469361218,45.58056307602109],[8.694890113424771,45.58125946129156],[8.69541256761276,45.58182790105979],[8.695656052992609,45.582060270159026],[8.696037450316101,45.58242363559449],[8.696828508422142,45.58310980434213],[8.697402704601839,45.58359739097778],[8.698551569202923,45.58443695747933],[8.698986178121906,45.5847266891902],[8.69947199395609,45.585006912080765],[8.700200647479312,45.5853868705838],[8.700865658833358,45.58568565776159],[8.70124934091607,45.585872118451334],[8.701963513024769,45.58621952786157],[8.702974711881948,45.58673521408643],[8.703587885211515,45.58714185535004],[8.70413630079014,45.587683335183605],[8.704440635316795,45.58831417577909],[8.704666663757004,45.58921486999123],[8.704695590035017,45.58958122591884],[8.70481094014107,45.591042430537314],[8.70489270973712,45.59256378705758],[8.70476420007829,45.594248197337954],[8.704324146429549,45.59590194568146],[8.703148489936027,45.600057120452405],[8.702009215409934,45.60169517582287],[8.700101417280825,45.60403660176746],[8.69908203901222,45.60270165902591],[8.699266848879786,45.60171204368951],[8.69898626375655,45.601765775019395],[8.696391549813594,45.602262729281726],[8.696015012192651,45.60233484198153],[8.69532673139717,45.60246671072121],[8.694612061665767,45.60273892989208],[8.694567077675098,45.60275607890203],[8.693989838881945,45.602976147134726],[8.693636023235623,45.60312443589371],[8.692859373060402,45.603450165947976],[8.692251051853855,45.603793670265134],[8.69213182517055,45.6038808033801],[8.691855640925695,45.60410465733939],[8.689571932441208,45.60660074370675],[8.688991253725005,45.60725623866559],[8.688731730312243,45.60780458459022],[8.688780675757659,45.60822769139862],[8.689829627380453,45.60844883655886],[8.691134688981645,45.61152835206151],[8.685624920889785,45.61762493470102],[8.684682892242304,45.61857683627398],[8.683829624167807,45.619230950572195],[8.683665416855927,45.61935682432455],[8.683494408466897,45.61946688503003],[8.68213363903857,45.62034258058435],[8.680359705558423,45.62101269483066],[8.677956969912923,45.621501005181834],[8.675802575853718,45.62152184789085],[8.67326249614117,45.62114729346829],[8.668430906342293,45.62084363566398],[8.666212895166131,45.62074718335511],[8.664235404034658,45.62111042186484],[8.663088254934301,45.62203413569719],[8.66304765633943,45.62214372578458],[8.66287745455092,45.62260502614002],[8.66271012039279,45.62305911861465],[8.66269568965309,45.62337413694441],[8.662908307154092,45.62423885413245],[8.66363221563795,45.625456088846406],[8.661460380055551,45.634621534323884],[8.6612283007994,45.63480986579432],[8.66027286230133,45.63580612040422],[8.659304024726534,45.63688334239752],[8.65893960356973,45.637746852060964],[8.659060969844072,45.63890773175161],[8.65939857415172,45.6403399783551],[8.659663129821867,45.64075798267682],[8.660254105888722,45.64169112763916],[8.66030567317454,45.64177209479564],[8.660364385463449,45.64186410298908],[8.661732729928886,45.64259709729739],[8.662207585381177,45.64265590025846],[8.663668819149345,45.64283683369847],[8.665657555502124,45.642878673087516],[8.667120763199794,45.64281993954517],[8.667546751994486,45.64272125815761],[8.668556652069865,45.64248416341205],[8.668868341522,45.642410985248894],[8.670875531767264,45.64148969758618],[8.672230129487456,45.64024247555253],[8.672647806936386,45.639073566434526],[8.672810251742728,45.63846243373935],[8.672962407744771,45.63788634698238],[8.67350783882883,45.6367628017972],[8.673650775452824,45.636594128778604],[8.674515184757324,45.635631557229694],[8.674672344521415,45.63551476694558],[8.675146847105484,45.63516253028664],[8.675674884430023,45.63477077295136],[8.67702577490152,45.63412654418836],[8.678645211445067,45.63362705733361],[8.680301271317328,45.63345169867108],[8.68249439426168,45.633592825241664],[8.68386433148373,45.6339381267727],[8.684083065975589,45.63399325856782],[8.685056290388014,45.634328988978034],[8.68542737016806,45.63451004068787],[8.685707750591314,45.634693891212194],[8.686322187285187,45.63509757115114],[8.687100892231348,45.63581077060977],[8.688184928792648,45.636992848198986],[8.688240317373005,45.63714503842974],[8.688614424658619,45.638209134953314],[8.688585554951295,45.63920299263328],[8.68855387843322,45.63987412720975],[8.688017794414783,45.641672831421545],[8.686961627218176,45.64348213567104],[8.686800545718318,45.64375773322095],[8.686084564159941,45.64495342289073],[8.685997475886774,45.6450966274441],[8.685725220145738,45.645469698247375],[8.684665632974562,45.646884079335756],[8.683411539068864,45.64850090878705],[8.682029995574064,45.65000906872456],[8.680933629081165,45.65098715694238],[8.679949530745029,45.651719853324046],[8.679644172218246,45.651946586978944],[8.677702550405577,45.653387554758794],[8.676288901496228,45.65455409191997],[8.674125173478814,45.65642236740262],[8.673454395816762,45.65700554508525],[8.672396304791782,45.65796561191991],[8.671350234537012,45.659150737258756],[8.670445369204446,45.66023722885153],[8.669835079657258,45.66142357449087],[8.669788402732056,45.66286359065379],[8.67020369104561,45.66423291861138],[8.671120707128837,45.665468661705795],[8.672373814962942,45.666318340947434],[8.674807443757658,45.666891280780874],[8.675069208529656,45.66695289489359],[8.675141154967605,45.66696974661484],[8.675741736731604,45.66708974859451],[8.677150630809168,45.667371118654295],[8.678456978017774,45.667631957789425],[8.680422381420067,45.66802423641409],[8.680623634877795,45.66818169341241],[8.681057308955014,45.6685211262137],[8.681691951739792,45.66911258469982],[8.681976422454811,45.66944639654846],[8.68250509165139,45.67026692632893],[8.682705724278845,45.670818903046026],[8.681201677398757,45.67640175386152],[8.681009393988788,45.67663519358352],[8.680735004247056,45.67683694015129],[8.678786018587491,45.677421039562255],[8.678159554036737,45.67750928686507],[8.677638136820617,45.67754381843773],[8.675714905570691,45.67761937341447],[8.675103603945923,45.677635631133654],[8.674375900074082,45.67753004769251],[8.673778229184489,45.677357316449665],[8.673220434754711,45.677094701955795],[8.672678396330632,45.676809622320384],[8.6718816145309,45.676379806699266],[8.670905616733643,45.675931458661786],[8.670416615045198,45.675758804937445],[8.670250142752971,45.675700034093545],[8.668122569869556,45.67512232055399],[8.667451511054157,45.67495385775613],[8.666871485793635,45.67485765888903],[8.665344573685195,45.67469568039354],[8.664194070163772,45.67457533287685],[8.663681450079547,45.67454682328352],[8.657433604283197,45.67445174274466],[8.654914802757736,45.67448914867279],[8.654034771316624,45.67450899556744],[8.65261687307301,45.674567698162946],[8.651810765223093,45.67463724482351],[8.65017366125524,45.67478076420598],[8.64342396382001,45.67547546189954],[8.642046792514883,45.67585551456632],[8.640902425283233,45.67653416066983],[8.640799957397778,45.67680835217584],[8.640360282274084,45.68188804834554],[8.640347245535269,45.6834000070897],[8.640366338887866,45.68424165285074],[8.640412075684095,45.684592832578446],[8.640439465817241,45.68475620495693],[8.640514340451928,45.68519618955579],[8.640879657168059,45.686304440681184],[8.641183321231722,45.68701645249711],[8.642519429198227,45.688214703594326],[8.648162940402473,45.69696842034291],[8.654358403194776,45.70788246232912],[8.654634010571556,45.709026396812476],[8.654660841467834,45.70958249474445],[8.654690921227214,45.710214664653755],[8.654672705071397,45.711087676987546],[8.653616667763336,45.713557504040175],[8.653434234804656,45.71397098405173],[8.651790358328148,45.715991164662235],[8.648775051687183,45.719555210024645],[8.647844926131576,45.72040742208748],[8.647396400373331,45.72074364127457],[8.64687605572244,45.72113280799429],[8.645960688285863,45.72176069554525],[8.644285184862488,45.72261056521734],[8.642868174555108,45.723155185460755],[8.64131167785469,45.72346533791744],[8.640065370632184,45.723497418823314],[8.63534071998743,45.722951404687976],[8.634615840990909,45.722840830899884],[8.623040286714836,45.724018684007866],[8.60471731918431,45.72600894254088],[8.60214538466512,45.72630604732172],[8.601381886549035,45.72653895183957],[8.600134764284151,45.726919943458725],[8.59598320442668,45.728894494352836],[8.594550709280506,45.72977149783444],[8.593025324563769,45.73099016386472],[8.592848015226224,45.731183047007235],[8.591859715675207,45.73226860639736],[8.591597037824956,45.73264582082406],[8.591028826397457,45.73346273886792],[8.59037764607147,45.7346304882835],[8.589778140718952,45.7358164289407],[8.588693607713061,45.738278738811104],[8.588194805097979,45.739690050152625],[8.587528454524227,45.741208754335496],[8.586668836539229,45.74272677321977],[8.585380991601033,45.74483726382204],[8.583703013066982,45.74753136437629],[8.582910699848373,45.74867156354923],[8.58242650201943,45.74916936162881],[8.575320697087234,45.75629418242915],[8.572289558907139,45.75932510027754],[8.567975565204126,45.763629187578495],[8.565138627413642,45.766390635303075],[8.563610804735408,45.76776190943599],[8.562110404227763,45.768854241207144],[8.56038967674627,45.770206731696575],[8.557321378084994,45.77285908333218],[8.556321508753731,45.77410628928483],[8.555665119100182,45.77499036137226],[8.555255813518945,45.775542248456325],[8.554640888164739,45.77684495190719],[8.554483612384551,45.77721335502967],[8.553998558377442,45.77840855795332],[8.553816203353614,45.77889806290367],[8.55329113109028,45.78031409406501],[8.552933060723952,45.78170779545677],[8.552555024976098,45.78393847815515],[8.552276679912072,45.788104679429445],[8.55240464963949,45.78990536650642],[8.55266404825688,45.791274482588975],[8.5537859404403,45.795761488946944],[8.554176447367611,45.796905845982906],[8.55556647562884,45.800043525145455],[8.556172407543214,45.800832983379884],[8.55827692727624,45.80356395406258],[8.56351118303618,45.80724506156379],[8.56647072305365,45.80840834270235],[8.567144004389649,45.80867130671704],[8.56767992762795,45.80883094075565],[8.574306293373839,45.81078701997015],[8.57809606650641,45.8118023887333],[8.581647123626977,45.81365825614741],[8.587940716883782,45.81892846115077],[8.592032707331173,45.824442492573574],[8.593729136287331,45.828082448601045],[8.594371806276481,45.82947086356844],[8.59520279602321,45.83361383249019],[8.595449372811219,45.83582419223657],[8.594623917162467,45.8447949529594],[8.593820945137724,45.84833855315372],[8.593097306614727,45.850379098814706],[8.59231155996824,45.852446425651905],[8.574950004782673,45.88227153011187],[8.571666489993307,45.88700250954141],[8.57051363431215,45.88950705725533],[8.569446819970704,45.89412929539581],[8.569708747427283,45.89542731340245],[8.570292488759119,45.89831987782714],[8.570641678503497,45.90003330368499],[8.5716262699418,45.90133644555935],[8.572734334558923,45.90278629499434],[8.582672127920164,45.91183271866032],[8.594869029567143,45.922547498586184],[8.600141653497284,45.9262193478908],[8.616877733429913,45.938377692566306],[8.654099827196749,45.96608699676881],[8.68229920836706,45.986887641245325],[8.690564193904816,45.99275598921909],[8.700704266499868,45.99993853115394],[8.701175397078082,46.00024546980098],[8.703790893693078,46.00192632317743],[8.705850119016171,46.003200688397555],[8.706893332187226,46.00375238500855],[8.70783244810565,46.004222788499405],[8.708991713600211,46.00481977317074],[8.709983582191635,46.00536482231521],[8.711090511899569,46.00597713333628],[8.711888858905754,46.0064471707684],[8.714758518764919,46.00820646075885],[8.719326193974654,46.011145717120506],[8.720805877114572,46.01229237239339],[8.721166065202503,46.01259026254676],[8.722117972296118,46.013384610664495],[8.72305630613526,46.01431390563217],[8.72425003178998,46.01552282554329],[8.725402424982546,46.016767812915965],[8.726429962289972,46.0179673025961],[8.728029321698825,46.02112121802089],[8.728882343841155,46.02344529837429],[8.729062439128434,46.026253808241734],[8.729046606383433,46.02683874739499],[8.728938079370186,46.02788246870162],[8.72890041430338,46.028174863134865],[8.72876349999088,46.029232088249884],[8.72847439182185,46.030221428590544],[8.72749550388599,46.032379163310125],[8.726857182686183,46.03342165234947],[8.726285113316223,46.034212310593816],[8.725298414617008,46.035136967264314],[8.724468202886353,46.03577398510368],[8.723390423888373,46.03681541552357],[8.722350789370232,46.03805490850307],[8.721778199831004,46.038926553881545],[8.721270111099965,46.03973532907883],[8.720643146781445,46.04104782910207],[8.720580504134137,46.04123107654571],[8.7202537595007,46.04219875175334],[8.718715945076983,46.04741510330207],[8.717635802037215,46.051390545885084],[8.716942040973722,46.05562791900131],[8.716490737200626,46.05828476394134],[8.715875979692262,46.061025533832094],[8.715559309639232,46.06226677364127],[8.71164213987361,46.07230113858957],[8.710636860733922,46.074206641083904],[8.710167369253925,46.074961473631696],[8.709659113655565,46.075707190163996],[8.709125042778092,46.076443844721226],[8.708513122793317,46.07722530922158],[8.70662345938313,46.07994730054527],[8.706459104848543,46.080189976379295],[8.705676714315251,46.08139398773663],[8.705479845167432,46.08193349561345],[8.705343801845803,46.08319315934249],[8.705569146407981,46.08512878550653],[8.706279682224109,46.087722655752025],[8.707854364368906,46.09081373551905],[8.710259348375898,46.09340290364468],[8.712754815776687,46.09597423977851],[8.714815181350284,46.09804279083352],[8.71839861782042,46.10194645985878],[8.722191210053143,46.10668080874339],[8.723230861792123,46.1081233494457],[8.723834696936379,46.10898882057658],[8.7243225988371,46.10975500871928],[8.724644032480947,46.110169789706084],[8.730355965818376,46.11413444380628],[8.735527383870439,46.11754857741191],[8.742687489138218,46.12214596400058],[8.745303043701023,46.11883977830454],[8.749338454357297,46.11342165010747],[8.752422419328349,46.10936032616629],[8.754750471261376,46.10633230316482],[8.756769894734358,46.10375718592741],[8.757143840944241,46.103475366267745],[8.759283590126337,46.10207587075758],[8.760165019208136,46.10169973374388],[8.76129201173119,46.1013780726153],[8.779617002780475,46.09533079081573],[8.781003241549412,46.094820447526885],[8.783424599756508,46.093943058724065],[8.786321933503464,46.09404751114605],[8.794816789089836,46.0945580747659],[8.800362261509457,46.09529690971293],[8.803674967696336,46.09833569464068],[8.806148712525587,46.10091394366772],[8.807819380131093,46.10043076184947],[8.811082938848118,46.099131181224834],[8.815292692545658,46.09725704934764],[8.816369324955,46.09639477179455],[8.81911927563993,46.09365411208201],[8.822217636042337,46.09122893622328],[8.832710164488573,46.08345064287306],[8.835715451244821,46.08188897518627],[8.84471322426485,46.07768047921459],[8.852050546948755,46.07552120198726],[8.853980627677132,46.06909306466874],[8.854517056895904,46.06162808833066],[8.844302524724577,46.048537361991265],[8.843358150558148,46.04882407844417],[8.838068080723367,46.0504277755304],[8.834434691762212,46.05134959026644],[8.830853462445186,46.04731225627781],[8.830470310469705,46.045808653948946],[8.832332896911252,46.04054628677408],[8.82797535475679,46.03331711484971],[8.827551162621242,46.03272695097453],[8.827010652842823,46.0320151189858],[8.826314994975471,46.03133904897363],[8.819682448406981,46.025271624246955],[8.811898646922005,46.023531031529934],[8.805941408629572,46.02160851585661],[8.793073113063109,46.00795505092464],[8.786080642345635,45.98930828860463],[8.792350644865103,45.990142186017046],[8.797611529562845,45.99183477097187],[8.812022187544704,45.9905543349464],[8.814489256923752,45.99030635597825],[8.829454783324756,45.98805247448271],[8.833176670315623,45.98653692762103],[8.837042169702555,45.98482344149791],[8.83970484590504,45.98335115977573],[8.84455753977172,45.97702499796542],[8.850744114577422,45.97254771662643],[8.857054096919107,45.96813294993127],[8.859857416945978,45.96653803869519],[8.87763498234046,45.956527579932924],[8.878874495099305,45.956024894279466],[8.880745134895498,45.956233862145346],[8.889838541871816,45.95752558877109],[8.893242937425775,45.958140841372476],[8.894274706776091,45.95846580993056],[8.896514163295533,45.954732728585384],[8.898526478409087,45.94738123747996],[8.89867041650539,45.94627431331908],[8.898724052991394,45.94515831284102],[8.898287683177266,45.94391588988619],[8.89772179372072,45.942943333411776],[8.896717960978208,45.94161938266946],[8.894993923791503,45.939151710989684],[8.893373806550208,45.93636909184],[8.892731689349157,45.93509043559655],[8.892514189135236,45.93395619091244],[8.892619729256898,45.932750233370605],[8.893060988387214,45.93133758869494],[8.894005159771014,45.92998839471722],[8.896821886063337,45.926669842110734],[8.898255662531941,45.92533017758591],[8.905534059660106,45.919936288636244],[8.913418870250519,45.91746293104265],[8.924614585768024,45.9058511620373],[8.925144019218184,45.904942473632424],[8.925455091862423,45.90370962791134],[8.925482162488185,45.90273758729947],[8.925187099693737,45.90166635217597],[8.924699785848178,45.90005494142165],[8.924005286596774,45.89886642687737],[8.928604599566873,45.89054837164475],[8.933903213336551,45.87761789850927],[8.93479962657507,45.8714351168278],[8.935136475263647,45.87012568183031],[8.93747958521936,45.86758774035322],[8.939342820168099,45.868058557292095],[8.938557933391998,45.863408795797085],[8.930410389538025,45.85851679985116],[8.920583663483331,45.8492128348235],[8.91900166166678,45.847708637569085],[8.916392077398749,45.844718572636026],[8.915350763287115,45.843502734236374],[8.9147857810454,45.842683277436606],[8.914580242389302,45.8423591070911],[8.914412456921257,45.84207996041396],[8.914092135051815,45.84153968613635],[8.913899573074714,45.841152520083924],[8.913604294065662,45.84055825423498],[8.913207348084761,45.83914039971096],[8.912951261209972,45.8381996557073],[8.912337397092385,45.83549901363865],[8.912286403178781,45.83517495721484],[8.91223551018072,45.83478789658438],[8.912125503744289,45.833608738806845],[8.912112295565306,45.83163324424872],[8.912448677687655,45.83027883473434],[8.926202053154727,45.83359166826616],[8.934090953238782,45.839365848892385],[8.942033130705521,45.841530272012236],[8.948187151641392,45.84315332970894],[8.949537460925336,45.84347795173754],[8.955680713037541,45.84249943583298],[8.959957110006599,45.84008887820322],[8.961722047326708,45.83899142445676],[8.96225045377563,45.838352562158775],[8.962325950969577,45.83801057865432],[8.96181325416193,45.83743435648228],[8.961324644383952,45.837011171051216],[8.961376471305048,45.8365431527351],[8.962020244330951,45.83603933382494],[8.963424300625736,45.83521175875367],[8.964248650262972,45.83478898038317],[8.968781323653001,45.83288670268297],[8.970326211863588,45.83247758659746],[8.973274667841489,45.83263132640343],[8.97384109755949,45.8328204711728],[8.975192801197593,45.83339680707121],[8.97542608612507,45.83359486635407],[8.975552771755845,45.833702893620774],[8.975874476937667,45.834143991753486],[8.975964405471828,45.83462104105245],[8.9799804441707,45.83599889791676],[8.985890271928632,45.83787188241322],[8.995366318618148,45.834344452611276],[8.996473406131557,45.83159032835903],[8.993166231843887,45.82357969294516],[9.00856082352587,45.81989834825073],[9.01482825184213,45.8185026117658],[9.028137192007723,45.82105627219011],[9.032696591346348,45.82372372506623],[9.03452618649257,45.83051664909049],[9.035961302226799,45.838169865109265],[9.03575763802232,45.838360799356785],[9.0357076945586,45.83841347568666],[9.035510606033375,45.83888346202315],[9.035471691265839,45.83897882375973],[9.035794433893024,45.840834474479294],[9.038746773273429,45.84461658332344],[9.04484032276969,45.84816957680496],[9.050705409211421,45.85461148582749],[9.050950562710522,45.85505240492047],[9.050745208467475,45.85588054634098],[9.050346825913111,45.85691577391829],[9.049587759646457,45.85794216183864],[9.04888061261158,45.85948155017043],[9.048521459567798,45.861254794843944],[9.048471021232947,45.862505902624136],[9.049980805411742,45.86532240588031],[9.050457857457577,45.86618624339786],[9.05431553416956,45.87228679118484],[9.058801788772739,45.87528173667217],[9.061404384595413,45.87538836619637],[9.06555383769667,45.8760071047856],[9.066623643082162,45.87624049292399],[9.073460317766253,45.88266264064633],[9.078788785122038,45.88780735606249],[9.084701365035228,45.89418444015055],[9.086728749927813,45.89655003656791],[9.088757567692541,45.900715677593055],[9.088115494450149,45.90127421277883],[9.087240004946487,45.90199491013334],[9.086582748531962,45.90213041210162],[9.085151294876031,45.90181648730711],[9.080057117774768,45.90043409066161],[9.074964469381783,45.90629682386315],[9.069860450795986,45.911970339723744],[9.05427162131701,45.920223171597904],[9.039189183435353,45.926664623453654],[9.034791752597613,45.92632404462864],[9.030368886100108,45.92651431614571],[9.019395186335615,45.92857778810335],[9.019447189324604,45.92976582783387],[9.019964379078203,45.93331189456906],[9.016264430296948,45.940323774192244],[9.015106168529007,45.95055735282523],[9.01406387792202,45.96015636019822],[9.013534878771969,45.96066944188038],[9.011264128404394,45.96149772291079],[9.008760990617066,45.962361974769095],[9.004205811388777,45.963905786072964],[9.002012224287174,45.96442786001722],[8.99953463750212,45.965012892905364],[8.993985583806209,45.966587808052076],[8.992746460209938,45.96724475069349],[8.990152256971868,45.969062626467974],[8.989377734761876,45.969647573648885],[8.988770878737242,45.97058354467975],[8.98825477131547,45.97156453444488],[8.988073879208894,45.9724105558621],[8.988409463751056,45.97260859532499],[9.001935323258925,45.980052415957275],[9.01082966341242,45.98373304486517],[9.022359464231092,45.99024759457865],[9.028287080903057,45.9936618969618],[9.02791296376697,45.994418001579184],[9.026429762038664,45.99736144829258],[9.025823360919858,45.99852263628276],[9.02253963555296,46.01560582427872],[9.02228669491028,46.01654250469033],[9.019312546713058,46.019116518993044],[9.017233547738654,46.02083590395173],[9.013617641174573,46.02357245723102],[9.010130555442723,46.02613790289221],[9.00909749535999,46.02717301106029],[9.00816789408209,46.02913512686953],[9.00783249465034,46.0303591764009],[9.008880500164056,46.036200255904106],[9.015771688612551,46.04644175481692],[9.023813835284344,46.052614500672654],[9.034247172102972,46.05639192952246],[9.047772710985093,46.06166118874105],[9.061578175362216,46.061231580423254],[9.073369342915687,46.0626196373562],[9.074223138199292,46.062970092985076],[9.076073300213732,46.063922898874324],[9.077872431387084,46.06531672308739],[9.07801201404157,46.06573513371855],[9.078208586478064,46.06645500510572],[9.07833916200541,46.06735492968447],[9.07814648693663,46.06825507723354],[9.077881023200652,46.070860817391285],[9.078427395786854,46.0748700118719],[9.078764703109567,46.075634794624186],[9.079787806697455,46.076660102508455],[9.083969807661084,46.07987017309848],[9.089343435807262,46.08484317195633],[9.089434265307723,46.08502311053606],[9.089616148530274,46.085517967031954],[9.08979815057025,46.086084839173004],[9.089941642197777,46.086831731930985],[9.089931502909618,46.08756975058145],[9.089842448929701,46.08848783979125],[9.0892112073485,46.09007235025174],[9.080142810308908,46.105793302577645],[9.075868331176407,46.11101628051813],[9.07392725816384,46.112817567922214],[9.073375518805143,46.113609937104464],[9.072419283702898,46.11560856071887],[9.072137042945144,46.11656275266533],[9.07198259423736,46.11722886006054],[9.071519759014215,46.1192901641983],[9.07163492547375,46.11951509328172],[9.076503638787845,46.12124895117799],[9.077066815614415,46.12137457501477],[9.085836985072994,46.12336635486056],[9.100599404632895,46.128403365730286],[9.101377357516224,46.12910468587021],[9.102829275833955,46.13025539791414],[9.104423640688607,46.13138795377624],[9.10516222764313,46.13176528333937],[9.11244083712145,46.1342423630376],[9.1159242282679,46.13528739535547],[9.116455245510034,46.13540386361808],[9.1171544209051,46.13544814174756],[9.118137628477141,46.13530313766186],[9.119056398485705,46.135131172051054],[9.1253362246611,46.14164500657243],[9.128544587082724,46.1460784757821],[9.130659839911765,46.14821809093848],[9.13360554285043,46.15114868730135],[9.137200076590897,46.154150443707486],[9.143319971422631,46.157427953022754],[9.154390257607607,46.16156255760734],[9.15820741747375,46.167470337248794],[9.158566977702174,46.16905385040631],[9.158893232996881,46.169890396536076],[9.159568676286352,46.170519461988384],[9.160372794243377,46.17085132965123],[9.16310776135292,46.17138746284588],[9.16827955949675,46.172360973951896],[9.169743106802972,46.17225079851084],[9.176036472232184,46.17144028034549],[9.17757609335841,46.17082590029487],[9.183511788244154,46.17160853167478],[9.192969330218995,46.179233965797884],[9.193528782490075,46.179899023805426],[9.193946708746864,46.180843304873875],[9.19580687091292,46.186564129949495],[9.194766515302913,46.18917591066623],[9.196731769147988,46.19882050906595],[9.200326441143474,46.20719323294037],[9.200965825383783,46.20834410500008],[9.201538494525476,46.20897309986568],[9.201964674881134,46.209307586667485],[9.205567892807515,46.21044641185668],[9.206973593722712,46.21054737037106],[9.213115573584595,46.21118407698688],[9.21478087392827,46.21176597124514],[9.21734078747184,46.21391211600813],[9.218224125206794,46.21465742138686],[9.218664262282093,46.215511580170215],[9.220785038868751,46.222239450098144],[9.221609630498094,46.22596833191967],[9.221034796512072,46.22691894357381],[9.220562330581082,46.22814384082469],[9.220755050165291,46.22931344718128],[9.221300731985092,46.22987039844264],[9.23484879292287,46.23383933482119],[9.236659460596265,46.233898601833644],[9.23819781893343,46.23331039950483],[9.2402821755413,46.23266254652924],[9.245452908087593,46.23252106353804],[9.246446385930865,46.23255492443179],[9.247615383141198,46.23362724089414],[9.248066510537024,46.23449540699936],[9.249827220615085,46.24041800820926],[9.24883586613458,46.24877657114642],[9.249370599726529,46.25450383202157],[9.254601199730912,46.26879309807912],[9.258910738042143,46.274525337980855],[9.264378954015445,46.28087571738145],[9.272026461485261,46.289254615004594],[9.274008833620451,46.29115785099093],[9.275272304894592,46.29198278334476],[9.279516584576015,46.29447445190645],[9.282158911563121,46.295853928508485],[9.283706666346573,46.29645308883661],[9.28454019072797,46.29694599842219],[9.284738132242113,46.29998744080547],[9.28376284597163,46.30457977811199],[9.282133529733148,46.30829172903542],[9.289118651148764,46.31543811735978],[9.295223631052476,46.32049838301372],[9.29913768538398,46.32603206610433],[9.295738346906122,46.329010835931626],[9.293903831142755,46.33077951689244],[9.293414269943543,46.331554768196746],[9.291810383165652,46.33496077490297],[9.291688805991397,46.33660803212451],[9.292424926413277,46.33819911136296],[9.293925489668357,46.33944622745041],[9.295527716297464,46.34025658533464],[9.298186318369542,46.34183362940315],[9.298906571732552,46.34284872461805],[9.299197475955555,46.343846930715515],[9.296961227349605,46.35084556376302],[9.29231120198094,46.35617637905937],[9.290155379208436,46.35652386501661],[9.284143832390795,46.357564927996286],[9.282354437162775,46.35833433739522],[9.281473293943936,46.35887647772511],[9.276678010440584,46.36941783806844],[9.276493878695234,46.37423313143741],[9.278151723182827,46.378242963698995],[9.28091112097933,46.38146710690185],[9.281850610280584,46.38728761644906],[9.28018955520008,46.387921681623666],[9.27875021786394,46.3887621654707],[9.277883494415384,46.38968224679297],[9.275710936567789,46.394740819024264],[9.275649581543181,46.395469942820434],[9.276538126913614,46.39634975433983],[9.277726035919356,46.39718383990218],[9.278952129755782,46.3979188265536],[9.279892382503448,46.398717498844896],[9.280611408415407,46.3994177103488],[9.281163598266717,46.40063130778738],[9.281247502973066,46.40177406259903],[9.28138082580932,46.407542501779105],[9.280808636728054,46.41021677858313],[9.278812440129759,46.41423549091637],[9.276083586465045,46.417373985032825],[9.262782371981737,46.42196813675631],[9.249473858272005,46.43115953892119],[9.248696466972932,46.43184971099219],[9.248168439565184,46.43309278741277],[9.247798111263165,46.43466853402119],[9.247466776009997,46.43623516436838],[9.247238543573179,46.443336334796044],[9.247724630642669,46.44717810237716],[9.252018129239062,46.44952661612277],[9.255821371886913,46.44989615812776],[9.259532797305724,46.450112784605196],[9.261107546210466,46.450046202878845],[9.262632172053506,46.45030369612047],[9.265606172006958,46.45148477033845],[9.271688103748554,46.454521349396856],[9.2772671038662,46.460960633867714],[9.277816916746522,46.46159826912396],[9.276726230174129,46.46215889591694],[9.273784027569345,46.47008107287141],[9.274931639452243,46.4807877704203],[9.276138995922441,46.48518561807968],[9.278868349637158,46.491604652300936],[9.279459509095116,46.49253915325294],[9.28192888249717,46.49642088786128],[9.282373216159078,46.49666276745444],[9.283234744599847,46.49693962746359],[9.285867327087871,46.49705907221609],[9.28892959634698,46.497105379778795],[9.291564485457421,46.49764766077991],[9.297096680566627,46.49903734977126],[9.299471982637229,46.49974211092143],[9.300598421486985,46.50018013552376],[9.30560394961516,46.50234025037169],[9.310911862066138,46.50453082236302],[9.318065896238954,46.50528510633857],[9.319935706668863,46.50547787643616],[9.325590829377665,46.505911891234845],[9.331119971091015,46.50597702306816],[9.337242959509869,46.505644164286984],[9.343510319219014,46.504833554348664],[9.352113033445017,46.505185377769806],[9.357668126840494,46.50772399813153],[9.359057871226929,46.50870958826891],[9.3604327950822,46.50941622028393],[9.362046877738376,46.509699105637004],[9.363036088186815,46.50936297895034],[9.371513166783009,46.50442204833683],[9.37219052782142,46.5038254786339],[9.372343914676415,46.503690369442154],[9.373707146800191,46.49982966404874],[9.372894130276654,46.49909436035697],[9.371547688561728,46.4983697771433],[9.370490897321236,46.498193208332694],[9.369494289467248,46.497278477155696],[9.368795531001792,46.49608380585211],[9.368383780368474,46.49493319579694],[9.368377703642121,46.49403326716784],[9.369804113283292,46.4910768297989],[9.370837133198233,46.48969655963479],[9.371601475281656,46.48904610018684],[9.375125789926198,46.48628975638956],[9.379565715241124,46.4839892198169],[9.38808476123922,46.476666511288336],[9.388102545232412,46.475505515788996],[9.38983604171831,46.4738166981345],[9.395646705233768,46.47047592784601],[9.409006877156264,46.46671211713983],[9.4102820192147,46.46654557404701],[9.411507237678197,46.46666716794742],[9.412823755811624,46.466914412970084],[9.41388543625087,46.46780153449688],[9.420851561279893,46.47439978059663],[9.424119777073106,46.479359945658025],[9.424132128783274,46.484300653188164],[9.424484644312923,46.487746168012684],[9.424811148628695,46.48951785412606],[9.426085537023306,46.490863037659],[9.432829131282427,46.496777403141394],[9.440961832848227,46.498717219796276],[9.450274408114261,46.499751889355835],[9.45157544219961,46.50017422897309],[9.453435552269717,46.50210177333517],[9.453552078988258,46.50357722628933],[9.453289384664364,46.504901186977804],[9.460883174387728,46.507426700654996],[9.460476771253864,46.49634094274287],[9.4592599728442,46.48492546094273],[9.458760015417692,46.48463948306707],[9.456864481034913,46.484557071574685],[9.454920372714938,46.48451081754479],[9.45424224885088,46.48443252713761],[9.45016233085012,46.483899670587306],[9.44973174516803,46.48382037891649],[9.449458530561031,46.48337147768222],[9.449520235438492,46.48038337818147],[9.449561680293787,46.4798792548353],[9.449658842962206,46.47951887809971],[9.44978386458124,46.47947339662189],[9.45116504071683,46.479512900838465],[9.454887089582138,46.479840145952686],[9.458081279867796,46.480124424140925],[9.45887483148524,46.4801842394937],[9.461525354003731,46.48020957158871],[9.462013805405611,46.47933464912931],[9.463514260230726,46.47040102989337],[9.463571961767624,46.46952784498491],[9.463116468879248,46.46803575908208],[9.462471569279703,46.46724640383044],[9.460870185299184,46.46577694164372],[9.459641928212832,46.46530490612911],[9.458713018390796,46.4648046745315],[9.457769978305715,46.464169484039225],[9.457371074939745,46.46319012074611],[9.457660078570552,46.45882418296639],[9.457995533526384,46.45379206461024],[9.458490432988068,46.4413886627863],[9.455207511965952,46.43017026952996],[9.453709974457839,46.422238557433566],[9.458495413809645,46.41452927379692],[9.461173076569143,46.41120664898935],[9.464716585967068,46.40407358936367],[9.466864378455625,46.398116064977366],[9.467740546298062,46.38790685482669],[9.465804258311737,46.38493586523318],[9.464376902860371,46.38368170254989],[9.461776154665225,46.377437457454874],[9.461597128101738,46.376250222439516],[9.462770764896739,46.375120454479564],[9.464232537923271,46.374232568773216],[9.465879443734618,46.37381188455368],[9.493650218044996,46.36535277006179],[9.494556880549919,46.36497987398166],[9.496042562388958,46.36403745425801],[9.497345246599522,46.36290233640831],[9.498723297890267,46.361483381465504],[9.508300368176192,46.34998455043798],[9.51148518586542,46.338909636262755],[9.513680719950669,46.33469691143624],[9.51772089483651,46.329215760880956],[9.521188359583897,46.32506011729272],[9.528747792826957,46.31710108901794],[9.53419229722948,46.31215288916492],[9.536639768115387,46.31017048135967],[9.539475725782898,46.30801514190037],[9.542157272635638,46.30610350427941],[9.544260799944784,46.304851532816876],[9.54644404874921,46.30370713275538],[9.54937741465594,46.30234316919611],[9.550016549463106,46.30261915679429],[9.550564351336423,46.30285950459768],[9.552535824259992,46.30392098335236],[9.553438222458809,46.30455560612038],[9.561409443843623,46.304507749582754],[9.578171073874676,46.2958068736526],[9.578582458288667,46.29541780158278],[9.579359232402155,46.29520688137081],[9.582497605323447,46.294857929647506],[9.58475515496568,46.29472927332259],[9.595085491220043,46.29430697085867],[9.603402165665033,46.29489337665152],[9.609863716886974,46.29450809940671],[9.610726936667263,46.29398150649898],[9.612708710394294,46.29239591701331],[9.620925596938472,46.287824676026375],[9.631944630725226,46.28646831474569],[9.63339590443519,46.28630730085824],[9.635082447207678,46.28621693788254],[9.638576633043533,46.286332469010155],[9.63981242779725,46.28655055540869],[9.641934187127246,46.287042658576944],[9.647008084512743,46.289012015939676],[9.658497195538676,46.29529582330491],[9.672176478962303,46.30101211129563],[9.681131193473774,46.29858316500693],[9.681169510392179,46.29748494341326],[9.68199149991786,46.296760065559994],[9.687179611636093,46.294308037962644],[9.703981314042654,46.290911874522735],[9.713740340378953,46.29273234152367],[9.714470734867115,46.29298877259933],[9.714497775083034,46.29306963702719],[9.715030119935605,46.295001293331715],[9.715050825755934,46.29559516227454],[9.714605207225853,46.29627293413436],[9.714495748887845,46.29684061319115],[9.715065877345785,46.29974399977874],[9.715365758565607,46.300772601700615],[9.717813262366487,46.305230163907204],[9.718645927531174,46.306340913675115],[9.72153694707637,46.30893266326032],[9.72248883451818,46.30922364050824],[9.723724044356315,46.30933283258516],[9.724170893421316,46.30973500178809],[9.725479133813744,46.31242659454487],[9.725924582630466,46.313701742349615],[9.726128057045239,46.319199390858316],[9.725707364937886,46.319800536092984],[9.724609644015366,46.32028449023458],[9.723292390360717,46.32080581859642],[9.72207537598459,46.32111051719595],[9.720654786544083,46.32761733416903],[9.721844844915044,46.32821281611234],[9.722699168973026,46.32896339039641],[9.727085152391963,46.333534480702795],[9.725681594957072,46.33645482698504],[9.723808577135324,46.3393826244078],[9.723255430910353,46.34073158971016],[9.72474007530206,46.342639142824225],[9.725804574289409,46.343478360887474],[9.727063869766532,46.34436583856046],[9.734249117662365,46.349130311601165],[9.735686024576465,46.35003903721252],[9.737279144343214,46.35065876566461],[9.743100561253321,46.351593048591596],[9.743631603771188,46.351517602174155],[9.754801836305475,46.34574306400714],[9.758229205880513,46.34355143859865],[9.761236248821033,46.34041304597637],[9.762368244002797,46.3394695312711],[9.763502679547624,46.338642974274094],[9.764696400482194,46.33782050663449],[9.765922713450463,46.337299311975926],[9.769582557571368,46.335888776487096],[9.771344374000353,46.335570922635284],[9.774983424161235,46.33500632569457],[9.77639878108394,46.334942719438196],[9.777477478380108,46.334962392073685],[9.778184165683243,46.33531757157621],[9.781563003992646,46.337926956944486],[9.795409498762238,46.34324485521615],[9.80478636085917,46.34596467082686],[9.816895331264078,46.34996018773094],[9.82166379125826,46.351608959470255],[9.82926219596111,46.35633744315209],[9.831409657682418,46.35812631080361],[9.831569140610533,46.358363784951564],[9.837697301564418,46.361279923647984],[9.851765783290757,46.36404689886842],[9.867625899963903,46.3631311754165],[9.870544749694638,46.3630099026547],[9.879449132558404,46.36784212611],[9.880651418538669,46.368683355954715],[9.881864753529323,46.369753978486024],[9.883041064525244,46.37099586304192],[9.891285291079159,46.37501327113425],[9.90636061327559,46.38088410986384],[9.907603614274546,46.38055925697045],[9.908708958827756,46.379776504836805],[9.909888674094542,46.378921137346694],[9.913277969572082,46.37493872658868],[9.918438158760505,46.37075752029315],[9.924533401154783,46.366123122666075],[9.925361046522045,46.36600841822978],[9.92837569968706,46.36664097310687],[9.929210122571003,46.36687719584072],[9.930375498036403,46.36751119946762],[9.93093225927676,46.36804665526589],[9.930834460648946,46.36893841169987],[9.930289853098627,46.369788830945474],[9.929652811842283,46.37074798955994],[9.929825126339217,46.371660051444415],[9.930280957062948,46.37214447563899],[9.930741136329699,46.37263350918824],[9.93150751161351,46.37321224812323],[9.933529986775905,46.37453671780993],[9.937502088646198,46.37580918615558],[9.94253418412764,46.37713126742553],[9.952940690055446,46.37937145228775],[9.954803748468109,46.37901391471735],[9.957923846218348,46.378366844354225],[9.958587534490011,46.3781182814377],[9.957373434851343,46.376355511814204],[9.956444746582864,46.37543630958447],[9.955712207236408,46.37453346725258],[9.955413777148605,46.37373046907734],[9.955942486149356,46.37278108613779],[9.956896319954232,46.37151315020937],[9.95809179773704,46.37012617762278],[9.962406260661929,46.36561706215346],[9.965882433987858,46.36281581691642],[9.9730692322588,46.3589479791562],[9.983512988486114,46.35369282765452],[9.988722932761762,46.35200092401456],[9.993097791084335,46.35252100624253],[9.993728054048727,46.35233552802246],[9.9955216190885,46.35157295033274],[9.996062509940238,46.35129823518401],[9.996352418068826,46.35093572246105],[9.995105577642308,46.344493723949064],[9.994041180942782,46.34142505439877],[9.990904057388626,46.33829334936566],[9.986249136338172,46.33473368232797],[9.982084172382459,46.3265302107401],[9.981207865804498,46.32474676915687],[9.980849552996656,46.323597866549335],[9.981430770651503,46.32268388532815],[9.989704482812124,46.317581661520144],[9.99703015599353,46.3139990740509],[10.000829709133901,46.3036970441883],[10.000863763153903,46.30271575421037],[10.000403956017012,46.301711803779064],[10.000150566512861,46.30134501733953],[9.997118372605334,46.298833546555514],[9.993276301984091,46.29747200434888],[9.992561796013563,46.29314028250218],[9.994431718506108,46.28742701798247],[9.995486467761031,46.28545586942557],[9.996059294076586,46.28482987717844],[9.998095865383911,46.28331812778122],[10.005777620074694,46.28173882799234],[10.021816137456321,46.27865363613621],[10.036335011374359,46.27422999294185],[10.050576358017489,46.26762907202099],[10.055834418000366,46.2636926542463],[10.060315101031836,46.25110527144367],[10.059869782387697,46.24751842549877],[10.05441397012017,46.23900992485655],[10.047772563482404,46.23216800972327],[10.04536870954995,46.22919301851799],[10.061052528622202,46.22273953055414],[10.064229689482676,46.22007300530996],[10.06760918185366,46.217827477770875],[10.06938901388557,46.217342853372344],[10.070837209663871,46.217140294151825],[10.07136342190061,46.217531357465646],[10.074457125567685,46.219932320836655],[10.078593768507549,46.223268371774196],[10.080912421315514,46.22512747178559],[10.083065014427792,46.2264480792876],[10.08356105990052,46.22661439025226],[10.088170435494773,46.22756960010179],[10.089680656067701,46.227870215974875],[10.090266423060124,46.22798161792338],[10.094518250142329,46.22855300246512],[10.095049850087204,46.22854791135069],[10.102344921032797,46.2282527964999],[10.107526427977898,46.226681705715954],[10.113600355320493,46.2256507035498],[10.124009775269858,46.22421681647658],[10.13076003142453,46.2252033424641],[10.132647118901103,46.22553566073947],[10.139531931429797,46.22800518302658],[10.142328135345005,46.22902127963414],[10.145676306676517,46.23038275945725],[10.145755866860966,46.23047577322811],[10.14644723556547,46.23128404039173],[10.14719187694819,46.2327885634899],[10.148542197435996,46.23534901049049],[10.15094174170171,46.23969885319515],[10.154858541459419,46.24215239185624],[10.160362737066603,46.2455529241611],[10.163503129071554,46.247338618663036],[10.166041732198197,46.24898674035313],[10.173753694508484,46.254136804507695],[10.17453053503014,46.25466882516215],[10.175087828690096,46.25524809038162],[10.175422497728464,46.25573064368185],[10.17579041101874,46.256554858381456],[10.176540682516277,46.25826617226493],[10.173008765182285,46.26543942573914],[10.172299295389363,46.266247696490055],[10.169495899893883,46.268670379677204],[10.16760564142411,46.27010270662568],[10.161835296574107,46.28015143990754],[10.155668076367041,46.28809786447777],[10.14979025245897,46.294448067718584],[10.138233163983735,46.30251061001287],[10.136067383952074,46.30578115230277],[10.120686753785641,46.31253885026645],[10.113863945623866,46.31937342690916],[10.106144374856719,46.33142715629541],[10.106166386416724,46.34085426554607],[10.108307857127285,46.3497658376165],[10.111322723667607,46.352994503785915],[10.11738421056758,46.35581536204103],[10.126245216884659,46.36010230958372],[10.12885786228245,46.363289480852195],[10.127504998584989,46.367037725697145],[10.126484992452067,46.36990971844727],[10.12607039296504,46.37124575870799],[10.127365266238206,46.37671387101553],[10.127722006991846,46.377619322413445],[10.128595422182975,46.37835767891561],[10.129821038641182,46.379146552574234],[10.137139388611734,46.38347939365033],[10.141035398759707,46.385717516315594],[10.142122667657874,46.386093648985096],[10.147774596365483,46.386496052967054],[10.148940666876317,46.38566535677186],[10.15038260790486,46.38558786011233],[10.15447404172681,46.38538013179114],[10.156127246149262,46.385453428182345],[10.15793723609526,46.38556111141718],[10.158930875302538,46.38581199357837],[10.16165788105692,46.38749872139423],[10.163320513368364,46.38984875282854],[10.163941051273639,46.390895410790485],[10.163617865142172,46.39221266199693],[10.162270224581833,46.39984015079689],[10.162328128286493,46.4025664956007],[10.162407480408518,46.40446462579485],[10.16319338683441,46.40536559942154],[10.165647384429667,46.406969561254506],[10.164508362178182,46.410302068259895],[10.161380112952905,46.4149417383407],[10.160591873055202,46.4158137135314],[10.158270764385547,46.41619723276971],[10.156886052555617,46.4159412670626],[10.155311210527806,46.415309215129035],[10.152960117187481,46.414270964051525],[10.148319160970349,46.41687808127182],[10.146084723922305,46.42396526860587],[10.143052907950146,46.42768548287756],[10.130925378553053,46.43146894863083],[10.128385759917807,46.43135903852067],[10.122544453009382,46.43019255830237],[10.119531516520507,46.42920964300158],[10.101252070854741,46.42287136257353],[10.094962492963994,46.42195080571072],[10.084944386370113,46.42129930911506],[10.080530331817092,46.42113411865191],[10.079592796708111,46.4211069782426],[10.079473158562228,46.421639078821144],[10.079313868605766,46.42345852264119],[10.079771735489752,46.42423716415592],[10.069612559831086,46.4271135445456],[10.068014980515947,46.42661549626162],[10.066772285389172,46.42629411410931],[10.065192519697744,46.42603883982621],[10.063718558186633,46.42653855800331],[10.062013490559089,46.42720237832421],[10.060497540886104,46.428224402817975],[10.059248436880013,46.429585945474976],[10.058608149033812,46.431472791911624],[10.057938056050665,46.43451188646436],[10.057874467526121,46.43593443219841],[10.055203120730631,46.44050397972036],[10.050542850996822,46.441194849833394],[10.045076135756979,46.441928905835915],[10.043114923391196,46.44212681247062],[10.04173813004797,46.44297632637855],[10.040523310989737,46.444130348307596],[10.039811145364848,46.44570276527237],[10.040198755052756,46.44691419321554],[10.042225964207438,46.45221452129012],[10.043916891918172,46.45484499705765],[10.04730160036813,46.45751393265604],[10.049172390216672,46.45863974262107],[10.050934742607543,46.45954151075801],[10.05193869862578,46.460279261195666],[10.052817471615827,46.46127912288018],[10.053361385213892,46.463146045132845],[10.05090271693876,46.472087272475534],[10.049664338209727,46.47339459813376],[10.04774590103879,46.47456413954612],[10.044384078942892,46.483360498847446],[10.044812097786108,46.4907452506487],[10.04653105635842,46.50168650566802],[10.046805237809918,46.5105800570117],[10.048885834933637,46.511676912315814],[10.050510018413975,46.51275994413744],[10.0516548867257,46.51403637261098],[10.052747095870629,46.5159162279962],[10.053457029291808,46.51824956972883],[10.054042482864187,46.52092604090403],[10.052528894618085,46.530353482610124],[10.047272834747107,46.535045477730435],[10.044730896016752,46.536459141252735],[10.043648970232107,46.537845942258116],[10.044108606453547,46.539371667263836],[10.045603225771519,46.54113992044007],[10.047133411267684,46.54275933072147],[10.04924240369259,46.543909946284835],[10.051337760570096,46.54434967459048],[10.053071640843005,46.54430672207459],[10.05518742605609,46.5444942031003],[10.057283376111032,46.54496083550221],[10.059656724469788,46.545604820577736],[10.066447955352576,46.55008646559561],[10.067844613188411,46.55150434118685],[10.068892167505924,46.553699432816984],[10.078762428835951,46.56134632700966],[10.08252371782396,46.56362365156259],[10.083139092794681,46.56405880433202],[10.08516450605962,46.566622460637966],[10.085139234168071,46.567603630668174],[10.084272092108996,46.56894378171943],[10.082768685513445,46.57007395906812],[10.081210057395227,46.571096633236195],[10.080181227605783,46.57181732498183],[10.07915463608684,46.57310493916043],[10.078978133253408,46.574321532566756],[10.079373925716194,46.57486676209521],[10.080524406565388,46.575215873827126],[10.087899952105984,46.576297894717186],[10.09000722399625,46.57660181103471],[10.092083681781544,46.57675298908349],[10.097079773666632,46.57901808981469],[10.101094932956785,46.58277726620066],[10.101467110577667,46.58343065101322],[10.101620949236027,46.58542703829699],[10.101248268308954,46.588697423151494],[10.099567751281526,46.59076096163293],[10.098094571711965,46.5966742515469],[10.099912422198068,46.60618267746502],[10.10166676533941,46.610112030888864],[10.102154387282761,46.610773292875436],[10.103474844997832,46.61096754102166],[10.10563365274485,46.61068571623396],[10.10823911728446,46.60953558134901],[10.109657737643449,46.60870287521826],[10.111666313704795,46.607985914460066],[10.116822125245374,46.606567797484686],[10.1188576872792,46.60617892124846],[10.120775175653831,46.6059621665527],[10.12840196234964,46.605500214185426],[10.130171718848693,46.605599740926586],[10.131834196140396,46.606033274537396],[10.133201401813574,46.60647420552129],[10.13570680222209,46.60748428502796],[10.137134439016924,46.60940498598757],[10.140480146359755,46.61081608245852],[10.156163901587176,46.614991850003086],[10.158095833667138,46.615062305433916],[10.162468050610288,46.61565241898391],[10.16461016602158,46.61604460486168],[10.170025439692509,46.61821219004479],[10.176827056239876,46.62100873869549],[10.180247881062856,46.622678877190296],[10.183148799711924,46.62404382527551],[10.186019095470229,46.62497253957651],[10.188450270627058,46.62560425363918],[10.19062838898654,46.62608557543819],[10.192534797403463,46.625939724392346],[10.193664387590728,46.62573895455185],[10.194066614558746,46.625095798483244],[10.201217840219842,46.62190262986263],[10.209602425306723,46.620059417798515],[10.219176874217137,46.62175763058534],[10.219775756419436,46.623452132275226],[10.221503322777714,46.626686989482074],[10.222964119671815,46.62829126238158],[10.225033600398612,46.629403052989176],[10.2281403391128,46.6310661286666],[10.236709722775686,46.63437558713304],[10.23906275082654,46.63518706565142],[10.240328290923536,46.635074359031464],[10.24050139970683,46.634145544073725],[10.240180315592813,46.63252914594764],[10.240322345144413,46.629989762793926],[10.241108338302869,46.62729943000414],[10.243419449250236,46.62379605536376],[10.25179212438516,46.61606872679029]],[[9.28967513089433,44.70121856093497],[9.289862481514588,44.700821989035525],[9.29092801459523,44.700910474921045],[9.290967892737887,44.700916817247666],[9.291964542668952,44.70110029120152],[9.292202785532385,44.70114434460282],[9.301732854621815,44.70308681388454],[9.299682436941374,44.704516551657676],[9.292822491005134,44.70589059531743],[9.292695521896059,44.705866616132646],[9.29128744022433,44.705580610995376],[9.290944462672492,44.70515833230623],[9.28967513089433,44.70121856093497]],[[9.299185166521463,44.69246177355833],[9.299790804674467,44.6924331934602],[9.300676236329352,44.69250151584473],[9.301165199532221,44.692613677701765],[9.303001161887842,44.69303712118088],[9.303616141907922,44.693347862611176],[9.303646040501611,44.69336694925633],[9.304121622132385,44.69369804113134],[9.304607409488845,44.69426340770324],[9.30471549801829,44.695293032730106],[9.304673656540722,44.69564907524837],[9.304654628400675,44.695787180623505],[9.304205377751444,44.696550902670616],[9.29893950360583,44.69372277424687],[9.298670688116461,44.6931141952855],[9.298632741497796,44.69302137432482],[9.298858008651502,44.692651681685916],[9.299185166521463,44.69246177355833]]]]}}]}