{"type":"FeatureCollection","features":[{"type":"Feature","properties":{"name":"Varese","abbreviation":"VA","plants_major":36,"plants_minor":19,"plants_total":55,"aggregation_note":"Conteggi distinti nei consuntivi provinciali SIRe 2025; contesto depurativo, non dato AMR."},"geometry":{"type":"Polygon","coordinates":[[[8.783424599756508,46.093943058724065],[8.786321933503464,46.09404751114605],[8.794816789089836,46.0945580747659],[8.800362261509457,46.09529690971293],[8.803674967696336,46.09833569464068],[8.806148712525587,46.10091394366772],[8.807819380131093,46.10043076184947],[8.811082938848118,46.099131181224834],[8.815292692545658,46.09725704934764],[8.816369324955,46.09639477179455],[8.81911927563993,46.09365411208201],[8.822217636042337,46.09122893622328],[8.832710164488573,46.08345064287306],[8.835715451244821,46.08188897518627],[8.84471322426485,46.07768047921459],[8.852050546948755,46.07552120198726],[8.853980627677132,46.06909306466874],[8.854517056895904,46.06162808833066],[8.844302524724577,46.048537361991265],[8.843358150558148,46.04882407844417],[8.838068080723367,46.0504277755304],[8.834434691762212,46.05134959026644],[8.830853462445186,46.04731225627781],[8.830470310469705,46.045808653948946],[8.832332896911252,46.04054628677408],[8.82797535475679,46.03331711484971],[8.827551162621242,46.03272695097453],[8.827010652842823,46.0320151189858],[8.826314994975471,46.03133904897363],[8.819682448406981,46.025271624246955],[8.811898646922005,46.023531031529934],[8.805941408629572,46.02160851585661],[8.793073113063109,46.00795505092464],[8.786080642345635,45.98930828860463],[8.792350644865103,45.990142186017046],[8.797611529562845,45.99183477097187],[8.812022187544704,45.9905543349464],[8.814489256923752,45.99030635597825],[8.829454783324756,45.98805247448271],[8.833176670315623,45.98653692762103],[8.837042169702555,45.98482344149791],[8.83970484590504,45.98335115977573],[8.84455753977172,45.97702499796542],[8.850744114577422,45.97254771662643],[8.857054096919107,45.96813294993127],[8.859857416945978,45.96653803869519],[8.87763498234046,45.956527579932924],[8.878874495099305,45.956024894279466],[8.880745134895498,45.956233862145346],[8.889838541871816,45.95752558877109],[8.893242937425775,45.958140841372476],[8.894274706776091,45.95846580993056],[8.896514163295533,45.954732728585384],[8.898526478409087,45.94738123747996],[8.89867041650539,45.94627431331908],[8.898724052991394,45.94515831284102],[8.898287683177266,45.94391588988619],[8.89772179372072,45.942943333411776],[8.896717960978208,45.94161938266946],[8.894993923791503,45.939151710989684],[8.893373806550208,45.93636909184],[8.892731689349157,45.93509043559655],[8.892514189135236,45.93395619091244],[8.892619729256898,45.932750233370605],[8.893060988387214,45.93133758869494],[8.894005159771014,45.92998839471722],[8.896821886063337,45.926669842110734],[8.898255662531941,45.92533017758591],[8.905534059660106,45.919936288636244],[8.913418870250519,45.91746293104265],[8.924614585768024,45.9058511620373],[8.925144019218184,45.904942473632424],[8.925455091862423,45.90370962791134],[8.925482162488185,45.90273758729947],[8.925187099693737,45.90166635217597],[8.924699785848178,45.90005494142165],[8.924005286596774,45.89886642687737],[8.928604599566873,45.89054837164475],[8.933903213336551,45.87761789850927],[8.93479962657507,45.8714351168278],[8.935136475263647,45.87012568183031],[8.93747958521936,45.86758774035322],[8.939342820168099,45.868058557292095],[8.938557933391998,45.863408795797085],[8.930410389538025,45.85851679985116],[8.920583663483331,45.8492128348235],[8.91900166166678,45.847708637569085],[8.916392077398749,45.844718572636026],[8.915350763287115,45.843502734236374],[8.9147857810454,45.842683277436606],[8.914580242389302,45.8423591070911],[8.914412456921257,45.84207996041396],[8.914092135051815,45.84153968613635],[8.913899573074714,45.841152520083924],[8.913604294065662,45.84055825423498],[8.913207348084761,45.83914039971096],[8.912951261209972,45.8381996557073],[8.912337397092385,45.83549901363865],[8.912286403178781,45.83517495721484],[8.91223551018072,45.83478789658438],[8.912125503744289,45.833608738806845],[8.912112295565306,45.83163324424872],[8.912448677687655,45.83027883473434],[8.90947678172815,45.829637479913416],[8.909134697319873,45.826226010536544],[8.909728147916223,45.8254614317864],[8.909884484030535,45.824309483690314],[8.909336702399452,45.82074481703118],[8.909093020823896,45.82019559226234],[8.907007023111028,45.815497945864855],[8.903915154366588,45.81577514551788],[8.898402608263286,45.80997540075848],[8.901197746151356,45.801184275626966],[8.905179329772782,45.79026092545265],[8.903366683298282,45.78095876689344],[8.906597448339944,45.77290439170103],[8.90943436142169,45.768626843659725],[8.910848080090059,45.768978981397794],[8.912236729174467,45.76920507153015],[8.913766424139693,45.769440247523214],[8.914603253088437,45.76887383040574],[8.918737816045544,45.76433151851029],[8.92206064757528,45.76048605869189],[8.92220244475462,45.758436016027154],[8.930133983877973,45.750914571926636],[8.940784245425416,45.742576959243465],[8.939283591118429,45.73948894438944],[8.939168818032515,45.73863381227905],[8.939453164151145,45.737202860590614],[8.943735400713592,45.7340548114174],[8.947706682732123,45.73306661918863],[8.95093814822898,45.725498450198046],[8.951486720760185,45.71530088012088],[8.951474402932872,45.71469782339076],[8.9508339085975,45.71246536341889],[8.947369327867733,45.70781944151542],[8.944748595100549,45.70775519944715],[8.940198956242694,45.710588148672784],[8.93189231603827,45.7068481870807],[8.93118622275632,45.70646973001084],[8.93172071155055,45.700070517734254],[8.931850621090915,45.698873502419524],[8.931955098247897,45.69712740963107],[8.931916855517542,45.696884377199794],[8.928127867406511,45.69480135443207],[8.91512549418504,45.6887346542725],[8.90817588628812,45.68659789313742],[8.901832636775884,45.68616956760649],[8.900228784724677,45.68605118081119],[8.895453841213461,45.68484080095492],[8.893503828645411,45.6842990149703],[8.894008036353613,45.68228330876077],[8.8967481410672,45.67933350323418],[8.899987148522547,45.677068179285754],[8.908439970149004,45.673294936178124],[8.920941434191665,45.66740873341996],[8.92136051334601,45.665023646443714],[8.921486987058483,45.66430385422658],[8.927956470899424,45.65461426275756],[8.928843428192003,45.65353471519477],[8.929241907430091,45.65305791714848],[8.931862367625257,45.65120533830684],[8.934992515351984,45.6524223156021],[8.943238732855784,45.65855624771979],[8.947908706953264,45.6609346830772],[8.950795440426381,45.66060869258992],[8.955812380657626,45.66168952123465],[8.962126199595637,45.663690034178394],[8.966294587109992,45.66548504431691],[8.968323125424973,45.66740879075342],[8.969584582661101,45.66916919685189],[8.972253170704255,45.672716194508276],[8.976038964998448,45.67676743334684],[8.979633433582679,45.678613297735104],[8.98391019131674,45.67535569466521],[8.985155998618469,45.6739157366341],[8.985490892812424,45.66982942984563],[8.98579406048286,45.66240380369405],[8.984216487130901,45.653258715457405],[8.981928317240186,45.65209570213191],[8.978276518109775,45.648172293804926],[8.97983596421919,45.64672870804046],[8.981202602182751,45.645463555220616],[8.982595871150808,45.64635034078717],[8.982655649532504,45.64638863612369],[8.982729376015211,45.646435869635546],[8.983109549119883,45.646695588146095],[8.983543848900345,45.646992315901656],[8.98370448157533,45.64710206533457],[8.9836310808324,45.64799708475206],[8.985829453415263,45.64912304651051],[8.991210486818503,45.64802997601384],[9.002630393106958,45.645699087707605],[9.008775922841103,45.64454669465166],[9.009237883636516,45.644519652810004],[9.011611488255204,45.64446542537808],[9.020054139663605,45.64481526639516],[9.021157903467765,45.645265108118735],[9.028329828608843,45.644592990848835],[9.038553619590978,45.64153871147286],[9.04327649793348,45.64307616312999],[9.053402632056937,45.64599714268587],[9.055738869854354,45.64650007018369],[9.057850595753761,45.6422596560493],[9.05663401655101,45.63557047257187],[9.05151096525076,45.63333486197093],[9.051561098943415,45.631166600780446],[9.051660288810035,45.62946807426972],[9.051759792214487,45.62804558764687],[9.052270088565743,45.623961977024244],[9.05292446071502,45.62319029607618],[9.05278591752753,45.621545807044626],[9.052671368814666,45.619262833170076],[9.053177699128002,45.61516434983929],[9.054518628008763,45.612915405169744],[9.057680677142343,45.612837896024345],[9.061014712554211,45.60660107151972],[9.065496807662258,45.59264714835565],[9.064034610783082,45.58362455233671],[9.06299468642211,45.58044152061707],[9.050134787409993,45.58015221944568],[9.042274082337276,45.580646438888174],[9.037348732417255,45.58241727981126],[9.032110981619963,45.58485761480133],[9.026665888029127,45.58852238686759],[9.02566617478926,45.58846861797597],[9.023615166056773,45.588352068124735],[9.022844010281952,45.58452681930562],[9.014448007787328,45.58109881774275],[9.011141185910938,45.58018108618292],[9.004425016603202,45.574690976156425],[9.002541339190474,45.57370092788349],[8.99855583458924,45.57731488922305],[8.992647978074636,45.582922648549165],[8.992159943395984,45.583381184852804],[8.988968804662015,45.58626127144306],[8.983533251843413,45.59105809468546],[8.981392583740119,45.58995062419215],[8.981158989762903,45.58981145124879],[8.98084105028837,45.5896219922594],[8.980535516208189,45.58944027174774],[8.979337277637613,45.58884327825782],[8.978252813976455,45.58830298932596],[8.974747997620293,45.586734553881996],[8.97142005797681,45.590434710902414],[8.971035204237015,45.59093867043483],[8.970290922733684,45.59292762972967],[8.968538186571987,45.6064736394378],[8.975143420508246,45.613257348284534],[8.975899440497598,45.61485966769988],[8.966980626446052,45.62872778671762],[8.96529960465362,45.63011343364477],[8.956579729181225,45.62548399855614],[8.953883196305272,45.63012738662623],[8.953714314546371,45.63317862281187],[8.948378428495596,45.638693852101795],[8.94428307244396,45.64092414238711],[8.940586581158714,45.64178630615267],[8.935995711099054,45.639263623745826],[8.932328573740152,45.63708330645285],[8.92959871495588,45.6346064278946],[8.9302968629874,45.63099073500819],[8.93122267230746,45.62859482180473],[8.932426451502625,45.62646170045449],[8.934087404639328,45.625257182582075],[8.93349013521075,45.622386409704376],[8.924643627273515,45.6174206044102],[8.919793874871509,45.61166296158842],[8.9154877839776,45.60743216993485],[8.911564686195266,45.606327482934816],[8.897644319917132,45.60450655513093],[8.886005534272453,45.600317128222514],[8.87986954337618,45.598201349579085],[8.876277694617364,45.598989601386826],[8.875970256317451,45.598854258722625],[8.872614335883322,45.59732040636165],[8.867824924943772,45.59201540518129],[8.867960689437895,45.59159958318952],[8.868527235023944,45.590547144847584],[8.868720266600615,45.59023233117905],[8.871818513502776,45.5864554626419],[8.873584637723473,45.582055963735016],[8.873637280138338,45.58144396072129],[8.873587910021792,45.58059782576279],[8.872260102917883,45.578283092668535],[8.871146769692636,45.57749876770424],[8.870365589367031,45.57720985416951],[8.865976320626116,45.57593562247821],[8.845761473967894,45.570779607360905],[8.837002218718938,45.56846317880006],[8.836175965043404,45.57055922611308],[8.834743421354336,45.57709939178106],[8.834680640649482,45.57789284561684],[8.828335173202657,45.582438087349935],[8.819949494366206,45.58324432753078],[8.815092898306567,45.587673152552675],[8.81191424162955,45.5907920053998],[8.811054880299684,45.59328066733212],[8.811096736687901,45.59391999935624],[8.811206511540798,45.59559633555847],[8.814553492675346,45.59616258546946],[8.811000204883777,45.59899696261087],[8.804644188147321,45.60167990651731],[8.797165947018117,45.602377886690675],[8.78871988224229,45.601246442955905],[8.785974858434624,45.59819018940136],[8.783784247327906,45.59095816175902],[8.78266913507193,45.58761686722766],[8.78227573438475,45.58656744143075],[8.782250331238329,45.586499877411896],[8.778878929903003,45.58690749870713],[8.776377160371304,45.587216468482],[8.768453358569872,45.58288596124811],[8.767094432034055,45.5780811925052],[8.76460206295749,45.576401914035756],[8.754180992710927,45.57362552094632],[8.747740684070823,45.5722615013209],[8.749508045860614,45.56677479616979],[8.745397089916558,45.56336334749127],[8.739171341592893,45.56018994088458],[8.738083485933522,45.55992647022701],[8.73203208815066,45.560650391238454],[8.73021105836767,45.560952054026686],[8.729594624769184,45.5612386280401],[8.728732963504209,45.561893664684334],[8.727498079706873,45.56288083357909],[8.72650746174263,45.56371562750442],[8.72585100200835,45.564317121607594],[8.725039211863312,45.565242269950815],[8.724317467700002,45.56608661412177],[8.72381373276779,45.56689549747103],[8.72348188573802,45.569234941750764],[8.718932269659536,45.569259802019566],[8.718899432145918,45.568134604305406],[8.718880779698093,45.567649302066066],[8.718865388493812,45.56726145567326],[8.718472377375019,45.566414405200774],[8.71793830616472,45.565584996308296],[8.717045496893196,45.56474570205326],[8.714341511065502,45.56223663188733],[8.713830548273487,45.56192031574218],[8.712386547610166,45.56115160443759],[8.708782937518057,45.55925227195394],[8.706878912375792,45.55831450240802],[8.706897352517704,45.55854472625403],[8.706910828492196,45.55871393367029],[8.706963242946827,45.55937376547773],[8.705816489684693,45.56788558765364],[8.705527935800227,45.56915398754248],[8.704857437393615,45.569935332211195],[8.704784430131985,45.56996874079862],[8.70336782689164,45.57061558613819],[8.70302451757252,45.57072040401446],[8.702405743116254,45.57090920053174],[8.701222893061406,45.57140203707648],[8.698896809898251,45.572746203870466],[8.696567955267074,45.57437826097887],[8.695474335775266,45.57515842610704],[8.695024176563328,45.575517779918144],[8.694418922365752,45.57600151807415],[8.693851378913553,45.57666607106873],[8.69381651736811,45.57671541211981],[8.69350262094508,45.57716019718025],[8.693345721608322,45.57778087228061],[8.693348249284819,45.57784631734442],[8.693390376951866,45.57884306590675],[8.69383385288553,45.57978936434647],[8.694151767044453,45.58029056146755],[8.69433469361218,45.58056307602109],[8.694890113424771,45.58125946129156],[8.69541256761276,45.58182790105979],[8.695656052992609,45.582060270159026],[8.696037450316101,45.58242363559449],[8.696828508422142,45.58310980434213],[8.697402704601839,45.58359739097778],[8.698551569202923,45.58443695747933],[8.698986178121906,45.5847266891902],[8.69947199395609,45.585006912080765],[8.700200647479312,45.5853868705838],[8.700865658833358,45.58568565776159],[8.70124934091607,45.585872118451334],[8.701963513024769,45.58621952786157],[8.702974711881948,45.58673521408643],[8.703587885211515,45.58714185535004],[8.70413630079014,45.587683335183605],[8.704440635316795,45.58831417577909],[8.704666663757004,45.58921486999123],[8.704695590035017,45.58958122591884],[8.70481094014107,45.591042430537314],[8.70489270973712,45.59256378705758],[8.70476420007829,45.594248197337954],[8.704324146429549,45.59590194568146],[8.703148489936027,45.600057120452405],[8.702009215409934,45.60169517582287],[8.700101417280825,45.60403660176746],[8.69908203901222,45.60270165902591],[8.699266848879786,45.60171204368951],[8.69898626375655,45.601765775019395],[8.696391549813594,45.602262729281726],[8.696015012192651,45.60233484198153],[8.69532673139717,45.60246671072121],[8.694612061665767,45.60273892989208],[8.694567077675098,45.60275607890203],[8.693989838881945,45.602976147134726],[8.693636023235623,45.60312443589371],[8.692859373060402,45.603450165947976],[8.692251051853855,45.603793670265134],[8.69213182517055,45.6038808033801],[8.691855640925695,45.60410465733939],[8.689571932441208,45.60660074370675],[8.688991253725005,45.60725623866559],[8.688731730312243,45.60780458459022],[8.688780675757659,45.60822769139862],[8.689829627380453,45.60844883655886],[8.691134688981645,45.61152835206151],[8.685624920889785,45.61762493470102],[8.684682892242304,45.61857683627398],[8.683829624167807,45.619230950572195],[8.683665416855927,45.61935682432455],[8.683494408466897,45.61946688503003],[8.68213363903857,45.62034258058435],[8.680359705558423,45.62101269483066],[8.677956969912923,45.621501005181834],[8.675802575853718,45.62152184789085],[8.67326249614117,45.62114729346829],[8.668430906342293,45.62084363566398],[8.666212895166131,45.62074718335511],[8.664235404034658,45.62111042186484],[8.663088254934301,45.62203413569719],[8.66304765633943,45.62214372578458],[8.66287745455092,45.62260502614002],[8.66271012039279,45.62305911861465],[8.66269568965309,45.62337413694441],[8.662908307154092,45.62423885413245],[8.66363221563795,45.625456088846406],[8.661460380055551,45.634621534323884],[8.6612283007994,45.63480986579432],[8.66027286230133,45.63580612040422],[8.659304024726534,45.63688334239752],[8.65893960356973,45.637746852060964],[8.659060969844072,45.63890773175161],[8.65939857415172,45.6403399783551],[8.659663129821867,45.64075798267682],[8.660254105888722,45.64169112763916],[8.66030567317454,45.64177209479564],[8.660364385463449,45.64186410298908],[8.661732729928886,45.64259709729739],[8.662207585381177,45.64265590025846],[8.663668819149345,45.64283683369847],[8.665657555502124,45.642878673087516],[8.667120763199794,45.64281993954517],[8.667546751994486,45.64272125815761],[8.668556652069865,45.64248416341205],[8.668868341522,45.642410985248894],[8.670875531767264,45.64148969758618],[8.672230129487456,45.64024247555253],[8.672647806936386,45.639073566434526],[8.672810251742728,45.63846243373935],[8.672962407744771,45.63788634698238],[8.67350783882883,45.6367628017972],[8.673650775452824,45.636594128778604],[8.674515184757324,45.635631557229694],[8.674672344521415,45.63551476694558],[8.675146847105484,45.63516253028664],[8.675674884430023,45.63477077295136],[8.67702577490152,45.63412654418836],[8.678645211445067,45.63362705733361],[8.680301271317328,45.63345169867108],[8.68249439426168,45.633592825241664],[8.68386433148373,45.6339381267727],[8.684083065975589,45.63399325856782],[8.685056290388014,45.634328988978034],[8.68542737016806,45.63451004068787],[8.685707750591314,45.634693891212194],[8.686322187285187,45.63509757115114],[8.687100892231348,45.63581077060977],[8.688184928792648,45.636992848198986],[8.688240317373005,45.63714503842974],[8.688614424658619,45.638209134953314],[8.688585554951295,45.63920299263328],[8.68855387843322,45.63987412720975],[8.688017794414783,45.641672831421545],[8.686961627218176,45.64348213567104],[8.686800545718318,45.64375773322095],[8.686084564159941,45.64495342289073],[8.685997475886774,45.6450966274441],[8.685725220145738,45.645469698247375],[8.684665632974562,45.646884079335756],[8.683411539068864,45.64850090878705],[8.682029995574064,45.65000906872456],[8.680933629081165,45.65098715694238],[8.679949530745029,45.651719853324046],[8.679644172218246,45.651946586978944],[8.677702550405577,45.653387554758794],[8.676288901496228,45.65455409191997],[8.674125173478814,45.65642236740262],[8.673454395816762,45.65700554508525],[8.672396304791782,45.65796561191991],[8.671350234537012,45.659150737258756],[8.670445369204446,45.66023722885153],[8.669835079657258,45.66142357449087],[8.669788402732056,45.66286359065379],[8.67020369104561,45.66423291861138],[8.671120707128837,45.665468661705795],[8.672373814962942,45.666318340947434],[8.674807443757658,45.666891280780874],[8.675069208529656,45.66695289489359],[8.675141154967605,45.66696974661484],[8.675741736731604,45.66708974859451],[8.677150630809168,45.667371118654295],[8.678456978017774,45.667631957789425],[8.680422381420067,45.66802423641409],[8.680623634877795,45.66818169341241],[8.681057308955014,45.6685211262137],[8.681691951739792,45.66911258469982],[8.681976422454811,45.66944639654846],[8.68250509165139,45.67026692632893],[8.682705724278845,45.670818903046026],[8.681201677398757,45.67640175386152],[8.681009393988788,45.67663519358352],[8.680735004247056,45.67683694015129],[8.678786018587491,45.677421039562255],[8.678159554036737,45.67750928686507],[8.677638136820617,45.67754381843773],[8.675714905570691,45.67761937341447],[8.675103603945923,45.677635631133654],[8.674375900074082,45.67753004769251],[8.673778229184489,45.677357316449665],[8.673220434754711,45.677094701955795],[8.672678396330632,45.676809622320384],[8.6718816145309,45.676379806699266],[8.670905616733643,45.675931458661786],[8.670416615045198,45.675758804937445],[8.670250142752971,45.675700034093545],[8.668122569869556,45.67512232055399],[8.667451511054157,45.67495385775613],[8.666871485793635,45.67485765888903],[8.665344573685195,45.67469568039354],[8.664194070163772,45.67457533287685],[8.663681450079547,45.67454682328352],[8.657433604283197,45.67445174274466],[8.654914802757736,45.67448914867279],[8.654034771316624,45.67450899556744],[8.65261687307301,45.674567698162946],[8.651810765223093,45.67463724482351],[8.65017366125524,45.67478076420598],[8.64342396382001,45.67547546189954],[8.642046792514883,45.67585551456632],[8.640902425283233,45.67653416066983],[8.640799957397778,45.67680835217584],[8.640360282274084,45.68188804834554],[8.640347245535269,45.6834000070897],[8.640366338887866,45.68424165285074],[8.640412075684095,45.684592832578446],[8.640439465817241,45.68475620495693],[8.640514340451928,45.68519618955579],[8.640879657168059,45.686304440681184],[8.641183321231722,45.68701645249711],[8.642519429198227,45.688214703594326],[8.648162940402473,45.69696842034291],[8.654358403194776,45.70788246232912],[8.654634010571556,45.709026396812476],[8.654660841467834,45.70958249474445],[8.654690921227214,45.710214664653755],[8.654672705071397,45.711087676987546],[8.653616667763336,45.713557504040175],[8.653434234804656,45.71397098405173],[8.651790358328148,45.715991164662235],[8.648775051687183,45.719555210024645],[8.647844926131576,45.72040742208748],[8.647396400373331,45.72074364127457],[8.64687605572244,45.72113280799429],[8.645960688285863,45.72176069554525],[8.644285184862488,45.72261056521734],[8.642868174555108,45.723155185460755],[8.64131167785469,45.72346533791744],[8.640065370632184,45.723497418823314],[8.63534071998743,45.722951404687976],[8.634615840990909,45.722840830899884],[8.623040286714836,45.724018684007866],[8.60471731918431,45.72600894254088],[8.60214538466512,45.72630604732172],[8.601381886549035,45.72653895183957],[8.600134764284151,45.726919943458725],[8.59598320442668,45.728894494352836],[8.594550709280506,45.72977149783444],[8.593025324563769,45.73099016386472],[8.592848015226224,45.731183047007235],[8.591859715675207,45.73226860639736],[8.591597037824956,45.73264582082406],[8.591028826397457,45.73346273886792],[8.59037764607147,45.7346304882835],[8.589778140718952,45.7358164289407],[8.588693607713061,45.738278738811104],[8.588194805097979,45.739690050152625],[8.587528454524227,45.741208754335496],[8.586668836539229,45.74272677321977],[8.585380991601033,45.74483726382204],[8.583703013066982,45.74753136437629],[8.582910699848373,45.74867156354923],[8.58242650201943,45.74916936162881],[8.575320697087234,45.75629418242915],[8.572289558907139,45.75932510027754],[8.567975565204126,45.763629187578495],[8.565138627413642,45.766390635303075],[8.563610804735408,45.76776190943599],[8.562110404227763,45.768854241207144],[8.56038967674627,45.770206731696575],[8.557321378084994,45.77285908333218],[8.556321508753731,45.77410628928483],[8.555665119100182,45.77499036137226],[8.555255813518945,45.775542248456325],[8.554640888164739,45.77684495190719],[8.554483612384551,45.77721335502967],[8.553998558377442,45.77840855795332],[8.553816203353614,45.77889806290367],[8.55329113109028,45.78031409406501],[8.552933060723952,45.78170779545677],[8.552555024976098,45.78393847815515],[8.552276679912072,45.788104679429445],[8.55240464963949,45.78990536650642],[8.55266404825688,45.791274482588975],[8.5537859404403,45.795761488946944],[8.554176447367611,45.796905845982906],[8.55556647562884,45.800043525145455],[8.556172407543214,45.800832983379884],[8.55827692727624,45.80356395406258],[8.56351118303618,45.80724506156379],[8.56647072305365,45.80840834270235],[8.567144004389649,45.80867130671704],[8.56767992762795,45.80883094075565],[8.574306293373839,45.81078701997015],[8.57809606650641,45.8118023887333],[8.581647123626977,45.81365825614741],[8.587940716883782,45.81892846115077],[8.592032707331173,45.824442492573574],[8.593729136287331,45.828082448601045],[8.593779130744872,45.82819580197692],[8.593800866638327,45.828245608587736],[8.594371806276481,45.82947086356844],[8.59520279602321,45.83361383249019],[8.595449372811219,45.83582419223657],[8.594623917162467,45.8447949529594],[8.593820945137724,45.84833855315372],[8.593097306614727,45.850379098814706],[8.59231155996824,45.852446425651905],[8.574950004782673,45.88227153011187],[8.571666489993307,45.88700250954141],[8.57051363431215,45.88950705725533],[8.569446819970704,45.89412929539581],[8.569708747427283,45.89542731340245],[8.570292488759119,45.89831987782714],[8.570641678503497,45.90003330368499],[8.5716262699418,45.90133644555935],[8.572734334558923,45.90278629499434],[8.582672127920164,45.91183271866032],[8.594869029567143,45.922547498586184],[8.600141653497284,45.9262193478908],[8.616877733429913,45.938377692566306],[8.654099827196749,45.96608699676881],[8.68229920836706,45.986887641245325],[8.690564193904816,45.99275598921909],[8.700704266499868,45.99993853115394],[8.701175397078082,46.00024546980098],[8.703790893693078,46.00192632317743],[8.705850119016171,46.003200688397555],[8.706893332187226,46.00375238500855],[8.70783244810565,46.004222788499405],[8.708991713600211,46.00481977317074],[8.709983582191635,46.00536482231521],[8.711090511899569,46.00597713333628],[8.711888858905754,46.0064471707684],[8.714758518764919,46.00820646075885],[8.719326193974654,46.011145717120506],[8.720805877114572,46.01229237239339],[8.721166065202503,46.01259026254676],[8.722117972296118,46.013384610664495],[8.72305630613526,46.01431390563217],[8.72425003178998,46.01552282554329],[8.725402424982546,46.016767812915965],[8.726429962289972,46.0179673025961],[8.728029321698825,46.02112121802089],[8.728882343841155,46.02344529837429],[8.729062439128434,46.026253808241734],[8.729046606383433,46.02683874739499],[8.728938079370186,46.02788246870162],[8.72890041430338,46.028174863134865],[8.72876349999088,46.029232088249884],[8.72847439182185,46.030221428590544],[8.72749550388599,46.032379163310125],[8.726857182686183,46.03342165234947],[8.726285113316223,46.034212310593816],[8.725298414617008,46.035136967264314],[8.724468202886353,46.03577398510368],[8.723390423888373,46.03681541552357],[8.722350789370232,46.03805490850307],[8.721778199831004,46.038926553881545],[8.721270111099965,46.03973532907883],[8.720643146781445,46.04104782910207],[8.720580504134137,46.04123107654571],[8.7202537595007,46.04219875175334],[8.718715945076983,46.04741510330207],[8.717635802037215,46.051390545885084],[8.716942040973722,46.05562791900131],[8.716490737200626,46.05828476394134],[8.715875979692262,46.061025533832094],[8.715559309639232,46.06226677364127],[8.71164213987361,46.07230113858957],[8.710636860733922,46.074206641083904],[8.710167369253925,46.074961473631696],[8.709659113655565,46.075707190163996],[8.709125042778092,46.076443844721226],[8.708513122793317,46.07722530922158],[8.70662345938313,46.07994730054527],[8.706459104848543,46.080189976379295],[8.705676714315251,46.08139398773663],[8.705479845167432,46.08193349561345],[8.705343801845803,46.08319315934249],[8.705569146407981,46.08512878550653],[8.706279682224109,46.087722655752025],[8.707854364368906,46.09081373551905],[8.710259348375898,46.09340290364468],[8.712754815776687,46.09597423977851],[8.714815181350284,46.09804279083352],[8.71839861782042,46.10194645985878],[8.722191210053143,46.10668080874339],[8.723230861792123,46.1081233494457],[8.723834696936379,46.10898882057658],[8.7243225988371,46.10975500871928],[8.724644032480947,46.110169789706084],[8.730355965818376,46.11413444380628],[8.735527383870439,46.11754857741191],[8.742687489138218,46.12214596400058],[8.745303043701023,46.11883977830454],[8.749338454357297,46.11342165010747],[8.752422419328349,46.10936032616629],[8.754750471261376,46.10633230316482],[8.756769894734358,46.10375718592741],[8.757143840944241,46.103475366267745],[8.759283590126337,46.10207587075758],[8.760165019208136,46.10169973374388],[8.76129201173119,46.1013780726153],[8.779617002780475,46.09533079081573],[8.781003241549412,46.094820447526885],[8.783424599756508,46.093943058724065]]]}},{"type":"Feature","properties":{"name":"Como","abbreviation":"CO","plants_major":21,"plants_minor":20,"plants_total":41,"aggregation_note":"Conteggi distinti nei consuntivi provinciali SIRe 2025; contesto depurativo, non dato AMR."},"geometry":{"type":"MultiPolygon","coordinates":[[[[8.973819829240323,45.98354606708156],[8.977254454622276,45.98152172031534],[8.977516716712,45.97151793167252],[8.977827691315145,45.96855687698032],[8.976475093084858,45.96327341316465],[8.976088243181369,45.962481298290975],[8.97518523353511,45.9615900882314],[8.970269087745796,45.9615528972152],[8.957879033220154,45.96473512964322],[8.958085130419331,45.965248223715534],[8.959798460385993,45.96916397661297],[8.964077034623031,45.97879124752256],[8.96540458526682,45.981527760583205],[8.96684903772868,45.98403027136242],[8.967274600941161,45.9841743891269],[8.9693533158064,45.984003965623955],[8.973819829240323,45.98354606708156]]],[[[9.28599973347261,46.238240771124346],[9.317115659054133,46.2349367235455],[9.334267907997438,46.234302871492844],[9.342731561604051,46.23137083510654],[9.350685970242555,46.225991763662506],[9.35479153886848,46.22118212994686],[9.35807179355697,46.2191559167327],[9.373822808796366,46.21308453752429],[9.378322320445589,46.21215173544789],[9.386178224744395,46.21129746962636],[9.390467816795681,46.211093897835816],[9.398483291364133,46.2116242477026],[9.400209337318936,46.211879213535276],[9.413562989445472,46.21543165813968],[9.419482243173851,46.21979306565984],[9.424410989032955,46.221700857936455],[9.43851088665169,46.21587868587375],[9.440085652415322,46.215008638702585],[9.440139240668833,46.21497124254001],[9.44080750881073,46.21448388464162],[9.440804987238339,46.214168892890186],[9.437092839073626,46.20872018813345],[9.429102216379192,46.19639350527653],[9.424855539257775,46.18875060023682],[9.424470449766075,46.17177173520103],[9.424198918430577,46.157185752559705],[9.421767914244809,46.149984774147654],[9.419672845286255,46.14604646887338],[9.414993185143281,46.13846741808321],[9.414100807833861,46.136868631938334],[9.413691241743205,46.13750011725753],[9.41315463312941,46.138456069630664],[9.410556560827311,46.14425247423182],[9.410712905811053,46.14612391584115],[9.410223330351956,46.14994169196315],[9.397330157189321,46.15056323822445],[9.378644743628508,46.15207660972083],[9.371699229101457,46.15386248123908],[9.369053898070632,46.15528405638599],[9.365839739329193,46.156878385639104],[9.361854331775634,46.15741308567387],[9.361032411107288,46.15649767483651],[9.35925325769001,46.1537582638854],[9.358258056790564,46.15206937650043],[9.357629315785516,46.150964350420494],[9.357236857941702,46.15035357707462],[9.352650708590623,46.14800979871217],[9.348766532258038,46.146041700960666],[9.341026501167264,46.14236602321728],[9.332631027642828,46.13932175641324],[9.317248071285864,46.133479286407244],[9.301896258303037,46.126527944649666],[9.300481881217745,46.125883670474515],[9.292324400416062,46.11577970831801],[9.292350044595073,46.11568705712795],[9.293022801841362,46.11325790554938],[9.295041093844164,46.107564695527664],[9.298789479485515,46.10516086941296],[9.298087890466892,46.09764759499597],[9.297438367038135,46.094742241439725],[9.293710552283395,46.084599725902436],[9.289733340388585,46.07132564384945],[9.290772543386334,46.06729992145881],[9.289604828937197,46.059346735794286],[9.288550006859651,46.05788237000123],[9.287013815111502,46.05581618739068],[9.27563961506459,46.04085884617996],[9.271433627134137,46.037052823118],[9.26476978718582,46.03012028013235],[9.263140680404643,46.02446289048203],[9.260948829127203,46.01445063603405],[9.261180003957808,46.008932935898414],[9.264104386200284,46.0018970146051],[9.264576884406907,46.000770870457515],[9.26696559925622,46.00025230128833],[9.272719698581314,45.9989966917361],[9.273760990761831,45.998031153943145],[9.274839094596018,45.99668754095522],[9.275891379906263,45.99535295585571],[9.27654485906564,45.99432534398791],[9.277363328541234,45.992730305280595],[9.27786065795804,45.991478057926294],[9.279861481885954,45.986234994596025],[9.283267461515509,45.97053905585436],[9.284579086941347,45.967052665989684],[9.283714019812335,45.966991814024745],[9.270545919326086,45.96633073196623],[9.267141887881005,45.96637942150084],[9.265703995256253,45.96591906210314],[9.26235223663451,45.964018746295],[9.261354917709182,45.9632649964919],[9.260731149335896,45.962348379839945],[9.260158739561911,45.96137765468506],[9.259599191557307,45.96038888836467],[9.259182284132049,45.95954380951555],[9.258015118323152,45.95553228546421],[9.256527023883885,45.949046371975584],[9.260010896675883,45.94908351337337],[9.262837820041259,45.94934704957729],[9.2638570271307,45.949326709984184],[9.269839692424565,45.94846669560352],[9.270573897210182,45.94821294672399],[9.273432073316451,45.94696410878727],[9.273958847687382,45.94651283009631],[9.276484078263598,45.943203598847944],[9.277867867315704,45.93870906112773],[9.278068585155896,45.93757453295701],[9.277742047249363,45.93676528048401],[9.27736410569916,45.93599216883347],[9.276805583087821,45.93521949337338],[9.273509699311303,45.93126725394014],[9.272046843034953,45.93017270433092],[9.27014267201302,45.922533787934285],[9.273298571780359,45.91979226097495],[9.277983780588704,45.91543375703308],[9.2816790364712,45.90924140474706],[9.284346787038594,45.903960560512296],[9.28535798049958,45.90002484804499],[9.28730724102872,45.89554673938972],[9.288703866379747,45.893923131353134],[9.2893831396086,45.893174382042],[9.290579414611257,45.89270331585773],[9.29244700652517,45.89243754197135],[9.294058021282414,45.89240640256155],[9.295927019166927,45.89241059181892],[9.298558253692994,45.8927457519407],[9.30149994608592,45.8932780585443],[9.302080957711865,45.89345653895636],[9.302674902542917,45.8936439781701],[9.303283940488116,45.89423638394903],[9.303507483422282,45.89504584308724],[9.303602961157925,45.896008635409416],[9.303634367125392,45.89704359734108],[9.303615027485655,45.89822270926517],[9.304278831555703,45.8993909908603],[9.309831903578148,45.90348927769827],[9.312382131963368,45.90536342936367],[9.313576242815985,45.9044961163959],[9.322699363742174,45.897027347249235],[9.323738098404634,45.89609736274409],[9.324058516997024,45.895781435674856],[9.323204187073461,45.895162832332105],[9.319632008535125,45.89263475759569],[9.315813031222278,45.88971122316233],[9.315435954360929,45.88912723873525],[9.315443535311266,45.88819115694203],[9.318322471234419,45.882260868757335],[9.320897336223657,45.87958053723453],[9.321898776945567,45.87893868677447],[9.322928063807066,45.878656762309255],[9.324267527005237,45.878535974727264],[9.325104745101559,45.87847059209411],[9.325787075274972,45.878360631510674],[9.326237456308746,45.87825134728935],[9.32662291657312,45.878061235698425],[9.329634927090673,45.875316431254376],[9.331862075292221,45.87280785414071],[9.332318195785149,45.871510467207855],[9.332618622695328,45.87003351587046],[9.332734149546287,45.86780105418309],[9.332778484714948,45.8665948519758],[9.332618741486522,45.86573126955621],[9.332264239479382,45.864616238397296],[9.320196652412692,45.85181596914789],[9.31842278886869,45.84567357144534],[9.31367743222863,45.84231150677375],[9.312569198728363,45.84217952209361],[9.309499723174083,45.841359844694246],[9.308480420056485,45.84100256534187],[9.304336773926051,45.83917757476859],[9.300396698390811,45.836847862677054],[9.29931345957232,45.83415053186007],[9.297908953628317,45.83154405351071],[9.294401932772677,45.82816893184708],[9.290981467902386,45.82650359598403],[9.289861250995914,45.82647044340849],[9.289362890967348,45.827191741869605],[9.289015090296395,45.82715662232547],[9.288212116680887,45.82623159276243],[9.2863208380907,45.823959209392946],[9.285569281021441,45.8230070273177],[9.285473784096519,45.8219541978225],[9.286019291143687,45.81786658970299],[9.286734221117431,45.81671272539556],[9.287896868192481,45.81502668783897],[9.288257363502641,45.81504376854564],[9.288875391752917,45.815078226501825],[9.289122478115447,45.81510458817904],[9.289506443979501,45.81514862997595],[9.290390559241105,45.81529939916333],[9.288499547498773,45.80959781060098],[9.273713734483747,45.80216370549426],[9.2613061613694,45.79343516388469],[9.260649453552645,45.79056548329894],[9.262318813476114,45.78987760417287],[9.262644139580026,45.78792372435795],[9.262866488553055,45.785961083715826],[9.262231817977609,45.782299278974925],[9.26189021647753,45.78077896702083],[9.261209383754103,45.78063200866573],[9.26101461436596,45.780591955143365],[9.259561306539801,45.78064927632491],[9.25849507136698,45.78096669978905],[9.250305184502418,45.77905880319507],[9.24419952981915,45.76828025536182],[9.244181125672245,45.76728572390169],[9.24466497728899,45.765903092446415],[9.245605811652172,45.76343489583086],[9.246076857669317,45.76235379929482],[9.246345401985254,45.76201119044125],[9.251070264385774,45.75970328602634],[9.255799492708999,45.756972696462434],[9.256676545375328,45.75469790761742],[9.25681559353753,45.75137636173338],[9.25674592130082,45.75115766351695],[9.256685133208446,45.750998585999334],[9.249459096025547,45.74495384238381],[9.247121515972545,45.74264906739531],[9.246003514388812,45.74273249584245],[9.2453717284691,45.74230181101991],[9.24316063012394,45.73636609310256],[9.238521822793713,45.72785285494872],[9.235159077348682,45.726968244737236],[9.233597321353544,45.7238125264115],[9.232657541701178,45.72030417435398],[9.232713807286737,45.718530462156984],[9.232516080800304,45.717971070366275],[9.231964756114873,45.717613906394035],[9.23155382452603,45.717455380926275],[9.22201504038909,45.71515960847468],[9.219003855776045,45.71533530751216],[9.214072028226084,45.71501506351968],[9.205878004829708,45.71039967720789],[9.201229254431126,45.70682626403805],[9.197984186450755,45.70147339798047],[9.195105989254857,45.69319710741882],[9.193487556421317,45.68224213127227],[9.192611833271762,45.67393434214716],[9.192834147544282,45.66765138120908],[9.186991525132592,45.66206045510709],[9.18673686681312,45.662062845528126],[9.1831600947193,45.66256936828764],[9.181656644605207,45.662930435773546],[9.179654475356337,45.66348922240034],[9.178185925842916,45.664177337840925],[9.168418070168572,45.669939325164826],[9.163750018299442,45.67298813995266],[9.15823145955829,45.67952270820813],[9.155433501513405,45.68461199325587],[9.155113632181545,45.685035459550505],[9.15108280192438,45.6903692868337],[9.149839424532068,45.691262002416046],[9.139856203458143,45.6948119075934],[9.139162723842112,45.69484875501008],[9.139120152666415,45.69484430914274],[9.138173463900623,45.694741953870846],[9.133534143142612,45.69362235876463],[9.131567859234583,45.6931115981088],[9.129614384546224,45.69257380094402],[9.127390389851191,45.69168518671078],[9.124664739054088,45.690374095922934],[9.124590801707928,45.69033366741944],[9.12363604109114,45.689808160248184],[9.124161622162744,45.68935756106895],[9.123904500197527,45.68924082393475],[9.12180953841293,45.688505014390955],[9.118138163243128,45.689246943792575],[9.11015427702903,45.691388165172995],[9.1094740725371,45.69167678712197],[9.108576631695229,45.69226431777482],[9.108524869644294,45.692298737531246],[9.107152951066086,45.6935151365247],[9.10689654714157,45.69376740084336],[9.104833408529984,45.69628053351441],[9.103859419102188,45.69745151225665],[9.103742316458614,45.69735202993663],[9.103203286782794,45.69689405664698],[9.102804467406871,45.69652538689716],[9.094056869390236,45.68832449537231],[9.092847561867908,45.687029376345386],[9.091313533313382,45.68628820089076],[9.091266722959222,45.68626558677769],[9.091088129026724,45.686218180562875],[9.089275369371668,45.68574510149126],[9.088470684466897,45.68554785833654],[9.088353974177254,45.685519275570705],[9.08828582397577,45.685502592988115],[9.08179226630129,45.684897423046],[9.080704465137469,45.68489820474207],[9.077171842408179,45.684946602056804],[9.065912367486435,45.683990156478636],[9.063713023706407,45.67294378553785],[9.062397050361243,45.663384057214344],[9.060525452189793,45.658838307840604],[9.056865027960523,45.6577169868587],[9.054396099987473,45.65009567100608],[9.055738869854354,45.64650007018369],[9.053402632056937,45.64599714268587],[9.04327649793348,45.64307616312999],[9.038553619590978,45.64153871147286],[9.028329828608843,45.644592990848835],[9.021157903467765,45.645265108118735],[9.020054139663605,45.64481526639516],[9.011611488255204,45.64446542537808],[9.009237883636516,45.644519652810004],[9.008775922841103,45.64454669465166],[9.002630393106958,45.645699087707605],[8.991210486818503,45.64802997601384],[8.985829453415263,45.64912304651051],[8.9836310808324,45.64799708475206],[8.98370448157533,45.64710206533457],[8.983543848900345,45.646992315901656],[8.983109549119883,45.646695588146095],[8.982729376015211,45.646435869635546],[8.982655649532504,45.64638863612369],[8.982595871150808,45.64635034078717],[8.981202602182751,45.645463555220616],[8.97983596421919,45.64672870804046],[8.978276518109775,45.648172293804926],[8.981928317240186,45.65209570213191],[8.984216487130901,45.653258715457405],[8.98579406048286,45.66240380369405],[8.985490892812424,45.66982942984563],[8.985155998618469,45.6739157366341],[8.98391019131674,45.67535569466521],[8.979633433582679,45.678613297735104],[8.976038964998448,45.67676743334684],[8.972253170704255,45.672716194508276],[8.969584582661101,45.66916919685189],[8.968323125424973,45.66740879075342],[8.966294587109992,45.66548504431691],[8.962126199595637,45.663690034178394],[8.955812380657626,45.66168952123465],[8.950795440426381,45.66060869258992],[8.947908706953264,45.6609346830772],[8.943238732855784,45.65855624771979],[8.934992515351984,45.6524223156021],[8.931862367625257,45.65120533830684],[8.929241907430091,45.65305791714848],[8.928843428192003,45.65353471519477],[8.927956470899424,45.65461426275756],[8.921486987058483,45.66430385422658],[8.92136051334601,45.665023646443714],[8.920941434191665,45.66740873341996],[8.908439970149004,45.673294936178124],[8.899987148522547,45.677068179285754],[8.8967481410672,45.67933350323418],[8.894008036353613,45.68228330876077],[8.893503828645411,45.6842990149703],[8.895453841213461,45.68484080095492],[8.900228784724677,45.68605118081119],[8.901832636775884,45.68616956760649],[8.90817588628812,45.68659789313742],[8.91512549418504,45.6887346542725],[8.928127867406511,45.69480135443207],[8.931916855517542,45.696884377199794],[8.931955098247897,45.69712740963107],[8.931850621090915,45.698873502419524],[8.93172071155055,45.700070517734254],[8.93118622275632,45.70646973001084],[8.93189231603827,45.7068481870807],[8.940198956242694,45.710588148672784],[8.944748595100549,45.70775519944715],[8.947369327867733,45.70781944151542],[8.9508339085975,45.71246536341889],[8.951474402932872,45.71469782339076],[8.951486720760185,45.71530088012088],[8.95093814822898,45.725498450198046],[8.947706682732123,45.73306661918863],[8.943735400713592,45.7340548114174],[8.939453164151145,45.737202860590614],[8.939168818032515,45.73863381227905],[8.939283591118429,45.73948894438944],[8.940784245425416,45.742576959243465],[8.930133983877973,45.750914571926636],[8.92220244475462,45.758436016027154],[8.92206064757528,45.76048605869189],[8.918737816045544,45.76433151851029],[8.914603253088437,45.76887383040574],[8.913766424139693,45.769440247523214],[8.912236729174467,45.76920507153015],[8.910848080090059,45.768978981397794],[8.90943436142169,45.768626843659725],[8.906597448339944,45.77290439170103],[8.903366683298282,45.78095876689344],[8.905179329772782,45.79026092545265],[8.901197746151356,45.801184275626966],[8.898402608263286,45.80997540075848],[8.903915154366588,45.81577514551788],[8.907007023111028,45.815497945864855],[8.909093020823896,45.82019559226234],[8.909336702399452,45.82074481703118],[8.909884484030535,45.824309483690314],[8.909728147916223,45.8254614317864],[8.909134697319873,45.826226010536544],[8.90947678172815,45.829637479913416],[8.912448677687655,45.83027883473434],[8.918431124253226,45.83328037624943],[8.926202053154727,45.83359166826616],[8.929256115538564,45.83417864838396],[8.930748490999346,45.83548464505972],[8.93266404839159,45.837654904712664],[8.934090953238782,45.839365848892385],[8.942033130705521,45.841530272012236],[8.948187151641392,45.84315332970894],[8.949537460925336,45.84347795173754],[8.955680713037541,45.84249943583298],[8.959957110006599,45.84008887820322],[8.961722047326708,45.83899142445676],[8.96225045377563,45.838352562158775],[8.962325950969577,45.83801057865432],[8.96181325416193,45.83743435648228],[8.961324644383952,45.837011171051216],[8.961376471305048,45.8365431527351],[8.962020244330951,45.83603933382494],[8.963424300625736,45.83521175875367],[8.964248650262972,45.83478898038317],[8.968781323653001,45.83288670268297],[8.970326211863588,45.83247758659746],[8.973274667841489,45.83263132640343],[8.97384109755949,45.8328204711728],[8.975192801197593,45.83339680707121],[8.97542608612507,45.83359486635407],[8.975552771755845,45.833702893620774],[8.975874476937667,45.834143991753486],[8.975964405471828,45.83462104105245],[8.9799804441707,45.83599889791676],[8.985890271928632,45.83787188241322],[8.995366318618148,45.834344452611276],[8.996473406131557,45.83159032835903],[8.993166231843887,45.82357969294516],[9.00856082352587,45.81989834825073],[9.01482825184213,45.8185026117658],[9.028137192007723,45.82105627219011],[9.032696591346348,45.82372372506623],[9.03452618649257,45.83051664909049],[9.035961302226799,45.838169865109265],[9.03575763802232,45.838360799356785],[9.0357076945586,45.83841347568666],[9.035510606033375,45.83888346202315],[9.035471691265839,45.83897882375973],[9.035794433893024,45.840834474479294],[9.038746773273429,45.84461658332344],[9.04484032276969,45.84816957680496],[9.050705409211421,45.85461148582749],[9.050950562710522,45.85505240492047],[9.050745208467475,45.85588054634098],[9.050346825913111,45.85691577391829],[9.049587759646457,45.85794216183864],[9.04888061261158,45.85948155017043],[9.048521459567798,45.861254794843944],[9.048471021232947,45.862505902624136],[9.049980805411742,45.86532240588031],[9.050457857457577,45.86618624339786],[9.05431553416956,45.87228679118484],[9.058801788772739,45.87528173667217],[9.061404384595413,45.87538836619637],[9.06555383769667,45.8760071047856],[9.066623643082162,45.87624049292399],[9.073460317766253,45.88266264064633],[9.078788785122038,45.88780735606249],[9.084701365035228,45.89418444015055],[9.086728749927813,45.89655003656791],[9.088757567692541,45.900715677593055],[9.088115494450149,45.90127421277883],[9.087240004946487,45.90199491013334],[9.086582748531962,45.90213041210162],[9.085151294876031,45.90181648730711],[9.080057117774768,45.90043409066161],[9.074964469381783,45.90629682386315],[9.069860450795986,45.911970339723744],[9.05427162131701,45.920223171597904],[9.039189183435353,45.926664623453654],[9.034791752597613,45.92632404462864],[9.030368886100108,45.92651431614571],[9.019395186335615,45.92857778810335],[9.019447189324604,45.92976582783387],[9.019964379078203,45.93331189456906],[9.016264430296948,45.940323774192244],[9.015106168529007,45.95055735282523],[9.01406387792202,45.96015636019822],[9.013534878771969,45.96066944188038],[9.011264128404394,45.96149772291079],[9.008760990617066,45.962361974769095],[9.004205811388777,45.963905786072964],[9.002012224287174,45.96442786001722],[8.99953463750212,45.965012892905364],[8.993985583806209,45.966587808052076],[8.992746460209938,45.96724475069349],[8.990152256971868,45.969062626467974],[8.989377734761876,45.969647573648885],[8.988770878737242,45.97058354467975],[8.98825477131547,45.97156453444488],[8.988073879208894,45.9724105558621],[8.988409463751056,45.97260859532499],[9.001935323258925,45.980052415957275],[9.01082966341242,45.98373304486517],[9.022359464231092,45.99024759457865],[9.028287080903057,45.9936618969618],[9.02791296376697,45.994418001579184],[9.026429762038664,45.99736144829258],[9.025823360919858,45.99852263628276],[9.02253963555296,46.01560582427872],[9.02228669491028,46.01654250469033],[9.019312546713058,46.019116518993044],[9.017233547738654,46.02083590395173],[9.013617641174573,46.02357245723102],[9.010130555442723,46.02613790289221],[9.00909749535999,46.02717301106029],[9.00816789408209,46.02913512686953],[9.00783249465034,46.0303591764009],[9.008880500164056,46.036200255904106],[9.015771688612551,46.04644175481692],[9.023813835284344,46.052614500672654],[9.034247172102972,46.05639192952246],[9.047772710985093,46.06166118874105],[9.061578175362216,46.061231580423254],[9.073369342915687,46.0626196373562],[9.074223138199292,46.062970092985076],[9.076073300213732,46.063922898874324],[9.077872431387084,46.06531672308739],[9.07801201404157,46.06573513371855],[9.078208586478064,46.06645500510572],[9.07833916200541,46.06735492968447],[9.07814648693663,46.06825507723354],[9.077881023200652,46.070860817391285],[9.078427395786854,46.0748700118719],[9.078764703109567,46.075634794624186],[9.079787806697455,46.076660102508455],[9.083969807661084,46.07987017309848],[9.089343435807262,46.08484317195633],[9.089434265307723,46.08502311053606],[9.089616148530274,46.085517967031954],[9.08979815057025,46.086084839173004],[9.089941642197777,46.086831731930985],[9.089931502909618,46.08756975058145],[9.089842448929701,46.08848783979125],[9.0892112073485,46.09007235025174],[9.080142810308908,46.105793302577645],[9.075868331176407,46.11101628051813],[9.07392725816384,46.112817567922214],[9.073375518805143,46.113609937104464],[9.072419283702898,46.11560856071887],[9.072137042945144,46.11656275266533],[9.07198259423736,46.11722886006054],[9.071519759014215,46.1192901641983],[9.07163492547375,46.11951509328172],[9.076503638787845,46.12124895117799],[9.077066815614415,46.12137457501477],[9.085836985072994,46.12336635486056],[9.100599404632895,46.128403365730286],[9.101377357516224,46.12910468587021],[9.102829275833955,46.13025539791414],[9.104423640688607,46.13138795377624],[9.10516222764313,46.13176528333937],[9.11244083712145,46.1342423630376],[9.1159242282679,46.13528739535547],[9.116455245510034,46.13540386361808],[9.1171544209051,46.13544814174756],[9.118137628477141,46.13530313766186],[9.119056398485705,46.135131172051054],[9.1253362246611,46.14164500657243],[9.128544587082724,46.1460784757821],[9.130659839911765,46.14821809093848],[9.13360554285043,46.15114868730135],[9.137200076590897,46.154150443707486],[9.143319971422631,46.157427953022754],[9.154390257607607,46.16156255760734],[9.15820741747375,46.167470337248794],[9.158566977702174,46.16905385040631],[9.158893232996881,46.169890396536076],[9.159568676286352,46.170519461988384],[9.160372794243377,46.17085132965123],[9.16310776135292,46.17138746284588],[9.16827955949675,46.172360973951896],[9.169743106802972,46.17225079851084],[9.176036472232184,46.17144028034549],[9.17757609335841,46.17082590029487],[9.183511788244154,46.17160853167478],[9.192969330218995,46.179233965797884],[9.193528782490075,46.179899023805426],[9.193946708746864,46.180843304873875],[9.19580687091292,46.186564129949495],[9.194766515302913,46.18917591066623],[9.196731769147988,46.19882050906595],[9.200326441143474,46.20719323294037],[9.200965825383783,46.20834410500008],[9.201538494525476,46.20897309986568],[9.201964674881134,46.209307586667485],[9.205567892807515,46.21044641185668],[9.206973593722712,46.21054737037106],[9.213115573584595,46.21118407698688],[9.21478087392827,46.21176597124514],[9.21734078747184,46.21391211600813],[9.218224125206794,46.21465742138686],[9.218664262282093,46.215511580170215],[9.220785038868751,46.222239450098144],[9.221609630498094,46.22596833191967],[9.221034796512072,46.22691894357381],[9.220562330581082,46.22814384082469],[9.220755050165291,46.22931344718128],[9.221300731985092,46.22987039844264],[9.23484879292287,46.23383933482119],[9.236659460596265,46.233898601833644],[9.23819781893343,46.23331039950483],[9.2402821755413,46.23266254652924],[9.245452908087593,46.23252106353804],[9.246790476535203,46.23292318676597],[9.247615383141198,46.23362724089414],[9.24874604737359,46.233301446045914],[9.255467831224845,46.232292134965775],[9.25654839032293,46.23239770700543],[9.259334996641716,46.23281441188168],[9.261665046315319,46.23325909729265],[9.262523571482813,46.23354512578624],[9.268497053271819,46.23620423659224],[9.27216767324721,46.23837353382607],[9.28599973347261,46.238240771124346]]]]}},{"type":"Feature","properties":{"name":"Sondrio","abbreviation":"SO","plants_major":15,"plants_minor":7,"plants_total":22,"aggregation_note":"Conteggi distinti nei consuntivi provinciali SIRe 2025; contesto depurativo, non dato AMR."},"geometry":{"type":"Polygon","coordinates":[[[10.25179212438516,46.61606872679029],[10.256410772645923,46.60849007063545],[10.254752387490855,46.60736084346172],[10.253676161173326,46.60631071308401],[10.249902034483942,46.60210877039721],[10.2428307745311,46.5932898626519],[10.242252721728127,46.592522203658],[10.242051606309877,46.59225442354403],[10.241601800735603,46.59145835645242],[10.241846177550329,46.58954781057451],[10.244002845240823,46.578401021392615],[10.246619378117238,46.57525872039008],[10.247621584157576,46.57457283334027],[10.251842205182594,46.572537834250454],[10.253522275462283,46.57182646698194],[10.254646775209402,46.57192214338202],[10.25986182863207,46.57509563638122],[10.271052793393055,46.57646572645574],[10.282302965254805,46.57153442949596],[10.289168280699503,46.56773147153127],[10.294297770441554,46.56010944075879],[10.295423607327937,46.55427400406188],[10.294867262868891,46.55282239087377],[10.295130602195083,46.55128049147458],[10.29574885664021,46.5504005220037],[10.299859218639046,46.549363930988164],[10.311291089090233,46.546866557488485],[10.312414698830986,46.54694366859567],[10.319264838557865,46.549186747491405],[10.325112818096335,46.55146801353337],[10.332583851264577,46.54748892214028],[10.334914149474335,46.54517585242118],[10.337062590070627,46.54343183682401],[10.33822617930253,46.54301326070707],[10.339596811935674,46.54306021255947],[10.341143858064411,46.5433840522345],[10.342169974465081,46.54374100486523],[10.343046771827927,46.54438766963587],[10.347972214198416,46.548406530479014],[10.350017937154872,46.55200021655485],[10.350489917498361,46.553146585600516],[10.351224520266793,46.554361841577744],[10.35220697226076,46.55557416177674],[10.353173844788655,46.55563473703549],[10.36337398442783,46.55556758685578],[10.36629216616086,46.55488480086445],[10.37691969980122,46.55160751874769],[10.385550625470753,46.548857411091426],[10.386976989821253,46.548012162452935],[10.388958306900859,46.54693516724415],[10.393791146913774,46.54515745251375],[10.396130486230552,46.54431896563661],[10.397555543824836,46.54394158321198],[10.399107536620965,46.54444457550712],[10.400477937015244,46.54498578607789],[10.401836953824173,46.54559009820082],[10.405777716044922,46.54767463108963],[10.409549936350285,46.549284106371324],[10.412551093549693,46.5503270296089],[10.41406313835788,46.55078532302916],[10.415647818750143,46.551026703886066],[10.417357769893297,46.551068523327054],[10.419340142715068,46.55105295168147],[10.420930865291076,46.550025239766455],[10.427940978940027,46.5447541836349],[10.435557413627684,46.538782197454736],[10.448420422089168,46.53304027914667],[10.453137592676283,46.53055108422159],[10.4530436996212,46.52827914179863],[10.453497881906602,46.52580877437453],[10.457120107298017,46.512694759473476],[10.457225478494426,46.51236943003972],[10.457470401170943,46.51171832712117],[10.457741805845057,46.511006147161524],[10.457940462003688,46.51058963997697],[10.458150659649576,46.51040697352543],[10.459211713579975,46.50954663208837],[10.46926390907656,46.50258125395532],[10.477785650724716,46.49521932174752],[10.484530688587572,46.49360080993139],[10.484932950524144,46.49392487066764],[10.485480599975663,46.49437959202378],[10.485912898040514,46.49473892048896],[10.486528591094658,46.49527407225614],[10.496995003573184,46.497364039690844],[10.530539819682076,46.49376956670839],[10.542878117689789,46.492134478122374],[10.555013091916399,46.489032320594795],[10.562273632562029,46.481780833746924],[10.576129487143456,46.4742667839019],[10.58554520904433,46.471867861598085],[10.59013976564014,46.471817071360995],[10.599837946643634,46.468821484669746],[10.601334213610281,46.46765012563197],[10.619249675672565,46.45046423409704],[10.621398341258969,46.448402148471004],[10.62183400234232,46.44796363770563],[10.619376600721427,46.44614454793575],[10.618905395166225,46.4457699873967],[10.618366669173234,46.445329647855324],[10.6173288072335,46.44442778072594],[10.617302389614826,46.44440407448255],[10.616760687574654,46.44389578387595],[10.616622713577963,46.44363657438981],[10.6165663705379,46.4429907753826],[10.616593057176157,46.44251756553723],[10.61662424620834,46.442032063034056],[10.619218474519434,46.43687806556347],[10.616462598988136,46.42996796791945],[10.616822526092989,46.42685465419009],[10.617945697116753,46.41739653714396],[10.619225938274763,46.414399054856595],[10.623408485641749,46.41124205731845],[10.628225596267702,46.40767575476889],[10.629425762596519,46.405548499176945],[10.630984331495778,46.40228697935596],[10.628920126150122,46.40080839521804],[10.618511318506133,46.39315912236112],[10.610809149436925,46.38726351127878],[10.60858372994036,46.383766423643024],[10.605985142405313,46.37922926703451],[10.598055279720734,46.37738586228819],[10.59254760276575,46.3772106087662],[10.570477966237249,46.37693134746423],[10.57021193848683,46.377064615406276],[10.570098453193658,46.37710004242788],[10.570017896402081,46.37712495435509],[10.567371862299222,46.37789398677789],[10.567043599332939,46.37792851385597],[10.566690202947926,46.37777200054287],[10.561266218354094,46.37422995918328],[10.550691434601275,46.36704979165173],[10.541980575191571,46.36089903876591],[10.54231948972757,46.36061039442067],[10.543606937401814,46.359301544759354],[10.543934448823268,46.358865885376524],[10.54325009042657,46.35666939128439],[10.543201445546387,46.35655755958616],[10.542942283405177,46.35637088541227],[10.542808705403582,46.35628039022051],[10.541527737879338,46.355523488284135],[10.541260254084015,46.355367626651784],[10.541118623717411,46.35528669786136],[10.54101646075035,46.35523390259499],[10.54096899434888,46.35521176626803],[10.54031046013952,46.35490465211863],[10.53998645020162,46.354753544134255],[10.539890531002445,46.35471189927004],[10.539645863496501,46.3546130461972],[10.539238006409642,46.35445167943424],[10.539197961845764,46.354438518877295],[10.53875873724064,46.35432230597818],[10.537700784813651,46.35412549757539],[10.53659880849542,46.35411187434239],[10.535939692032292,46.35412165296697],[10.534540273835587,46.35417093174209],[10.534334851905975,46.35420039705392],[10.534254323523713,46.35428537875112],[10.534176968391234,46.35446562888844],[10.53405622952091,46.35487683776376],[10.533979530790877,46.35510483617502],[10.533799847507334,46.35541116742973],[10.533511983572964,46.355743445533484],[10.533046587439642,46.356257612634266],[10.532825623104861,46.35637842590912],[10.53021183274355,46.35674229970087],[10.52847454802398,46.35680515714393],[10.520869457925146,46.35617445757386],[10.520395133157026,46.35613402087308],[10.519872597285373,46.35597556990444],[10.51949637575433,46.35576212281708],[10.519473381644536,46.35573933011393],[10.519255480272049,46.3553395296093],[10.519241273394357,46.35531341431163],[10.516030899863265,46.346468827539546],[10.515782360314136,46.34466656651571],[10.515714830514044,46.3432178786709],[10.514564784336708,46.33916576490993],[10.514052955037346,46.337570565716966],[10.513715634475389,46.336648044563844],[10.51339480663871,46.33585130153745],[10.512686056309688,46.33512269168273],[10.51184362931539,46.33472883465581],[10.509838957375122,46.3345933312026],[10.499069050746964,46.33464506020547],[10.498060613460936,46.33482928896194],[10.495869010781515,46.3364149555759],[10.495463666980188,46.33679825745849],[10.490017528922154,46.34246737630315],[10.486821564184327,46.346551972532815],[10.480182831350767,46.3507489321426],[10.471691930228573,46.35447649217424],[10.470633687800703,46.35476009641299],[10.466189206645392,46.35479019732609],[10.465067202946097,46.354633571648584],[10.459381935642904,46.35199734237662],[10.452786774177541,46.34835538793465],[10.444093915343219,46.34299360446209],[10.439269839823224,46.33991348753375],[10.433395000082406,46.337872329184805],[10.419708740291233,46.33371418609556],[10.408558778317643,46.32503221686408],[10.398447450141656,46.31619245936287],[10.386396262446096,46.304459371935764],[10.37176013314058,46.29402502167261],[10.358045957320558,46.29125478079735],[10.335159367895171,46.28814039682837],[10.334848534719573,46.288171010495844],[10.334252397621984,46.28821398504554],[10.333757924104043,46.28816575067105],[10.3285140406723,46.28712882580383],[10.321080926027493,46.2819589915083],[10.320750445255086,46.281710810064524],[10.320405485382448,46.28139981287598],[10.316530006653961,46.27784452518943],[10.316184879349226,46.27752450352683],[10.31599868959099,46.27733764688665],[10.315704149054689,46.27696303594125],[10.315420698752309,46.27650730641982],[10.315347621642719,46.2761661442069],[10.31528276958034,46.275752370609865],[10.315184258119702,46.274764017550176],[10.315173064171944,46.274296160985855],[10.315179816182564,46.27403508742934],[10.31519670971539,46.27365689250694],[10.314864292109457,46.25921576978414],[10.311738167199737,46.25653369221074],[10.305504228260581,46.25299608130742],[10.300895675461787,46.24958361533154],[10.29738978682286,46.242297472188504],[10.29657971265003,46.23489067854209],[10.294683362345602,46.22374315868518],[10.287858143880072,46.22132726413666],[10.280673846877312,46.214594959788265],[10.266065280843891,46.20794466565877],[10.259660631817653,46.20507241169097],[10.258717680344944,46.20465078772579],[10.257960921785484,46.204434118527914],[10.253399249254716,46.20334123848187],[10.248059073292838,46.202778657668816],[10.242593899553041,46.2024152012597],[10.24161787477894,46.202265861819996],[10.239379534928323,46.201847101338366],[10.22965977461287,46.19959406351492],[10.229018026491506,46.19929495529649],[10.228739284762247,46.19900095637073],[10.228483639946035,46.19858070512902],[10.228371160214111,46.19818589990983],[10.228355978225261,46.19634104648738],[10.228468225910978,46.19498084120399],[10.227588492475661,46.19097628304328],[10.226535916160818,46.18735155065691],[10.226336163158633,46.187110685008086],[10.225706725942791,46.18677544669574],[10.225027853399567,46.18654871021159],[10.224284620044058,46.1863406845322],[10.220902767419592,46.185764837267456],[10.21977152405963,46.18558793090903],[10.218848546040052,46.18545376640832],[10.217809164298334,46.18532984743469],[10.217486633611166,46.18531513992108],[10.211157124059566,46.18452753029847],[10.203615130513112,46.18331117819678],[10.201986234091756,46.18299982122467],[10.183217991443053,46.17897913173568],[10.182684018797241,46.17884966219215],[10.180300233926804,46.17825328635619],[10.179905101209938,46.17795137373289],[10.179598887801946,46.17756753277038],[10.179219485954738,46.176788430882],[10.178687784016464,46.17555190092421],[10.178264331440872,46.17453025948937],[10.177659445043432,46.17289848308148],[10.177587779928372,46.172575219759594],[10.175942069123069,46.16708411379746],[10.174581244372144,46.165226077177856],[10.171594906768751,46.16306071565746],[10.164828716534524,46.16159985139566],[10.163449047003379,46.161280908016614],[10.162523002486086,46.16097532288227],[10.161987925400878,46.16078276560571],[10.161348290744185,46.16054625661129],[10.16095603867774,46.160370232757806],[10.159658558175586,46.159645397794996],[10.159618285462939,46.158961808285824],[10.16081009948016,46.15466562150664],[10.162893488316618,46.14904648098788],[10.163276068421819,46.14815157356722],[10.163431648023192,46.14788375205499],[10.163675937968737,46.14746350190828],[10.165339276575015,46.14467451077411],[10.167432886133208,46.141422100094424],[10.168152083786577,46.14053274916989],[10.171422844123086,46.136638210966495],[10.17164597392905,46.13640166036434],[10.171812985058017,46.13622470530196],[10.168461504912905,46.123951233726565],[10.16507621250846,46.11256458497984],[10.16458235827181,46.10693551101804],[10.171989343281977,46.102926713176956],[10.174778944027318,46.097812963780946],[10.17912345619965,46.088596995002675],[10.18285960383539,46.082447240239446],[10.181322632960782,46.07890810270759],[10.17542013982442,46.07075176849489],[10.170434117762177,46.059381631252364],[10.169558413386193,46.05704937318903],[10.162731473583298,46.05704813005199],[10.146657094029788,46.056175521984336],[10.134688098331063,46.060057081327564],[10.121652940092638,46.05925873540288],[10.107512345180641,46.05229546549971],[10.106089407529803,46.05159821180915],[10.104748900857489,46.05114317654361],[10.103722360493203,46.05087408253114],[10.10260876416724,46.05077683707795],[10.101318349202245,46.05088827968308],[10.099808341656082,46.05165883115472],[10.098571282408077,46.052507768989855],[10.097303456119548,46.05376196881126],[10.096166071639558,46.05507792520371],[10.095446097660462,46.0559308753158],[10.092424139452785,46.06067592368363],[10.092220004887562,46.06146990080468],[10.092690691763185,46.06828757604334],[10.09709991069947,46.074158486224846],[10.10039465896839,46.07726788408492],[10.102930107510144,46.08054651883688],[10.103318728364236,46.08122677627836],[10.10398735407948,46.082975363317665],[10.104133528168083,46.08511600165389],[10.103244594869947,46.08788766131277],[10.101908530065428,46.08899856860801],[10.100775059266647,46.08989150083567],[10.095926233846875,46.09129713945244],[10.085101057057805,46.09074340736005],[10.073627714878974,46.08810671850075],[10.068800535983996,46.08932197838869],[10.065516085540446,46.089379650447086],[10.060416844987447,46.08923807071959],[10.059493947567724,46.08900361743812],[10.05895440957287,46.08852261001514],[10.058396594129459,46.08776275936557],[10.057900006172371,46.08682234562591],[10.05711288213864,46.08624462149978],[10.055654832955454,46.08550002665649],[10.054298616023079,46.085172592845296],[10.044487732661864,46.08482166249348],[10.042435117501043,46.08502940913016],[10.040068795896318,46.085752984608945],[10.03859561218158,46.08651340944095],[10.032691509845035,46.08758391795167],[10.024795850922843,46.08729498506535],[10.023095007504118,46.08695021989741],[10.018537783954109,46.08601891092874],[10.017364582084811,46.08552534472548],[10.016450247005498,46.08503845936726],[10.013453487995998,46.08313903358287],[10.012056740810614,46.08172938746086],[10.011259409281164,46.07985539822602],[10.011271445108367,46.07909926818949],[10.011369150060574,46.07665935151788],[10.011379206293846,46.0736711996455],[10.011367205367476,46.07301428098111],[10.011114159563526,46.07261152266236],[10.010272913309716,46.072573950749735],[10.004574018249137,46.07278618698758],[10.00209743837534,46.073131935062065],[10.000017179560134,46.07394217947673],[9.997811099583759,46.074951485081385],[9.996113421787182,46.075470311261284],[9.994716016486786,46.07542847498157],[9.99360985309208,46.0750420957766],[9.988522805867696,46.07115311402317],[9.98466125844185,46.06633532357294],[9.98208729585648,46.06555644240497],[9.980479307763662,46.06529123605557],[9.979723538352815,46.06526850863932],[9.978616466962716,46.06523521511028],[9.974736702674244,46.06518737856352],[9.96768314640626,46.06627334402672],[9.957633869355295,46.06686198873566],[9.946689671992635,46.06654816970142],[9.936021944320352,46.064223966244356],[9.929464405725701,46.06177542647809],[9.924046753059512,46.060199329579014],[9.922306492314235,46.05972735920011],[9.916727321630171,46.058521217695976],[9.914355686168209,46.05817121776748],[9.91194991806697,46.05810043386198],[9.910016650589696,46.05767482840969],[9.908601880392988,46.056543050864626],[9.906989139240597,46.055160835659905],[9.906532158296988,46.054093424073514],[9.906892591363556,46.05084148911768],[9.908073484325678,46.04638605425602],[9.900814721589793,46.04591249360448],[9.895163069071339,46.04570489243605],[9.886191430898839,46.045603814191274],[9.883262096612027,46.04589650821204],[9.881833601285207,46.04628553514541],[9.880794788441086,46.046797563953284],[9.880180815343934,46.048017327383256],[9.879036216172523,46.04919617630801],[9.877189225850755,46.05010139369691],[9.874449072132673,46.050932407537594],[9.872320010929926,46.05117368334116],[9.870308760232605,46.050684999869375],[9.86822797152245,46.04988181580469],[9.865907291829116,46.04861237328205],[9.85512484606039,46.045948500808514],[9.838295009553331,46.044156134186],[9.830921865689461,46.048062072946905],[9.821111701104922,46.04983401824514],[9.81044523922142,46.05055807487737],[9.789124989488064,46.055657419678845],[9.785315376252562,46.05776271196748],[9.783031990282797,46.0590204121613],[9.780541040188082,46.06023447193238],[9.778254405906917,46.06127608886885],[9.774613029697518,46.06252486911548],[9.771793116801009,46.06335395912645],[9.770131418159993,46.0637971695209],[9.766429136255082,46.06440708394346],[9.765336214133018,46.06391039065364],[9.764346825831796,46.063421991203136],[9.751132722072452,46.06148455101388],[9.750199014369072,46.06222869970503],[9.749274307237645,46.062684775635354],[9.747246691898376,46.0628510574802],[9.74508783270905,46.062874138453616],[9.744464979599352,46.06270720012355],[9.743098985729889,46.06207707379787],[9.741105019179562,46.06089300033369],[9.738677557700086,46.05918966932235],[9.737591081435538,46.058179665468614],[9.728181159537247,46.06053553123356],[9.72405053667681,46.062748351920206],[9.722918738826895,46.06320552528811],[9.721606539383144,46.06370883867845],[9.720690859603858,46.06388561327223],[9.709715074103533,46.0639812995661],[9.70890831893462,46.06358129154798],[9.708393181385212,46.062729479767945],[9.70866253514662,46.06154877993355],[9.70893369341323,46.06051206249868],[9.708054776136295,46.05951849211881],[9.705891288983116,46.05815484322867],[9.704380560748765,46.05728215276007],[9.703017525377735,46.05684051752829],[9.701980838101823,46.056644391339816],[9.6940858136611,46.05591409704982],[9.687333938865903,46.05561289385318],[9.680130164338392,46.058509054009974],[9.669593914572971,46.06065932893474],[9.650719251266432,46.06075034107429],[9.643458523200845,46.05997208460092],[9.642976018113131,46.059723139860445],[9.641464457150818,46.05869659678394],[9.64073271444092,46.05802568806591],[9.640390869216114,46.057532601524954],[9.640578134751692,46.05695553819281],[9.641735385504,46.055301998588426],[9.639035467076543,46.0521040570902],[9.635919473616989,46.04866535278882],[9.635096451583852,46.04790490824837],[9.633883025855042,46.04691262507001],[9.632987925673758,46.046629578456375],[9.632276494082832,46.04657952454125],[9.627248750110923,46.046598231235784],[9.62532431826118,46.04672576768028],[9.623917892295639,46.046940469605524],[9.622783455323198,46.047207659788945],[9.621402632565067,46.047404174442185],[9.620188301682534,46.047464778268484],[9.618765877351546,46.04740948592923],[9.6171623352812,46.04733714536104],[9.61347150293094,46.04669999103658],[9.610358818469699,46.04573564351301],[9.604765943983583,46.04370431221214],[9.604049926283635,46.043231111065566],[9.60207566924703,46.04114446667741],[9.601603890880236,46.04054393196411],[9.601194577953134,46.03974506641062],[9.60050306171507,46.0355635577441],[9.600444163124818,46.03251279166567],[9.600424523554176,46.031891885111335],[9.600132957182481,46.03121838141082],[9.599390625810882,46.03068227799451],[9.598273612622005,46.03014811366735],[9.578499893218615,46.021105657708866],[9.5734232402434,46.02116724107839],[9.567005921587354,46.02278331388817],[9.560457378831625,46.02295960345869],[9.559201689318053,46.02271374430989],[9.557725566193296,46.02238795515935],[9.556663047185415,46.022078123909296],[9.555869133730184,46.02149697592592],[9.555547717087258,46.020364495892665],[9.545830436186762,46.01358912644958],[9.532122869765736,46.01203371240798],[9.526899310288213,46.01150889670887],[9.525336297861564,46.01696124947623],[9.5237400697674,46.02440280220501],[9.523893089764224,46.02555413257056],[9.523710661390085,46.026760990299856],[9.523316156958302,46.02876985645037],[9.522888075926309,46.02995984689336],[9.522215389271983,46.03124997117307],[9.519489827130517,46.03410645275732],[9.518324531842815,46.03524578332425],[9.514403776362526,46.03886358132218],[9.511812642702207,46.0409632803892],[9.51087535670642,46.041633476461804],[9.508674097550427,46.04258832597733],[9.505851655113757,46.04346487500489],[9.50396706822118,46.04941335138923],[9.50509955189811,46.05028136749462],[9.50610483730192,46.05137494066502],[9.506852313615243,46.05254166315855],[9.508801014455747,46.05641208917738],[9.509328846264413,46.05757975404885],[9.509701414448188,46.05873011902557],[9.509985827702744,46.06153691588875],[9.50983978480876,46.06252758962827],[9.496723141242388,46.06899347544563],[9.482212448691612,46.0716209178322],[9.475285085310988,46.07205493019666],[9.46172649699319,46.07590858520293],[9.450992101845797,46.079029280431996],[9.441330328253764,46.08215406049387],[9.431567265824897,46.08570138757325],[9.430264832620848,46.08621031174959],[9.427931890781934,46.08727208886936],[9.426875575355847,46.08783404035254],[9.417062328122862,46.093558364616285],[9.415001832068329,46.094798889565965],[9.413610488065004,46.10422705931938],[9.413169452935072,46.10871902204054],[9.412856562663059,46.11935897521665],[9.413625967006519,46.1270512652629],[9.414032346464921,46.13464587356039],[9.414100807833861,46.136868631938334],[9.414993185143281,46.13846741808321],[9.419672845286255,46.14604646887338],[9.421767914244809,46.149984774147654],[9.424198918430577,46.157185752559705],[9.424470449766075,46.17177173520103],[9.424855539257775,46.18875060023682],[9.429102216379192,46.19639350527653],[9.437092839073626,46.20872018813345],[9.440804987238339,46.214168892890186],[9.44080750881073,46.21448388464162],[9.440139240668833,46.21497124254001],[9.440085652415322,46.215008638702585],[9.43851088665169,46.21587868587375],[9.424410989032955,46.221700857936455],[9.419482243173851,46.21979306565984],[9.413562989445472,46.21543165813968],[9.400209337318936,46.211879213535276],[9.398483291364133,46.2116242477026],[9.390467816795681,46.211093897835816],[9.386178224744395,46.21129746962636],[9.378322320445589,46.21215173544789],[9.373822808796366,46.21308453752429],[9.35807179355697,46.2191559167327],[9.35479153886848,46.22118212994686],[9.350685970242555,46.225991763662506],[9.342731561604051,46.23137083510654],[9.334267907997438,46.234302871492844],[9.317115659054133,46.2349367235455],[9.28599973347261,46.238240771124346],[9.27216767324721,46.23837353382607],[9.268497053271819,46.23620423659224],[9.262523571482813,46.23354512578624],[9.261665046315319,46.23325909729265],[9.259334996641716,46.23281441188168],[9.25654839032293,46.23239770700543],[9.255467831224845,46.232292134965775],[9.24874604737359,46.233301446045914],[9.247615383141198,46.23362724089414],[9.248066510537024,46.23449540699936],[9.249827220615085,46.24041800820926],[9.24883586613458,46.24877657114642],[9.249370599726529,46.25450383202157],[9.254601199730912,46.26879309807912],[9.258910738042143,46.274525337980855],[9.264378954015445,46.28087571738145],[9.272026461485261,46.289254615004594],[9.274008833620451,46.29115785099093],[9.275272304894592,46.29198278334476],[9.279516584576015,46.29447445190645],[9.282158911563121,46.295853928508485],[9.283706666346573,46.29645308883661],[9.28454019072797,46.29694599842219],[9.284738132242113,46.29998744080547],[9.28376284597163,46.30457977811199],[9.282133529733148,46.30829172903542],[9.289118651148764,46.31543811735978],[9.295223631052476,46.32049838301372],[9.29913768538398,46.32603206610433],[9.295738346906122,46.329010835931626],[9.293903831142755,46.33077951689244],[9.293414269943543,46.331554768196746],[9.291810383165652,46.33496077490297],[9.291688805991397,46.33660803212451],[9.292424926413277,46.33819911136296],[9.293925489668357,46.33944622745041],[9.295527716297464,46.34025658533464],[9.298186318369542,46.34183362940315],[9.298906571732552,46.34284872461805],[9.299197475955555,46.343846930715515],[9.296961227349605,46.35084556376302],[9.29231120198094,46.35617637905937],[9.290155379208436,46.35652386501661],[9.284143832390795,46.357564927996286],[9.282354437162775,46.35833433739522],[9.281473293943936,46.35887647772511],[9.276678010440584,46.36941783806844],[9.276493878695234,46.37423313143741],[9.278151723182827,46.378242963698995],[9.28091112097933,46.38146710690185],[9.281850610280584,46.38728761644906],[9.28018955520008,46.387921681623666],[9.27875021786394,46.3887621654707],[9.277883494415384,46.38968224679297],[9.275710936567789,46.394740819024264],[9.275649581543181,46.395469942820434],[9.276538126913614,46.39634975433983],[9.277726035919356,46.39718383990218],[9.278952129755782,46.3979188265536],[9.279892382503448,46.398717498844896],[9.280611408415407,46.3994177103488],[9.281163598266717,46.40063130778738],[9.281247502973066,46.40177406259903],[9.28138082580932,46.407542501779105],[9.280808636728054,46.41021677858313],[9.278812440129759,46.41423549091637],[9.276083586465045,46.417373985032825],[9.262782371981737,46.42196813675631],[9.249473858272005,46.43115953892119],[9.248696466972932,46.43184971099219],[9.248168439565184,46.43309278741277],[9.247798111263165,46.43466853402119],[9.247466776009997,46.43623516436838],[9.247238543573179,46.443336334796044],[9.247724630642669,46.44717810237716],[9.252018129239062,46.44952661612277],[9.255821371886913,46.44989615812776],[9.259532797305724,46.450112784605196],[9.261107546210466,46.450046202878845],[9.262632172053506,46.45030369612047],[9.265606172006958,46.45148477033845],[9.271688103748554,46.454521349396856],[9.2772671038662,46.460960633867714],[9.277816916746522,46.46159826912396],[9.276726230174129,46.46215889591694],[9.273784027569345,46.47008107287141],[9.274931639452243,46.4807877704203],[9.276138995922441,46.48518561807968],[9.278868349637158,46.491604652300936],[9.279459509095116,46.49253915325294],[9.28192888249717,46.49642088786128],[9.282373216159078,46.49666276745444],[9.283234744599847,46.49693962746359],[9.285867327087871,46.49705907221609],[9.28892959634698,46.497105379778795],[9.291564485457421,46.49764766077991],[9.297096680566627,46.49903734977126],[9.299471982637229,46.49974211092143],[9.300598421486985,46.50018013552376],[9.30560394961516,46.50234025037169],[9.310911862066138,46.50453082236302],[9.318065896238954,46.50528510633857],[9.319935706668863,46.50547787643616],[9.325590829377665,46.505911891234845],[9.331119971091015,46.50597702306816],[9.337242959509869,46.505644164286984],[9.343510319219014,46.504833554348664],[9.352113033445017,46.505185377769806],[9.357668126840494,46.50772399813153],[9.359057871226929,46.50870958826891],[9.3604327950822,46.50941622028393],[9.362046877738376,46.509699105637004],[9.363036088186815,46.50936297895034],[9.371513166783009,46.50442204833683],[9.37219052782142,46.5038254786339],[9.372343914676415,46.503690369442154],[9.373707146800191,46.49982966404874],[9.372894130276654,46.49909436035697],[9.371547688561728,46.4983697771433],[9.370490897321236,46.498193208332694],[9.369494289467248,46.497278477155696],[9.368795531001792,46.49608380585211],[9.368383780368474,46.49493319579694],[9.368377703642121,46.49403326716784],[9.369804113283292,46.4910768297989],[9.370837133198233,46.48969655963479],[9.371601475281656,46.48904610018684],[9.375125789926198,46.48628975638956],[9.379565715241124,46.4839892198169],[9.38808476123922,46.476666511288336],[9.388102545232412,46.475505515788996],[9.38983604171831,46.4738166981345],[9.395646705233768,46.47047592784601],[9.409006877156264,46.46671211713983],[9.4102820192147,46.46654557404701],[9.411507237678197,46.46666716794742],[9.412823755811624,46.466914412970084],[9.41388543625087,46.46780153449688],[9.420851561279893,46.47439978059663],[9.424119777073106,46.479359945658025],[9.424132128783274,46.484300653188164],[9.424484644312923,46.487746168012684],[9.424811148628695,46.48951785412606],[9.426085537023306,46.490863037659],[9.432829131282427,46.496777403141394],[9.440961832848227,46.498717219796276],[9.450274408114261,46.499751889355835],[9.45157544219961,46.50017422897309],[9.453435552269717,46.50210177333517],[9.453552078988258,46.50357722628933],[9.453289384664364,46.504901186977804],[9.460883174387728,46.507426700654996],[9.460476771253864,46.49634094274287],[9.4592599728442,46.48492546094273],[9.458760015417692,46.48463948306707],[9.456864481034913,46.484557071574685],[9.454920372714938,46.48451081754479],[9.45424224885088,46.48443252713761],[9.45016233085012,46.483899670587306],[9.44973174516803,46.48382037891649],[9.449458530561031,46.48337147768222],[9.449520235438492,46.48038337818147],[9.449561680293787,46.4798792548353],[9.449658842962206,46.47951887809971],[9.44978386458124,46.47947339662189],[9.45116504071683,46.479512900838465],[9.454887089582138,46.479840145952686],[9.458081279867796,46.480124424140925],[9.45887483148524,46.4801842394937],[9.461525354003731,46.48020957158871],[9.462013805405611,46.47933464912931],[9.463514260230726,46.47040102989337],[9.463571961767624,46.46952784498491],[9.463116468879248,46.46803575908208],[9.462471569279703,46.46724640383044],[9.460870185299184,46.46577694164372],[9.459641928212832,46.46530490612911],[9.458713018390796,46.4648046745315],[9.457769978305715,46.464169484039225],[9.457371074939745,46.46319012074611],[9.457660078570552,46.45882418296639],[9.457995533526384,46.45379206461024],[9.458490432988068,46.4413886627863],[9.455207511965952,46.43017026952996],[9.453709974457839,46.422238557433566],[9.458495413809645,46.41452927379692],[9.461173076569143,46.41120664898935],[9.464716585967068,46.40407358936367],[9.466864378455625,46.398116064977366],[9.467740546298062,46.38790685482669],[9.465804258311737,46.38493586523318],[9.464376902860371,46.38368170254989],[9.461776154665225,46.377437457454874],[9.461597128101738,46.376250222439516],[9.462770764896739,46.375120454479564],[9.464232537923271,46.374232568773216],[9.465879443734618,46.37381188455368],[9.493650218044996,46.36535277006179],[9.494556880549919,46.36497987398166],[9.496042562388958,46.36403745425801],[9.497345246599522,46.36290233640831],[9.498723297890267,46.361483381465504],[9.508300368176192,46.34998455043798],[9.51148518586542,46.338909636262755],[9.513680719950669,46.33469691143624],[9.51772089483651,46.329215760880956],[9.521188359583897,46.32506011729272],[9.528747792826957,46.31710108901794],[9.53419229722948,46.31215288916492],[9.536639768115387,46.31017048135967],[9.539475725782898,46.30801514190037],[9.542157272635638,46.30610350427941],[9.544260799944784,46.304851532816876],[9.54644404874921,46.30370713275538],[9.54937741465594,46.30234316919611],[9.550016549463106,46.30261915679429],[9.550564351336423,46.30285950459768],[9.552535824259992,46.30392098335236],[9.553438222458809,46.30455560612038],[9.561409443843623,46.304507749582754],[9.578171073874676,46.2958068736526],[9.578582458288667,46.29541780158278],[9.579359232402155,46.29520688137081],[9.582497605323447,46.294857929647506],[9.58475515496568,46.29472927332259],[9.595085491220043,46.29430697085867],[9.603402165665033,46.29489337665152],[9.609863716886974,46.29450809940671],[9.610726936667263,46.29398150649898],[9.612708710394294,46.29239591701331],[9.620925596938472,46.287824676026375],[9.631944630725226,46.28646831474569],[9.63339590443519,46.28630730085824],[9.635082447207678,46.28621693788254],[9.638576633043533,46.286332469010155],[9.63981242779725,46.28655055540869],[9.641934187127246,46.287042658576944],[9.647008084512743,46.289012015939676],[9.658497195538676,46.29529582330491],[9.672176478962303,46.30101211129563],[9.681131193473774,46.29858316500693],[9.681169510392179,46.29748494341326],[9.68199149991786,46.296760065559994],[9.687179611636093,46.294308037962644],[9.703981314042654,46.290911874522735],[9.713740340378953,46.29273234152367],[9.714470734867115,46.29298877259933],[9.714497775083034,46.29306963702719],[9.715030119935605,46.295001293331715],[9.715050825755934,46.29559516227454],[9.714605207225853,46.29627293413436],[9.714495748887845,46.29684061319115],[9.715065877345785,46.29974399977874],[9.715365758565607,46.300772601700615],[9.717813262366487,46.305230163907204],[9.718645927531174,46.306340913675115],[9.72153694707637,46.30893266326032],[9.72248883451818,46.30922364050824],[9.723724044356315,46.30933283258516],[9.724170893421316,46.30973500178809],[9.725479133813744,46.31242659454487],[9.725924582630466,46.313701742349615],[9.726128057045239,46.319199390858316],[9.725707364937886,46.319800536092984],[9.724609644015366,46.32028449023458],[9.723292390360717,46.32080581859642],[9.72207537598459,46.32111051719595],[9.720654786544083,46.32761733416903],[9.721844844915044,46.32821281611234],[9.722699168973026,46.32896339039641],[9.727085152391963,46.333534480702795],[9.725681594957072,46.33645482698504],[9.723808577135324,46.3393826244078],[9.723255430910353,46.34073158971016],[9.72474007530206,46.342639142824225],[9.725804574289409,46.343478360887474],[9.727063869766532,46.34436583856046],[9.734249117662365,46.349130311601165],[9.735686024576465,46.35003903721252],[9.737279144343214,46.35065876566461],[9.743100561253321,46.351593048591596],[9.743631603771188,46.351517602174155],[9.754801836305475,46.34574306400714],[9.758229205880513,46.34355143859865],[9.761236248821033,46.34041304597637],[9.762368244002797,46.3394695312711],[9.763502679547624,46.338642974274094],[9.764696400482194,46.33782050663449],[9.765922713450463,46.337299311975926],[9.769582557571368,46.335888776487096],[9.771344374000353,46.335570922635284],[9.774983424161235,46.33500632569457],[9.77639878108394,46.334942719438196],[9.777477478380108,46.334962392073685],[9.778184165683243,46.33531757157621],[9.781563003992646,46.337926956944486],[9.795409498762238,46.34324485521615],[9.80478636085917,46.34596467082686],[9.816895331264078,46.34996018773094],[9.82166379125826,46.351608959470255],[9.82926219596111,46.35633744315209],[9.831409657682418,46.35812631080361],[9.831569140610533,46.358363784951564],[9.837697301564418,46.361279923647984],[9.851765783290757,46.36404689886842],[9.867625899963903,46.3631311754165],[9.870544749694638,46.3630099026547],[9.879449132558404,46.36784212611],[9.880651418538669,46.368683355954715],[9.881864753529323,46.369753978486024],[9.883041064525244,46.37099586304192],[9.891285291079159,46.37501327113425],[9.90636061327559,46.38088410986384],[9.907603614274546,46.38055925697045],[9.908708958827756,46.379776504836805],[9.909888674094542,46.378921137346694],[9.913277969572082,46.37493872658868],[9.918438158760505,46.37075752029315],[9.924533401154783,46.366123122666075],[9.925361046522045,46.36600841822978],[9.92837569968706,46.36664097310687],[9.929210122571003,46.36687719584072],[9.930375498036403,46.36751119946762],[9.93093225927676,46.36804665526589],[9.930834460648946,46.36893841169987],[9.930289853098627,46.369788830945474],[9.929652811842283,46.37074798955994],[9.929825126339217,46.371660051444415],[9.930280957062948,46.37214447563899],[9.930741136329699,46.37263350918824],[9.93150751161351,46.37321224812323],[9.933529986775905,46.37453671780993],[9.937502088646198,46.37580918615558],[9.94253418412764,46.37713126742553],[9.952940690055446,46.37937145228775],[9.954803748468109,46.37901391471735],[9.957923846218348,46.378366844354225],[9.958587534490011,46.3781182814377],[9.957373434851343,46.376355511814204],[9.956444746582864,46.37543630958447],[9.955712207236408,46.37453346725258],[9.955413777148605,46.37373046907734],[9.955942486149356,46.37278108613779],[9.956896319954232,46.37151315020937],[9.95809179773704,46.37012617762278],[9.962406260661929,46.36561706215346],[9.965882433987858,46.36281581691642],[9.9730692322588,46.3589479791562],[9.983512988486114,46.35369282765452],[9.988722932761762,46.35200092401456],[9.993097791084335,46.35252100624253],[9.993728054048727,46.35233552802246],[9.9955216190885,46.35157295033274],[9.996062509940238,46.35129823518401],[9.996352418068826,46.35093572246105],[9.995105577642308,46.344493723949064],[9.994041180942782,46.34142505439877],[9.990904057388626,46.33829334936566],[9.986249136338172,46.33473368232797],[9.982084172382459,46.3265302107401],[9.981207865804498,46.32474676915687],[9.980849552996656,46.323597866549335],[9.981430770651503,46.32268388532815],[9.989704482812124,46.317581661520144],[9.99703015599353,46.3139990740509],[10.000829709133901,46.3036970441883],[10.000863763153903,46.30271575421037],[10.000403956017012,46.301711803779064],[10.000150566512861,46.30134501733953],[9.997118372605334,46.298833546555514],[9.993276301984091,46.29747200434888],[9.992561796013563,46.29314028250218],[9.994431718506108,46.28742701798247],[9.995486467761031,46.28545586942557],[9.996059294076586,46.28482987717844],[9.998095865383911,46.28331812778122],[10.005777620074694,46.28173882799234],[10.021816137456321,46.27865363613621],[10.036335011374359,46.27422999294185],[10.050576358017489,46.26762907202099],[10.055834418000366,46.2636926542463],[10.060315101031836,46.25110527144367],[10.059869782387697,46.24751842549877],[10.05441397012017,46.23900992485655],[10.047772563482404,46.23216800972327],[10.04536870954995,46.22919301851799],[10.061052528622202,46.22273953055414],[10.064229689482676,46.22007300530996],[10.06760918185366,46.217827477770875],[10.06938901388557,46.217342853372344],[10.070837209663871,46.217140294151825],[10.07136342190061,46.217531357465646],[10.074457125567685,46.219932320836655],[10.078593768507549,46.223268371774196],[10.080912421315514,46.22512747178559],[10.083065014427792,46.2264480792876],[10.08356105990052,46.22661439025226],[10.088170435494773,46.22756960010179],[10.089680656067701,46.227870215974875],[10.090266423060124,46.22798161792338],[10.094518250142329,46.22855300246512],[10.095049850087204,46.22854791135069],[10.102344921032797,46.2282527964999],[10.107526427977898,46.226681705715954],[10.113600355320493,46.2256507035498],[10.124009775269858,46.22421681647658],[10.13076003142453,46.2252033424641],[10.132647118901103,46.22553566073947],[10.139531931429797,46.22800518302658],[10.142328135345005,46.22902127963414],[10.145676306676517,46.23038275945725],[10.145755866860966,46.23047577322811],[10.14644723556547,46.23128404039173],[10.14719187694819,46.2327885634899],[10.148542197435996,46.23534901049049],[10.15094174170171,46.23969885319515],[10.154858541459419,46.24215239185624],[10.160362737066603,46.2455529241611],[10.163503129071554,46.247338618663036],[10.166041732198197,46.24898674035313],[10.173753694508484,46.254136804507695],[10.17453053503014,46.25466882516215],[10.175087828690096,46.25524809038162],[10.175422497728464,46.25573064368185],[10.17579041101874,46.256554858381456],[10.176540682516277,46.25826617226493],[10.173008765182285,46.26543942573914],[10.172299295389363,46.266247696490055],[10.169495899893883,46.268670379677204],[10.16760564142411,46.27010270662568],[10.161835296574107,46.28015143990754],[10.155668076367041,46.28809786447777],[10.14979025245897,46.294448067718584],[10.138233163983735,46.30251061001287],[10.136067383952074,46.30578115230277],[10.120686753785641,46.31253885026645],[10.113863945623866,46.31937342690916],[10.106144374856719,46.33142715629541],[10.106166386416724,46.34085426554607],[10.108307857127285,46.3497658376165],[10.111322723667607,46.352994503785915],[10.11738421056758,46.35581536204103],[10.126245216884659,46.36010230958372],[10.12885786228245,46.363289480852195],[10.127504998584989,46.367037725697145],[10.126484992452067,46.36990971844727],[10.12607039296504,46.37124575870799],[10.127365266238206,46.37671387101553],[10.127722006991846,46.377619322413445],[10.128595422182975,46.37835767891561],[10.129821038641182,46.379146552574234],[10.137139388611734,46.38347939365033],[10.141035398759707,46.385717516315594],[10.142122667657874,46.386093648985096],[10.147774596365483,46.386496052967054],[10.148940666876317,46.38566535677186],[10.15038260790486,46.38558786011233],[10.15447404172681,46.38538013179114],[10.156127246149262,46.385453428182345],[10.15793723609526,46.38556111141718],[10.158930875302538,46.38581199357837],[10.16165788105692,46.38749872139423],[10.163320513368364,46.38984875282854],[10.163941051273639,46.390895410790485],[10.163617865142172,46.39221266199693],[10.162270224581833,46.39984015079689],[10.162328128286493,46.4025664956007],[10.162407480408518,46.40446462579485],[10.16319338683441,46.40536559942154],[10.165647384429667,46.406969561254506],[10.164508362178182,46.410302068259895],[10.161380112952905,46.4149417383407],[10.160591873055202,46.4158137135314],[10.158270764385547,46.41619723276971],[10.156886052555617,46.4159412670626],[10.155311210527806,46.415309215129035],[10.152960117187481,46.414270964051525],[10.148319160970349,46.41687808127182],[10.146084723922305,46.42396526860587],[10.143052907950146,46.42768548287756],[10.130925378553053,46.43146894863083],[10.128385759917807,46.43135903852067],[10.122544453009382,46.43019255830237],[10.119531516520507,46.42920964300158],[10.101252070854741,46.42287136257353],[10.094962492963994,46.42195080571072],[10.084944386370113,46.42129930911506],[10.080530331817092,46.42113411865191],[10.079592796708111,46.4211069782426],[10.079473158562228,46.421639078821144],[10.079313868605766,46.42345852264119],[10.079771735489752,46.42423716415592],[10.069612559831086,46.4271135445456],[10.068014980515947,46.42661549626162],[10.066772285389172,46.42629411410931],[10.065192519697744,46.42603883982621],[10.063718558186633,46.42653855800331],[10.062013490559089,46.42720237832421],[10.060497540886104,46.428224402817975],[10.059248436880013,46.429585945474976],[10.058608149033812,46.431472791911624],[10.057938056050665,46.43451188646436],[10.057874467526121,46.43593443219841],[10.055203120730631,46.44050397972036],[10.050542850996822,46.441194849833394],[10.045076135756979,46.441928905835915],[10.043114923391196,46.44212681247062],[10.04173813004797,46.44297632637855],[10.040523310989737,46.444130348307596],[10.039811145364848,46.44570276527237],[10.040198755052756,46.44691419321554],[10.042225964207438,46.45221452129012],[10.043916891918172,46.45484499705765],[10.04730160036813,46.45751393265604],[10.049172390216672,46.45863974262107],[10.050934742607543,46.45954151075801],[10.05193869862578,46.460279261195666],[10.052817471615827,46.46127912288018],[10.053361385213892,46.463146045132845],[10.05090271693876,46.472087272475534],[10.049664338209727,46.47339459813376],[10.04774590103879,46.47456413954612],[10.044384078942892,46.483360498847446],[10.044812097786108,46.4907452506487],[10.04653105635842,46.50168650566802],[10.046805237809918,46.5105800570117],[10.048885834933637,46.511676912315814],[10.050510018413975,46.51275994413744],[10.0516548867257,46.51403637261098],[10.052747095870629,46.5159162279962],[10.053457029291808,46.51824956972883],[10.054042482864187,46.52092604090403],[10.052528894618085,46.530353482610124],[10.047272834747107,46.535045477730435],[10.044730896016752,46.536459141252735],[10.043648970232107,46.537845942258116],[10.044108606453547,46.539371667263836],[10.045603225771519,46.54113992044007],[10.047133411267684,46.54275933072147],[10.04924240369259,46.543909946284835],[10.051337760570096,46.54434967459048],[10.053071640843005,46.54430672207459],[10.05518742605609,46.5444942031003],[10.057283376111032,46.54496083550221],[10.059656724469788,46.545604820577736],[10.066447955352576,46.55008646559561],[10.067844613188411,46.55150434118685],[10.068892167505924,46.553699432816984],[10.078762428835951,46.56134632700966],[10.08252371782396,46.56362365156259],[10.083139092794681,46.56405880433202],[10.08516450605962,46.566622460637966],[10.085139234168071,46.567603630668174],[10.084272092108996,46.56894378171943],[10.082768685513445,46.57007395906812],[10.081210057395227,46.571096633236195],[10.080181227605783,46.57181732498183],[10.07915463608684,46.57310493916043],[10.078978133253408,46.574321532566756],[10.079373925716194,46.57486676209521],[10.080524406565388,46.575215873827126],[10.087899952105984,46.576297894717186],[10.09000722399625,46.57660181103471],[10.092083681781544,46.57675298908349],[10.097079773666632,46.57901808981469],[10.101094932956785,46.58277726620066],[10.101467110577667,46.58343065101322],[10.101620949236027,46.58542703829699],[10.101248268308954,46.588697423151494],[10.099567751281526,46.59076096163293],[10.098094571711965,46.5966742515469],[10.099912422198068,46.60618267746502],[10.10166676533941,46.610112030888864],[10.102154387282761,46.610773292875436],[10.103474844997832,46.61096754102166],[10.10563365274485,46.61068571623396],[10.10823911728446,46.60953558134901],[10.109657737643449,46.60870287521826],[10.111666313704795,46.607985914460066],[10.116822125245374,46.606567797484686],[10.1188576872792,46.60617892124846],[10.120775175653831,46.6059621665527],[10.12840196234964,46.605500214185426],[10.130171718848693,46.605599740926586],[10.131834196140396,46.606033274537396],[10.133201401813574,46.60647420552129],[10.13570680222209,46.60748428502796],[10.137134439016924,46.60940498598757],[10.140480146359755,46.61081608245852],[10.156163901587176,46.614991850003086],[10.158095833667138,46.615062305433916],[10.162468050610288,46.61565241898391],[10.16461016602158,46.61604460486168],[10.170025439692509,46.61821219004479],[10.176827056239876,46.62100873869549],[10.180247881062856,46.622678877190296],[10.183148799711924,46.62404382527551],[10.186019095470229,46.62497253957651],[10.188450270627058,46.62560425363918],[10.19062838898654,46.62608557543819],[10.192534797403463,46.625939724392346],[10.193664387590728,46.62573895455185],[10.194066614558746,46.625095798483244],[10.201217840219842,46.62190262986263],[10.209602425306723,46.620059417798515],[10.219176874217137,46.62175763058534],[10.219775756419436,46.623452132275226],[10.221503322777714,46.626686989482074],[10.222964119671815,46.62829126238158],[10.225033600398612,46.629403052989176],[10.2281403391128,46.6310661286666],[10.236709722775686,46.63437558713304],[10.23906275082654,46.63518706565142],[10.240328290923536,46.635074359031464],[10.24050139970683,46.634145544073725],[10.240180315592813,46.63252914594764],[10.240322345144413,46.629989762793926],[10.241108338302869,46.62729943000414],[10.243419449250236,46.62379605536376],[10.25179212438516,46.61606872679029]]]}},{"type":"Feature","properties":{"name":"Milano","abbreviation":"MI","plants_major":62,"plants_minor":5,"plants_total":67,"aggregation_note":"Conteggi distinti nei consuntivi provinciali SIRe 2025; contesto depurativo, non dato AMR."},"geometry":{"type":"MultiPolygon","coordinates":[[[[9.473706221126072,45.20044057966777],[9.48071778630368,45.19420536299815],[9.485491760928106,45.19180791510589],[9.486244469473007,45.191581223281744],[9.489750999852975,45.191206183485264],[9.516333741183933,45.18591627731497],[9.522298856086026,45.18138836489606],[9.525242543626135,45.17770717893268],[9.527103747837085,45.17113599869358],[9.529087148277352,45.168192295252815],[9.531578737626324,45.16535421431776],[9.528877747306224,45.16507420714962],[9.519354207991732,45.164176535671814],[9.488034026015855,45.16174055122688],[9.484264140378265,45.161565754044915],[9.481442968051152,45.161487469459736],[9.478273382471086,45.16149846891044],[9.47750352605091,45.16570115808782],[9.47475520125273,45.16735090253127],[9.468995830342347,45.168634949322495],[9.464142188694748,45.173164576698916],[9.459369760832226,45.17780169812268],[9.45734137900471,45.181871220985414],[9.457361870481181,45.18275751150167],[9.45682976597025,45.18325783412688],[9.447005791578013,45.187018852535985],[9.445203511491355,45.18708440199957],[9.439726222779674,45.185984930248026],[9.438549541225921,45.18763560389086],[9.438984267816613,45.18818423947633],[9.439498276882851,45.188812377637404],[9.44022932635175,45.189520681778326],[9.441070967809269,45.18981449813748],[9.441974904642079,45.18982899695845],[9.443857108145002,45.18959665867737],[9.446285770902785,45.18924514675177],[9.457604830750762,45.192607447534414],[9.463262234403029,45.19814749474523],[9.467620904664448,45.20033511259354],[9.473590536478389,45.20234058187165],[9.473706221126072,45.20044057966777]]],[[[8.94428307244396,45.64092414238711],[8.948378428495596,45.638693852101795],[8.953714314546371,45.63317862281187],[8.953883196305272,45.63012738662623],[8.956579729181225,45.62548399855614],[8.96529960465362,45.63011343364477],[8.966980626446052,45.62872778671762],[8.975899440497598,45.61485966769988],[8.975143420508246,45.613257348284534],[8.968538186571987,45.6064736394378],[8.970290922733684,45.59292762972967],[8.971035204237015,45.59093867043483],[8.97142005797681,45.590434710902414],[8.974747997620293,45.586734553881996],[8.978252813976455,45.58830298932596],[8.979337277637613,45.58884327825782],[8.980535516208189,45.58944027174774],[8.98084105028837,45.5896219922594],[8.981158989762903,45.58981145124879],[8.981392583740119,45.58995062419215],[8.983533251843413,45.59105809468546],[8.988968804662015,45.58626127144306],[8.992159943395984,45.583381184852804],[8.992647978074636,45.582922648549165],[8.99855583458924,45.57731488922305],[9.002541339190474,45.57370092788349],[9.004425016603202,45.574690976156425],[9.011141185910938,45.58018108618292],[9.014448007787328,45.58109881774275],[9.022844010281952,45.58452681930562],[9.023615166056773,45.588352068124735],[9.02566617478926,45.58846861797597],[9.026665888029127,45.58852238686759],[9.032110981619963,45.58485761480133],[9.037348732417255,45.58241727981126],[9.042274082337276,45.580646438888174],[9.050134787409993,45.58015221944568],[9.06299468642211,45.58044152061707],[9.064034610783082,45.58362455233671],[9.065496807662258,45.59264714835565],[9.061014712554211,45.60660107151972],[9.057680677142343,45.612837896024345],[9.054518628008763,45.612915405169744],[9.053177699128002,45.61516434983929],[9.052671368814666,45.619262833170076],[9.05278591752753,45.621545807044626],[9.05292446071502,45.62319029607618],[9.063740818911773,45.622706697189976],[9.08613210896554,45.62176935552553],[9.098085714948397,45.62209724054194],[9.108646824297486,45.61900050192762],[9.104603770623461,45.61001933698631],[9.101135777934795,45.60821976487427],[9.09734191608218,45.60235462297499],[9.100772556267948,45.596653500539674],[9.100567949852632,45.59360736664499],[9.096961851382293,45.59136925588578],[9.093984148453645,45.591029545647864],[9.099528492063406,45.588642859194465],[9.110199707638568,45.58608373087653],[9.1244277665887,45.58444341835923],[9.14405361269342,45.58376777978573],[9.144900985766373,45.58462533358496],[9.146421964029507,45.58687390989355],[9.150933504117974,45.58853524441457],[9.163067763699605,45.59172506311508],[9.163424569789605,45.5917830074789],[9.170730603358015,45.592871157679284],[9.173010603891832,45.591106336146325],[9.173878798974604,45.59024489300756],[9.173926027254286,45.59006306584573],[9.174168923011578,45.589360844137786],[9.174412224156251,45.58879105016216],[9.177135417784614,45.58550277645886],[9.183596365887334,45.582091150142126],[9.193417902900825,45.57883373117185],[9.200561731589605,45.57661561409813],[9.203132450093817,45.57600032412388],[9.203440815439485,45.57606478972424],[9.20884895337459,45.57727377163502],[9.20941133579971,45.57741132891841],[9.211487264138741,45.5779194570812],[9.218193191072327,45.578543644746226],[9.223438375593707,45.575835689461655],[9.22700441346054,45.568526542305186],[9.235005336101132,45.56343467177908],[9.239322089837389,45.56311382477395],[9.242591320704719,45.563436242740515],[9.254319555594758,45.55730691572035],[9.261078170852274,45.554942016580064],[9.268101555725742,45.55346697561912],[9.271332237365176,45.54927267746834],[9.274124730229772,45.54692026372802],[9.27756028145546,45.54480362950492],[9.286530133936242,45.54344326161545],[9.29413939520131,45.54139645874694],[9.295500981697419,45.538974964532656],[9.296178442473398,45.538705142698575],[9.304903415738478,45.53664543998598],[9.312844996954771,45.53678278989417],[9.32421610540431,45.53904302954308],[9.325525100980274,45.53999417155705],[9.325355753415975,45.54235861302271],[9.325251415641937,45.543815285974134],[9.325249353979984,45.5438440619605],[9.322282628194598,45.549351199954415],[9.32196405942052,45.55691048143167],[9.324177333775873,45.55945576835543],[9.326373259551993,45.56163247004055],[9.326978641775087,45.5618962947378],[9.329104633335934,45.561984700579266],[9.330322236621434,45.56203517988174],[9.339119890668227,45.56150133442449],[9.34589092360488,45.55995488655717],[9.348491097839595,45.558938055911476],[9.35210172449782,45.55669343087958],[9.359049480891514,45.555827876152996],[9.363092216484997,45.55689520315136],[9.367646031069388,45.55771772662329],[9.3730529216677,45.55770919213084],[9.383400620007924,45.557662031727766],[9.383356797754107,45.55734662004848],[9.383784648747422,45.55691761380369],[9.386207379070589,45.55708049915939],[9.391764698083225,45.56028394482946],[9.393143795400384,45.56328551163982],[9.392144103000302,45.56325292829708],[9.391721859068465,45.56334438918803],[9.391502676116618,45.564849684788875],[9.393120349227656,45.567290923820146],[9.399867263964332,45.57178598617133],[9.404265894116817,45.57395773823731],[9.42149418052948,45.580012681072844],[9.434676845733842,45.58360316700377],[9.442678270380355,45.58719980009044],[9.443030953858315,45.58803553505521],[9.444660120065302,45.591422536764654],[9.445819198441182,45.59186373594626],[9.450927022051609,45.59191261402271],[9.4542112955931,45.59141199451995],[9.458292427137971,45.591935752763966],[9.459948222332264,45.59217213035123],[9.471197078316806,45.59433150558381],[9.479005118248836,45.59583821196665],[9.479209237298619,45.59872666667163],[9.480970653125386,45.60528993847428],[9.482296213148345,45.60584241656541],[9.48308191931592,45.60923243787011],[9.483602013130707,45.611552477009205],[9.482175736406923,45.61735654688112],[9.485112571959084,45.62181614955754],[9.48700696974491,45.621997109294405],[9.490816543260364,45.62482958442044],[9.495392599345506,45.628977251167925],[9.492047492915495,45.632371521531276],[9.491657382164217,45.63269273243493],[9.491358161970979,45.633045053456556],[9.490446268756113,45.63440359674196],[9.49028804319239,45.63465180417458],[9.491867822402236,45.637408289842455],[9.492902407588435,45.63842541131654],[9.495852141866335,45.639659054494594],[9.495314197629444,45.63376134756762],[9.49554655202906,45.632464223712184],[9.496987990070872,45.63152185859542],[9.506335430722368,45.62808748299078],[9.512590967716973,45.62614239685899],[9.520454321869922,45.62056225674938],[9.523760081880335,45.61403028947271],[9.532475212515376,45.5950163191265],[9.538338159759492,45.58408421254798],[9.538508538375634,45.583718859581566],[9.538543641818775,45.58336767537297],[9.538601960579916,45.582764341641166],[9.538597683194972,45.58231433728608],[9.538582378435663,45.58205336836431],[9.538525941808475,45.581513586212246],[9.538324625999845,45.58056942672043],[9.538022358894237,45.57978777673197],[9.534780091555668,45.57310624624177],[9.529268923877547,45.56524694724847],[9.525008270725042,45.55871406228795],[9.526026966039678,45.54705307415492],[9.526054567921166,45.54589182357865],[9.526333576257407,45.54421633915437],[9.52675545474881,45.5427562413247],[9.527242292419794,45.54139483379908],[9.528915271206925,45.53812873875968],[9.529456112033037,45.53707310927625],[9.529619027074144,45.53686581878581],[9.530329410435243,45.5359619266318],[9.537372119123575,45.52939440194764],[9.54511417194161,45.52453212905721],[9.549979298702489,45.524187565472126],[9.550297013207585,45.52412934187604],[9.550940676934918,45.52319998590076],[9.551562593750896,45.521324776797904],[9.55146342790537,45.51903898068121],[9.548664698179275,45.511689544118184],[9.541554231952663,45.5017864411013],[9.541222072643256,45.50149734339328],[9.527108903290696,45.505906210999434],[9.51958543656155,45.50832416000844],[9.518664683221514,45.50842735509906],[9.518015401959053,45.508167262298784],[9.517942750992779,45.50805257891824],[9.51784046260106,45.50789102415448],[9.5177837172412,45.50753803926642],[9.517772569078906,45.50746829053874],[9.517782969155812,45.50720721512784],[9.517805610141128,45.50688307540108],[9.517866467280124,45.506540753837406],[9.517952935103304,45.5061983151952],[9.518241991700023,45.50561194044488],[9.5185953629636,45.50506127386583],[9.519186984464614,45.504477972721354],[9.519352043012827,45.50105228067469],[9.518589374131322,45.50107580024624],[9.517978057261077,45.501098984948676],[9.516362147372398,45.50139173076947],[9.5142295211678,45.50140473663832],[9.503596471380993,45.49255379714547],[9.498878316062502,45.48723688578974],[9.493568409235218,45.478528881433554],[9.492589434158258,45.47484262455656],[9.49156266240089,45.4649595701941],[9.488029037720747,45.456639746583704],[9.487074094920715,45.455396842704516],[9.48586181424883,45.45376732431906],[9.485391975648115,45.45312672248176],[9.484575488086035,45.45187000733567],[9.484020649183856,45.45054791255542],[9.483961821870675,45.45039642467645],[9.483721560850938,45.44921828802537],[9.483862929399546,45.44880921475951],[9.483908387313525,45.44868807277604],[9.472585895842949,45.44800488059352],[9.471615263378851,45.448152901976144],[9.470539283860967,45.44870318075308],[9.467891079516715,45.45014729191364],[9.461910380404248,45.45455638943464],[9.458998522980439,45.45821359188135],[9.456118461125204,45.4626897008122],[9.45660304460796,45.46409192552355],[9.458312413042986,45.4650932145763],[9.458507878590456,45.46553349047891],[9.45866720703046,45.46625293192361],[9.458355635595751,45.46698703810775],[9.457498824555715,45.46730175405471],[9.453567694022606,45.46840658361258],[9.451009160069145,45.46900178268102],[9.449768895766253,45.46907867711104],[9.43592747842349,45.46993344705813],[9.431679432263529,45.46690710247996],[9.43346907551762,45.46361491702662],[9.431603732045021,45.46044457417608],[9.427352157649203,45.458183275002234],[9.423251396891798,45.45541719116608],[9.41764685840207,45.450369016880224],[9.416395439936753,45.44500102009799],[9.411890567377794,45.43404492045036],[9.4154293460397,45.43216886513038],[9.42056516573355,45.43019682337014],[9.422041332802689,45.4276800538065],[9.423803060153622,45.42437324551833],[9.425416338252585,45.420589079494555],[9.418043927831445,45.41432904088906],[9.41109074786381,45.406812050681275],[9.409187277782864,45.40277581244383],[9.40804731726566,45.396802717834554],[9.400864677338694,45.394658874302024],[9.400040497965868,45.39735314981228],[9.39675174655734,45.398435759255264],[9.390229885812364,45.39981832308935],[9.38519488028382,45.39932140830359],[9.38468098873228,45.39890908227003],[9.383054010129971,45.39637620507033],[9.382910516911195,45.396049866913565],[9.38239220631978,45.39485724103023],[9.375723628818813,45.38721029737602],[9.375031563525127,45.379138464412065],[9.378497432420478,45.374086282642345],[9.378200175747608,45.36894803251408],[9.363631447695122,45.36566005375251],[9.359564772164957,45.36590726206516],[9.358086180345994,45.36753628419301],[9.355333785264438,45.36848094260596],[9.355223236002137,45.368463921071566],[9.353672090464269,45.36822506546816],[9.35336285127742,45.368000991626225],[9.352992353797482,45.367717185205514],[9.353206457008014,45.36522009371157],[9.35372670936709,45.36309658407756],[9.356940689292983,45.3600237433104],[9.359307086398086,45.35875979950942],[9.362431375892758,45.34621060447712],[9.36185690237471,45.346092214279416],[9.360721730154689,45.345898547831105],[9.35994010015476,45.34576520984315],[9.358061790318626,45.34546508010802],[9.357730884131271,45.345422999463935],[9.357485379115863,45.343126520416156],[9.359969113899766,45.34027430086419],[9.367535656487762,45.334413238091294],[9.373739420890793,45.32595851084893],[9.380580562673927,45.3188202989336],[9.383253921596168,45.31793371629756],[9.38424434728341,45.31911856499595],[9.387350213175012,45.319918238177685],[9.38904921397586,45.318987639351256],[9.392725387044928,45.31650555296585],[9.392176827996709,45.315023013937214],[9.391060217021476,45.31405470235453],[9.390673151315342,45.31377771257882],[9.388207797741686,45.31296177012322],[9.387517751416935,45.31279309429192],[9.386926028622968,45.31281287101724],[9.386666265348657,45.313273054259106],[9.386453084594983,45.313813859023035],[9.38467290408541,45.3145669755658],[9.381020755989407,45.314057158670025],[9.379573782584837,45.313251859335914],[9.37777899164293,45.31078716888403],[9.378258087325579,45.30916958382573],[9.380137968627805,45.307957152269374],[9.383370592138746,45.30696520925555],[9.383152415215502,45.305967514722205],[9.379708936121476,45.303043843356754],[9.377256124842905,45.30234987360624],[9.368999714626609,45.303232097395544],[9.36795736074445,45.304153446778386],[9.367351874504738,45.305199569003676],[9.366784431006243,45.3062185343282],[9.36631140728,45.311759869621035],[9.36180642698447,45.317440740452604],[9.354488910370241,45.31873463586171],[9.352643290926583,45.318772756043636],[9.345904354447429,45.31691310990431],[9.342373948799366,45.314998768275885],[9.338824331506256,45.312965457752924],[9.338007978551703,45.31455259934859],[9.333249963057577,45.3124872653901],[9.331627990251,45.31217693522038],[9.324735139350517,45.31819166123024],[9.318119985296413,45.324321759154486],[9.30740422077196,45.32690342136328],[9.287145087557576,45.33076164446324],[9.28226049324425,45.330113497574885],[9.281230653438135,45.32776380901797],[9.277996261659192,45.32603119177843],[9.2735267373757,45.32459266165162],[9.263513909394936,45.32569458688122],[9.256293621107435,45.325812620181615],[9.24756422587897,45.325349457321046],[9.237149051441392,45.32895662786752],[9.229764505376021,45.32965589507527],[9.227191327128788,45.327311681226874],[9.225937442255406,45.32646805027999],[9.22491474750722,45.32600199172826],[9.224161729052392,45.32595847401195],[9.220347623264226,45.32586688298615],[9.219186535433089,45.32589610417252],[9.218268565255682,45.326095907547646],[9.21822839850628,45.326122676184234],[9.218194621278277,45.32614522264046],[9.217403040553203,45.32667361617718],[9.216564889970416,45.327422313774306],[9.215919323747723,45.328170419785316],[9.215561178369903,45.32857638375939],[9.215103495368302,45.32902731338003],[9.21456946716588,45.32954139262057],[9.21392070182287,45.330091688988674],[9.213220833234539,45.33061511062104],[9.212508150533811,45.3311385157527],[9.210472691194376,45.33253748045392],[9.204849714261114,45.33370439077774],[9.201773920454336,45.332436140604024],[9.198906552862512,45.32265670574895],[9.196634690493669,45.316978354566636],[9.18689110313392,45.31201041106686],[9.184248871393242,45.31143858604177],[9.18235888636446,45.310838524876765],[9.182058556193612,45.31074179748548],[9.183695333332206,45.30817385705977],[9.188626012876796,45.30102773742728],[9.19370735740166,45.29500896512079],[9.196048970105853,45.293551253543946],[9.19744999111424,45.29302674626285],[9.198085163867903,45.29277360455804],[9.200719917265552,45.291319815607146],[9.200844477612288,45.291058524402764],[9.198639684301128,45.29082838703064],[9.192954673454285,45.29118911427279],[9.187564927434307,45.29222425144375],[9.183846515607,45.293895554529925],[9.183542961255197,45.2946791555018],[9.182529284536507,45.296355033464714],[9.180966444477908,45.298202810917665],[9.1806868040003,45.29850029446378],[9.17832709522258,45.29919636614062],[9.175193826193322,45.299427043627226],[9.164812543492271,45.29928946710479],[9.15951833565169,45.298306830163874],[9.15805074497309,45.298002833532955],[9.151320007593561,45.29883106438168],[9.14787925359662,45.304398429298764],[9.146925316433443,45.3054528231281],[9.142508145140198,45.30859989675958],[9.141069186974123,45.30961884197535],[9.140278997127263,45.30990785938595],[9.139105199478804,45.30983728889092],[9.138300445153064,45.30890212835254],[9.138097341352395,45.30842124359851],[9.134687694562436,45.307772269783456],[9.125917842223304,45.30863664994452],[9.109471010150038,45.306852192365874],[9.094607617803238,45.30483166425637],[9.079864160413445,45.30350144214424],[9.077705633303227,45.30489813713179],[9.07361619548309,45.307989134666734],[9.076872512167782,45.310168963224584],[9.080847512826978,45.315783576641486],[9.078123394784386,45.31583610181378],[9.06985100216862,45.314536291153715],[9.069737200362695,45.31437595882202],[9.069925950678156,45.3132310432977],[9.070495959554705,45.31155644533072],[9.071193740920465,45.30975572453653],[9.07187210657582,45.30641485648399],[9.070828855752094,45.30613740143014],[9.0608641052153,45.30424387653663],[9.058427358663058,45.30381307243371],[9.056693272769763,45.30366993399514],[9.041157128583169,45.30293847748573],[9.031694184168938,45.29731236171899],[9.031297725279794,45.29686946254557],[9.030524986496943,45.29617030881826],[9.030410752927166,45.29614529273283],[9.030337204448976,45.29620494155214],[9.030087159361859,45.296514301390864],[9.028626958251504,45.29855865715528],[9.02550928135021,45.30383867012506],[9.025127705532949,45.304495845838815],[9.0250099388957,45.304921746242286],[9.025002862060665,45.30496537329204],[9.025119986118547,45.30505394520861],[9.026813442980743,45.306205736855226],[9.02777085259414,45.306817598933556],[9.02867664662491,45.30704240933842],[9.02953069506893,45.306664130279856],[9.030278348326316,45.30600116553863],[9.030727287362858,45.30500755722237],[9.031695241818909,45.30382812679225],[9.03254927446028,45.30349482498541],[9.035392075238589,45.302787372164076],[9.036421143758776,45.303190255893945],[9.036299010221239,45.30362421312055],[9.034050765238115,45.310083394699284],[9.031684475490355,45.314512741853314],[9.019207556810096,45.32447557177995],[9.018021925809654,45.325222871477806],[9.014843946701559,45.324341148821176],[9.00976445185603,45.32281151038328],[9.001278019749938,45.31991347738198],[8.997373043277971,45.31863525963856],[8.995805523217212,45.32098455937601],[8.992145385520292,45.3227216399244],[8.991665387711116,45.322756104735014],[8.990039947725656,45.322446926227514],[8.988307335029758,45.321596139758405],[8.988685964037149,45.32051602202477],[8.989680345897545,45.31861681810914],[8.99536274444174,45.30874270452957],[8.996274914112142,45.3013075962529],[8.996258918110229,45.29659537422215],[9.007745556494125,45.29304410751938],[9.010040666893378,45.292809897969846],[9.013928391039524,45.29156729422425],[9.015190389094165,45.29109907152765],[9.015809174987467,45.2905900662297],[9.019101303279355,45.281785202383645],[9.018697475597271,45.28057770418873],[9.01809284932879,45.279051349681744],[9.017981669449796,45.27881171348756],[9.016411741163482,45.277011671323905],[9.015441351305464,45.276102650812895],[9.015087665572434,45.27590824428942],[9.01431926724102,45.275508713928126],[9.011681527551746,45.27614811638886],[9.009261052968808,45.277149232784936],[9.008966947810242,45.27735453969358],[9.008036713442879,45.27785869314736],[9.006978506385474,45.27806578610716],[9.006545017716357,45.27791280179264],[9.00279616547945,45.276391706254074],[8.993307213157264,45.2708225018746],[8.991290662303003,45.26674188529251],[8.983719367960216,45.26503075461603],[8.982938975749347,45.26499363551222],[8.981374753622548,45.26633562109318],[8.975590420676328,45.27184340597053],[8.974596422065954,45.27284234356896],[8.974112438179713,45.27359836134604],[8.97391121126352,45.274421924299396],[8.973845003166412,45.27471449636977],[8.962628533498858,45.280575794070366],[8.950148158299655,45.2868945525258],[8.948268624496636,45.28804890892272],[8.946589233655287,45.289080278736954],[8.944611111895881,45.29146471561304],[8.944534100367001,45.29244904514789],[8.944003433454398,45.301131912427486],[8.94369055548332,45.30912492759961],[8.943956708116858,45.310889323842055],[8.943993371365844,45.31234060340568],[8.943877464987997,45.31361671369436],[8.943175546208892,45.315083591557084],[8.941988083972833,45.31601913138571],[8.940520184787147,45.31671146912698],[8.93302873041911,45.3197227891755],[8.932275790416517,45.31984836510429],[8.931345884900036,45.31993780794823],[8.929674574263984,45.319837778201524],[8.928564982751562,45.319477041776956],[8.927468737181616,45.318684228450145],[8.926931668368184,45.3180839520804],[8.926810985389853,45.31794906318881],[8.920999620988317,45.31902200385632],[8.911221548089895,45.323646023230935],[8.909587293226007,45.32451786675966],[8.90626701276882,45.326378464534955],[8.905999328502611,45.32677267374388],[8.906278953029423,45.32711657015132],[8.906903154637197,45.32775617706252],[8.907527278498591,45.328224757284666],[8.90830478667871,45.328783458764995],[8.908954894959805,45.329216051735244],[8.909656009623511,45.32969368205422],[8.910764748794817,45.33063068803391],[8.911044873712722,45.33104496840477],[8.91119677209651,45.33143061218981],[8.911171397159814,45.331729161773445],[8.910928720836408,45.33211602766202],[8.910430317239939,45.33255670836141],[8.90975343784136,45.33287122457075],[8.908936590741082,45.333185626145145],[8.893986090078847,45.337987429908516],[8.887041891469275,45.33989559972006],[8.878128634899912,45.34161365131342],[8.872230226432446,45.34228231029534],[8.865869065398142,45.34426430429782],[8.86456596642654,45.34990021080827],[8.866431727244917,45.354706542391895],[8.862491452250069,45.36055474893839],[8.857934642946704,45.36268046078477],[8.851438816564597,45.36626371303957],[8.850717810933467,45.36670677434687],[8.850517935472531,45.36682959735972],[8.849838624371568,45.36776479229932],[8.847924552968795,45.37201988746024],[8.847539082328275,45.37328487254269],[8.847112880624291,45.37937276317557],[8.847074648628809,45.38410745212095],[8.847597645050358,45.38909476652684],[8.84764469512002,45.39033781487593],[8.846735521464147,45.39139793117529],[8.84531499634944,45.392314129805456],[8.842896694817354,45.39383795019038],[8.841477767402829,45.398542219766334],[8.830310380069854,45.411722526518],[8.82430862539396,45.4224063517939],[8.821919854234505,45.426761905777525],[8.822867819065353,45.42943403984196],[8.824374207967846,45.43011146216837],[8.825267053964364,45.4307609221044],[8.825839930030705,45.431544890041586],[8.826335726177385,45.432590032219764],[8.825832956545868,45.433948435336674],[8.825348271985332,45.43440187986642],[8.82494826956316,45.43477519436051],[8.82465931387092,45.43493262390401],[8.82432114325126,45.43511640106728],[8.82314388871069,45.43532148235469],[8.821277344052433,45.435372605251416],[8.819462114877878,45.43519855787144],[8.816485770137193,45.43432510342728],[8.814304121926956,45.43362156456121],[8.811513193387732,45.43793998721701],[8.811982864139447,45.43896689291544],[8.811855821662038,45.44012311791607],[8.81184246979622,45.44024446132114],[8.811824781307713,45.440361801931715],[8.810543521938639,45.444986329129414],[8.810202695161683,45.445695684369824],[8.810067368305933,45.445977328200755],[8.797429623277951,45.4576644054699],[8.789257992970015,45.46555020471732],[8.791204391281346,45.47009911415041],[8.790924962150362,45.47695109220439],[8.790886761312018,45.477521938753156],[8.79081771911471,45.478541998800125],[8.790807884441321,45.47868426139081],[8.790803747873563,45.47874234556798],[8.790580798669417,45.48020909159947],[8.790037251433738,45.481864285956966],[8.788992767803025,45.48407671237303],[8.7882183560021,45.48518751308403],[8.78748750259123,45.48623267281735],[8.787362952158599,45.48631089153098],[8.78678195694211,45.48667414120565],[8.78605813805899,45.48682959521221],[8.785910515995946,45.48686110262001],[8.784643893968145,45.48679571357936],[8.78369881875946,45.48652438105016],[8.782626429302132,45.48589898093855],[8.781976315082936,45.48546811841111],[8.781870868660704,45.48539818961787],[8.781419227551043,45.485098708297016],[8.781349059715355,45.485052180226674],[8.780476207664288,45.48483068968507],[8.77959827790459,45.48460804222041],[8.779383966952732,45.48459292421543],[8.778032988943734,45.48449797490504],[8.777461885084351,45.484457851788726],[8.777310771389335,45.48444867944726],[8.775597305595527,45.484379164959336],[8.775261429568484,45.48436555646644],[8.774532593127693,45.484505126992815],[8.773494261311592,45.48470399581168],[8.771750153748737,45.485582724207866],[8.77120265689751,45.48591238190054],[8.770171918633222,45.48653342061664],[8.768746213298623,45.48782669993204],[8.765174959839209,45.49113181439051],[8.763491250295122,45.49285654883849],[8.76264064237563,45.49426795200384],[8.761662126614635,45.49567013634628],[8.761336079446403,45.49596303418784],[8.760352145134892,45.49684689004397],[8.757082734725394,45.498062267153905],[8.756477444700415,45.498237716644375],[8.756211714042488,45.498314034869075],[8.756026588719074,45.498327012619875],[8.754956497903953,45.49840118317808],[8.750565230057905,45.498652707266146],[8.750375650613478,45.49862428069421],[8.749537636547561,45.49849766443138],[8.749232019387943,45.498450728064796],[8.74915037568704,45.49842258046321],[8.74885845009328,45.498321653722854],[8.748536966467018,45.49821045657777],[8.738534766614801,45.49846378508232],[8.727892429796954,45.50239940547554],[8.725555943836623,45.50380697922576],[8.724490129602088,45.50449749704896],[8.723513289107553,45.505314229741245],[8.722844172972351,45.50602370457642],[8.720502230631661,45.50894615810096],[8.715006056531763,45.51694971172577],[8.714387557050424,45.51787568634233],[8.713069742140197,45.52013148266381],[8.712565068030829,45.52117434205833],[8.712291818558143,45.52202874998822],[8.712424825677383,45.52357730586551],[8.7124853399942,45.52391110376604],[8.712561573622834,45.52433085396095],[8.712815470110797,45.524874530631806],[8.714045674466727,45.527190732042634],[8.714413633622808,45.5278757113922],[8.714923525241643,45.528336015552846],[8.716948933873528,45.53431681236699],[8.712890931548163,45.53769195471455],[8.70910611066759,45.54390198950143],[8.708521676253541,45.545448683278885],[8.707755165541744,45.547516941735516],[8.7076513351019,45.54781623861269],[8.707221920602347,45.54906375973575],[8.706164839540952,45.552787511153454],[8.706096640434007,45.55358854019381],[8.706878912375792,45.55831450240802],[8.708782937518057,45.55925227195394],[8.712386547610166,45.56115160443759],[8.713830548273487,45.56192031574218],[8.714341511065502,45.56223663188733],[8.717045496893196,45.56474570205326],[8.71793830616472,45.565584996308296],[8.718472377375019,45.566414405200774],[8.718865388493812,45.56726145567326],[8.718880779698093,45.567649302066066],[8.718899432145918,45.568134604305406],[8.718932269659536,45.569259802019566],[8.72348188573802,45.569234941750764],[8.72381373276779,45.56689549747103],[8.724317467700002,45.56608661412177],[8.725039211863312,45.565242269950815],[8.72585100200835,45.564317121607594],[8.72650746174263,45.56371562750442],[8.727498079706873,45.56288083357909],[8.728732963504209,45.561893664684334],[8.729594624769184,45.5612386280401],[8.73021105836767,45.560952054026686],[8.73203208815066,45.560650391238454],[8.738083485933522,45.55992647022701],[8.739171341592893,45.56018994088458],[8.745397089916558,45.56336334749127],[8.749508045860614,45.56677479616979],[8.747740684070823,45.5722615013209],[8.754180992710927,45.57362552094632],[8.76460206295749,45.576401914035756],[8.767094432034055,45.5780811925052],[8.768453358569872,45.58288596124811],[8.776377160371304,45.587216468482],[8.778878929903003,45.58690749870713],[8.782250331238329,45.586499877411896],[8.78227573438475,45.58656744143075],[8.78266913507193,45.58761686722766],[8.783784247327906,45.59095816175902],[8.785974858434624,45.59819018940136],[8.78871988224229,45.601246442955905],[8.797165947018117,45.602377886690675],[8.804644188147321,45.60167990651731],[8.811000204883777,45.59899696261087],[8.814553492675346,45.59616258546946],[8.811206511540798,45.59559633555847],[8.811096736687901,45.59391999935624],[8.811054880299684,45.59328066733212],[8.81191424162955,45.5907920053998],[8.815092898306567,45.587673152552675],[8.819949494366206,45.58324432753078],[8.828335173202657,45.582438087349935],[8.834680640649482,45.57789284561684],[8.834743421354336,45.57709939178106],[8.836175965043404,45.57055922611308],[8.837002218718938,45.56846317880006],[8.845761473967894,45.570779607360905],[8.865976320626116,45.57593562247821],[8.870365589367031,45.57720985416951],[8.871146769692636,45.57749876770424],[8.872260102917883,45.578283092668535],[8.873587910021792,45.58059782576279],[8.873637280138338,45.58144396072129],[8.873584637723473,45.582055963735016],[8.871818513502776,45.5864554626419],[8.868720266600615,45.59023233117905],[8.868527235023944,45.590547144847584],[8.867960689437895,45.59159958318952],[8.867824924943772,45.59201540518129],[8.872614335883322,45.59732040636165],[8.875970256317451,45.598854258722625],[8.876277694617364,45.598989601386826],[8.87986954337618,45.598201349579085],[8.886005534272453,45.600317128222514],[8.897644319917132,45.60450655513093],[8.911564686195266,45.606327482934816],[8.9154877839776,45.60743216993485],[8.919793874871509,45.61166296158842],[8.924643627273515,45.6174206044102],[8.93349013521075,45.622386409704376],[8.934087404639328,45.625257182582075],[8.932426451502625,45.62646170045449],[8.93122267230746,45.62859482180473],[8.9302968629874,45.63099073500819],[8.92959871495588,45.6346064278946],[8.932328573740152,45.63708330645285],[8.935995711099054,45.639263623745826],[8.940586581158714,45.64178630615267],[8.94428307244396,45.64092414238711]]]]}},{"type":"Feature","properties":{"name":"Bergamo","abbreviation":"BG","plants_major":41,"plants_minor":47,"plants_total":88,"aggregation_note":"Conteggi distinti nei consuntivi provinciali SIRe 2025; contesto depurativo, non dato AMR."},"geometry":{"type":"Polygon","coordinates":[[[10.100775059266647,46.08989150083567],[10.101908530065428,46.08899856860801],[10.103244594869947,46.08788766131277],[10.104133528168083,46.08511600165389],[10.10398735407948,46.082975363317665],[10.103318728364236,46.08122677627836],[10.102930107510144,46.08054651883688],[10.10039465896839,46.07726788408492],[10.09709991069947,46.074158486224846],[10.092690691763185,46.06828757604334],[10.092220004887562,46.06146990080468],[10.092424139452785,46.06067592368363],[10.095446097660462,46.0559308753158],[10.096166071639558,46.05507792520371],[10.097303456119548,46.05376196881126],[10.098571282408077,46.052507768989855],[10.099808341656082,46.05165883115472],[10.101318349202245,46.05088827968308],[10.10260876416724,46.05077683707795],[10.103722360493203,46.05087408253114],[10.104748900857489,46.05114317654361],[10.106089407529803,46.05159821180915],[10.107512345180641,46.05229546549971],[10.121652940092638,46.05925873540288],[10.134688098331063,46.060057081327564],[10.146657094029788,46.056175521984336],[10.162731473583298,46.05704813005199],[10.169558413386193,46.05704937318903],[10.170101642815688,46.05527191012089],[10.170295140835103,46.054639905213264],[10.17070965999363,46.05406865715378],[10.171188425162226,46.05347872058641],[10.173903377770959,46.05227184537705],[10.175803105953992,46.05164028148321],[10.178120294840499,46.05179642925563],[10.184653891239485,46.052061889524964],[10.187677451215594,46.05200352128701],[10.192194961770983,46.051686463590684],[10.19273582291953,46.05159081396853],[10.196768841894507,46.04979361363245],[10.197649624943821,46.048083319371585],[10.197691588750757,46.047632867193556],[10.197750966588353,46.04738924834502],[10.198017090550769,46.04714344429258],[10.199774412561856,46.04652198666158],[10.202006840625845,46.04586852086668],[10.202924384538468,46.04575085147924],[10.203919207941592,46.04573137967919],[10.204332718899545,46.04572702266547],[10.205149538676489,46.0458444174222],[10.205552483454722,46.045948163421095],[10.206137715557071,46.046113005531105],[10.210011112438252,46.04836991438935],[10.210935679955673,46.04919433015703],[10.211266644115398,46.04955086140628],[10.211789733127922,46.050418336866834],[10.211925072445077,46.05069591569543],[10.212040264521063,46.05123471233589],[10.212204785572034,46.051664970773444],[10.212603143007152,46.05214675540596],[10.212959158603276,46.05246698474734],[10.213260952192519,46.052670797805604],[10.213640270405508,46.052873766990274],[10.214081045900192,46.05293208751412],[10.214778816782248,46.05291572346892],[10.215282057598834,46.05287437349586],[10.21582226856123,46.05275161779632],[10.216231879439718,46.05256726609425],[10.224921927879507,46.04862232194314],[10.226459526478985,46.046265665270084],[10.226366296947281,46.040884499264074],[10.229817623678798,46.0374183023577],[10.233404267496795,46.03482357270199],[10.241795454409381,46.035020705827996],[10.249242828497954,46.03576756489749],[10.254916144993937,46.03063822193158],[10.255078594103766,46.030393440480076],[10.255234902862986,46.029878706986416],[10.262210024363501,46.02076003874916],[10.26127584113086,46.0171037470337],[10.261012616690005,46.01689063901662],[10.260737099094836,46.01670466989004],[10.255575010313187,46.01351237849868],[10.253806746920628,46.01243375950326],[10.253427562884573,46.012230920028294],[10.252919235221201,46.01202947732349],[10.250081431858034,46.011061523864356],[10.24785260393403,46.01131988735977],[10.245676795928453,46.01164065108253],[10.242431320852054,46.01149597004408],[10.236999190764323,46.01118588058471],[10.229580712224513,46.010419921864866],[10.22734006085109,46.010147003281794],[10.221614300346708,46.00939831524746],[10.20620083271756,46.007437980321235],[10.204977786305609,46.00702787184952],[10.20002989803737,46.00518987037826],[10.197692103779877,46.003990355134256],[10.1945649529156,46.00211500901838],[10.19276774741355,46.00081973339857],[10.19272069796791,46.00077071503695],[10.192640145962976,46.000290037488476],[10.19150336064776,45.99666577926844],[10.190061113454924,45.993242663332886],[10.188834845078553,45.99145536126327],[10.184385083698885,45.98866644884388],[10.1801914547639,45.98697275497784],[10.179740604832528,45.98702240448769],[10.17925083203125,45.98706347777056],[10.17874662857569,45.987032661986504],[10.17838155408479,45.98686542812969],[10.178092033654796,45.986607405413025],[10.176242529095811,45.98462838517262],[10.17607033006019,45.984423139538634],[10.17587989725382,45.98396608717506],[10.175909098336346,45.98351576955761],[10.176308261241529,45.97858846471259],[10.176655609602046,45.97670380610336],[10.176966785803865,45.9755485526953],[10.177137936981753,45.97509677195786],[10.177820541900505,45.97441471186097],[10.178099309671174,45.974168819784786],[10.173401353954251,45.971148025833955],[10.160066890963844,45.96740501203185],[10.144240218067328,45.96413543941955],[10.143065804626916,45.964138198384106],[10.14110169268857,45.96402280867899],[10.139950143883373,45.96388131074372],[10.138016100319287,45.96334255364193],[10.13471789789231,45.96235830473858],[10.133522548823583,45.961965163133875],[10.127916957239178,45.95983352485708],[10.127669626196965,45.95972796845977],[10.127148760439217,45.959499102601946],[10.12658793650131,45.95920762506908],[10.125153183602858,45.958456725498266],[10.123676873942989,45.95756220182879],[10.122932003194357,45.9571015142978],[10.12132326688332,45.95603725964135],[10.120719446241017,45.955530161119725],[10.120181036853937,45.955067412408994],[10.119603232913063,45.95456904794124],[10.119234017450756,45.954176654986014],[10.118916592137339,45.953792747868114],[10.118530692428086,45.953211504234375],[10.118168985520164,45.952549011042876],[10.115897144065698,45.94800800277237],[10.115388088983787,45.94642890968914],[10.114791285889327,45.94111548900933],[10.114474575831775,45.93780705740813],[10.111306987272698,45.93459724625061],[10.106583208057042,45.93187095007824],[10.100474853043368,45.92955369160536],[10.09686080931442,45.928112412450744],[10.092593115316088,45.92424710706861],[10.093239375616603,45.92037972522565],[10.097964513145204,45.91214399756105],[10.096402009087795,45.90744276022686],[10.100295285002405,45.90089797087822],[10.1006448007509,45.90031857293308],[10.101684159236902,45.89876947525794],[10.102175417078612,45.898188705662335],[10.102908503230767,45.89745260662557],[10.10472887859964,45.895643921468626],[10.108374146956644,45.88708514295321],[10.114318425154195,45.88206803456634],[10.124071485637025,45.87683320432381],[10.134066687731435,45.87218917292337],[10.136100970587911,45.87211495517336],[10.137802934394196,45.87153999369492],[10.139092246500846,45.870951112217526],[10.147132275678254,45.867198423088425],[10.147424851010053,45.86701546770041],[10.147651706387393,45.8667701854586],[10.14915460906747,45.86467597119978],[10.149451105845882,45.864060935454],[10.149800181887624,45.86309592276311],[10.14700969079096,45.8543468826304],[10.143656972565662,45.85039327365583],[10.132892141957477,45.84443196658497],[10.128649780352015,45.84137090769894],[10.12216616610245,45.83658343535017],[10.121891647578883,45.83637912712905],[10.12166934674878,45.83621030461183],[10.121392987669058,45.83595200934055],[10.119129404594432,45.832833026368476],[10.118810701555232,45.832350119459484],[10.118409737297043,45.83161599848897],[10.118061712912437,45.8309533569416],[10.118043558315238,45.83069249117921],[10.118310102744417,45.830500868657055],[10.117643374830703,45.82678114904531],[10.108097931716802,45.81547035352975],[10.101236427784684,45.80955127930247],[10.100832576133447,45.809303151946295],[10.095844073881574,45.80693900196844],[10.095519528119237,45.80679808265824],[10.092586199703753,45.80553010381472],[10.086816426998226,45.803325970679886],[10.079225645128904,45.80142677434075],[10.077011706299304,45.80085364982612],[10.0763635499587,45.800481746626176],[10.072743435466489,45.79825662855924],[10.07160810772424,45.79743022652293],[10.070780349563735,45.79653792589535],[10.066574065767126,45.79188792714658],[10.064597343391398,45.789431191322954],[10.062485998546833,45.78665162750866],[10.06110746550802,45.78383820837981],[10.06029118273609,45.78217170024107],[10.057373260082189,45.77616823411344],[10.0571557456389,45.77554920961061],[10.056883057052733,45.77473266257907],[10.055244032628199,45.76830333499029],[10.05513688242512,45.76739524525937],[10.055005178048441,45.765866360688506],[10.054885484296186,45.76429233029021],[10.05489187397004,45.76326619313734],[10.055187519167164,45.76189537189015],[10.055574509042035,45.760595688287616],[10.056256433167627,45.75857322898155],[10.05677805885346,45.75759633586621],[10.058486615233518,45.75479030466812],[10.058987211398462,45.75406559925658],[10.060718552393492,45.7524744038404],[10.061021953036597,45.752201567701924],[10.062765872147862,45.75060124200175],[10.06337814857927,45.74966847069784],[10.063813520729676,45.74889935654627],[10.064576247979819,45.74709211148528],[10.065185895394917,45.74534927656061],[10.065794991046443,45.74357945773355],[10.065971018596095,45.74269575427022],[10.066306736017564,45.74074846116628],[10.064828768897081,45.7333276476379],[10.062029638483192,45.72194970606611],[10.059778528559418,45.713671917079054],[10.059612819937566,45.71306140380638],[10.059489124312307,45.712040961670205],[10.059120413411852,45.708844605969205],[10.059305339634316,45.706988730420086],[10.059400668002743,45.70616878668266],[10.059587960242244,45.70511845470999],[10.059775995833679,45.70444615095772],[10.060635450528032,45.70191795020653],[10.062188509649818,45.69858672349176],[10.06477353425247,45.693004679654955],[10.06520160771008,45.69179007772727],[10.065301281998755,45.69150112320163],[10.065344031313836,45.69125769570086],[10.065507711340986,45.68990155361517],[10.065509200735178,45.689293186171724],[10.065509079967326,45.68924462399751],[10.065400162396669,45.688327570711685],[10.064943109523584,45.6865766719019],[10.063998608127807,45.68417326221277],[10.063665344436332,45.68352829346086],[10.063164149541633,45.682830894911525],[10.062693598449,45.682394248091754],[10.062198046161043,45.68199381370311],[10.061065767746166,45.68119426867705],[10.059572146805227,45.68029903945869],[10.058741148320934,45.67981170819295],[10.057418769918858,45.67913988286784],[10.055631689621944,45.67833734746671],[10.054545170593057,45.677915333800335],[10.04941066739941,45.67593743761532],[10.046715204940762,45.67529610429249],[10.044371775781554,45.67493951438915],[10.027725315170755,45.67388439354013],[10.0250013946613,45.673773840158624],[10.006133050908058,45.67263647993139],[9.999832460782736,45.67210668230344],[9.983824244940312,45.6692754652438],[9.975133701304138,45.66743280377765],[9.974015412662846,45.66702830463147],[9.97350857585677,45.666672577292694],[9.972872854380427,45.66629089138177],[9.971902088382251,45.66583112311795],[9.971410751301132,45.66562827346508],[9.968683228150361,45.664535329033015],[9.967948053130952,45.66433455076462],[9.9672391595489,45.66416954524958],[9.965682240176474,45.663957697291416],[9.964937038598132,45.66391897995712],[9.964474670712855,45.66390489269716],[9.963409340080904,45.66391388217439],[9.962422443860772,45.66400319827159],[9.961897732557496,45.664097630341324],[9.961462866251207,45.66419130295358],[9.959020512985267,45.66475182765059],[9.958650597140316,45.66488994156641],[9.958331711766535,45.66500963429056],[9.957783451140255,45.66523023871147],[9.95735059045802,45.66544089684331],[9.956950618079333,45.66574576838147],[9.956717755660758,45.66593160362323],[9.956049797464845,45.66646437308224],[9.955819903093104,45.666594816197545],[9.955745993014624,45.666628467884564],[9.955534242904495,45.66671406915313],[9.955296058650914,45.66680310260648],[9.954205948452982,45.667020595936435],[9.953195080417759,45.667176162062745],[9.953067033045977,45.66719586408845],[9.9520056112632,45.667200218610425],[9.951482053742469,45.66712808013258],[9.943068315012875,45.66529868088506],[9.941381058235308,45.66483388275272],[9.939387966767583,45.663502238165314],[9.939214800265933,45.663383722286326],[9.939179095033753,45.66335451447825],[9.938730739965418,45.66296350558163],[9.938517423235353,45.66272301157624],[9.938264093711169,45.66242834263322],[9.938132962982051,45.6620861979796],[9.938116033621524,45.66204052149877],[9.937983378268845,45.661680839205594],[9.937975548935462,45.66164792057218],[9.937968760840509,45.66161232281986],[9.937971004930386,45.66145814407623],[9.93798209200345,45.661128169821794],[9.93808370732795,45.6608281011701],[9.938133155436622,45.66071696773973],[9.938222890696181,45.6605233395282],[9.937569295111517,45.65728857426943],[9.934407499809927,45.64983441959365],[9.934117271020622,45.64935974603292],[9.933687071392537,45.64895823672745],[9.93232124084293,45.64793950793068],[9.93120655493039,45.647187338449946],[9.929898191442735,45.64645088691525],[9.929330501846545,45.64626648714113],[9.92897018320414,45.646206411368226],[9.92829646467399,45.64621027428987],[9.928169856892136,45.6462150915565],[9.928006791064108,45.646222816032605],[9.927585168943056,45.64626268065046],[9.927290631704281,45.646301073833335],[9.926638474072192,45.64644137435089],[9.926154586211467,45.64667031990296],[9.92548667999202,45.64741380186025],[9.925348499434392,45.6475949461049],[9.925054132467947,45.64798300732201],[9.92491185293558,45.64835456819418],[9.92449418904119,45.648708983373375],[9.924190861811867,45.64887241211955],[9.924138006492393,45.64890088750321],[9.923046596648524,45.64948044309624],[9.922955500704152,45.64952337096848],[9.922794887156805,45.64959016194666],[9.922532672211004,45.64967572559307],[9.91861516176028,45.65084796054353],[9.917726316749789,45.650788671583285],[9.917325422953205,45.65060287037192],[9.917031302891473,45.65025509145659],[9.916985183613829,45.65020055694757],[9.916695537291515,45.64975283818936],[9.916003461085136,45.64840232224614],[9.915873456192735,45.64813033776232],[9.915824530756463,45.64746467768715],[9.91589166743837,45.6468880287991],[9.916037151958557,45.64636481745275],[9.916183635254631,45.645904606166056],[9.916381141998743,45.645425974499204],[9.91666907669633,45.644982616972925],[9.90962095261566,45.63528200362736],[9.902168401859191,45.625008071487194],[9.899985723964338,45.61914668646007],[9.895657325971243,45.609568487526275],[9.89496850445944,45.60837840250696],[9.89349280852837,45.60619235544715],[9.893256984743681,45.60587916514444],[9.8926715837544,45.60535269732219],[9.892078632298391,45.60484139268373],[9.891896730490265,45.60468500050916],[9.891589767664572,45.604425663280395],[9.888124869168296,45.60275722326601],[9.887879424032546,45.60265375665583],[9.887448345143993,45.60265710647847],[9.885181156793012,45.60446307327983],[9.884778098963949,45.606530352350305],[9.884144975828175,45.607664755031564],[9.878465940794056,45.61046733211487],[9.877969252553617,45.61067830645882],[9.877470490208372,45.610871159389625],[9.876821873625637,45.611119153768016],[9.868982005565748,45.609207873991494],[9.851849642003135,45.60335130845715],[9.853891083671407,45.59583753380958],[9.85602274896591,45.58854057145221],[9.855030342445843,45.58408097435164],[9.854782617012328,45.58370720761369],[9.854185349284295,45.58330579411504],[9.854014738986429,45.583223928228534],[9.85369629356445,45.58307627592667],[9.852913776560607,45.58303712527814],[9.852325961332719,45.58315853147732],[9.85198188796501,45.58328717108934],[9.851051668145832,45.583654139029754],[9.850409482538833,45.58389706806355],[9.849724478525495,45.584113793188614],[9.849276418620356,45.58421524813528],[9.848707320922541,45.58423238080911],[9.848464180459366,45.584239696564666],[9.846985737703394,45.584121815193505],[9.84588028560156,45.58394517682104],[9.845788620808605,45.58392613073016],[9.84496402098017,45.583692584713354],[9.844635587479152,45.58355628003105],[9.84396876079933,45.582788070397065],[9.843326587204478,45.5819153564986],[9.84175700086308,45.57936524326975],[9.841701778578948,45.579012709961525],[9.841716025432685,45.578797830531514],[9.84175181616388,45.57826987604248],[9.841824675482892,45.57788276017676],[9.842524947064325,45.57388300879386],[9.843063476156217,45.57017284480132],[9.842289073561858,45.562584724209174],[9.840828150692197,45.55913911033861],[9.836758519180655,45.55515455830001],[9.836593103560764,45.54918811173933],[9.839954226066416,45.546922195478174],[9.846519179333987,45.544767490061304],[9.851453004425332,45.540662361242305],[9.851979186857708,45.53308866771992],[9.854557582622391,45.52490547246591],[9.858801175269317,45.51598059565625],[9.862540370959698,45.510155756928185],[9.864656776365964,45.499554463666236],[9.869248816242854,45.495271144171205],[9.872889054997284,45.490589698124715],[9.875233925844602,45.484991130757834],[9.876730441571697,45.480830060706566],[9.882247820446274,45.47361376369409],[9.882579871338882,45.47357519633116],[9.884366422341534,45.47329124727038],[9.885641109752273,45.472993334229685],[9.886033859696608,45.472900353693035],[9.88611273877389,45.47288167187932],[9.886787893164513,45.47269640544885],[9.887078419708569,45.472460122886716],[9.8902900054956,45.46676545843595],[9.892172474383887,45.46125007004082],[9.892254870442498,45.460799345942846],[9.892186101512541,45.459683728044084],[9.892139922491682,45.45918903448995],[9.891935182550982,45.45837152097876],[9.891812410659483,45.457886421090656],[9.891521280409933,45.457267603478414],[9.889341422328659,45.453804506405376],[9.887770912273858,45.44811565290661],[9.887616396400826,45.444786429941864],[9.888948701651877,45.43843021184234],[9.889325935149415,45.433143583432965],[9.889613962951483,45.427331257050795],[9.88737610438709,45.42754343490397],[9.88489986474584,45.4281741277399],[9.88247894852423,45.42938927288811],[9.881055706958788,45.43075944999531],[9.873538633699093,45.43323849812376],[9.86941991976931,45.43227079728978],[9.864454743901065,45.43112023646435],[9.863181645214055,45.43146299514246],[9.858877137397096,45.43339470817496],[9.85775212045385,45.434240270050736],[9.856739958245248,45.43578706827166],[9.854336285642864,45.44001763245919],[9.853564821606883,45.441427568178455],[9.853084061441434,45.44346543313047],[9.852663009217515,45.4452238077009],[9.852162927781755,45.446829747060576],[9.851521134683782,45.447518615595854],[9.851291350099308,45.44775886922078],[9.851130843405338,45.447926582791496],[9.847982394134561,45.45116340929428],[9.846513078712926,45.4521104430697],[9.845107003272116,45.452156857517025],[9.842980397760202,45.45191154239178],[9.840929874441708,45.45162061060219],[9.840057269682797,45.45142001348037],[9.83832259525014,45.45000156966906],[9.82889423841645,45.4532657801908],[9.822993589759315,45.45556770517188],[9.814166496123017,45.45302064310741],[9.817839244332335,45.44936690578933],[9.818274920332085,45.44942679309961],[9.819926893585649,45.448703859055314],[9.821639768427664,45.44777342471495],[9.822792878938897,45.447045040669245],[9.823704970804762,45.44645339548251],[9.824120089641557,45.44617360949971],[9.82088663830953,45.44345827968555],[9.816907204334377,45.44149755548883],[9.814280930456457,45.44025615024721],[9.810958197119408,45.438587567145156],[9.810478035612014,45.43184008696984],[9.807354540111985,45.42527333224332],[9.799880081553786,45.42551495971008],[9.774752794156726,45.42952264919163],[9.768711352030182,45.43367700197678],[9.769593005079804,45.43458019574629],[9.770307850549656,45.4354394906234],[9.770659027984932,45.43587818287497],[9.770785466255807,45.4367144367261],[9.770561320797324,45.43809312983048],[9.770258488419497,45.43932832304633],[9.769763383744547,45.44052882868491],[9.764618217086502,45.452453916652544],[9.762653619202181,45.455662463568935],[9.76205044920025,45.456219966081605],[9.761643103242164,45.45659640815504],[9.760307902870107,45.4565695526751],[9.759108884146332,45.45646025169274],[9.756303254425122,45.45610982615665],[9.756221100966714,45.45570531174808],[9.753292789947317,45.455742673130416],[9.748685535988827,45.46228078644096],[9.747992858125102,45.46600279203304],[9.746192040339658,45.46815684075944],[9.737226162680756,45.474173732864344],[9.726350388859707,45.4770787713011],[9.720157056636245,45.48130864915782],[9.71885325698932,45.482139840305415],[9.715170263388297,45.48266518809693],[9.713921590913555,45.4827288075769],[9.712116960743497,45.48269507488641],[9.709274815151538,45.48257771673986],[9.708568078028982,45.48237033514317],[9.708484121429965,45.48234532499403],[9.708260268089168,45.482278040592064],[9.705389354838426,45.478830328672295],[9.705150842359044,45.478481089297205],[9.704985218707545,45.47823828137467],[9.700888178156038,45.47020345162468],[9.698303311556394,45.464508136426666],[9.689839448024651,45.45842973219546],[9.68832046743548,45.45355132009255],[9.685363410774826,45.44382085760253],[9.683362972407755,45.44123151062337],[9.66295111972415,45.437544267469086],[9.656668736172406,45.44485349928161],[9.6566672088499,45.4458256265476],[9.65652286353302,45.44660956773658],[9.65552267102752,45.4485775590235],[9.65518480547809,45.449218580009806],[9.651883002249093,45.45233387397937],[9.646361105805036,45.45594769753709],[9.643473634389345,45.45768699917256],[9.639572062819019,45.458407243943505],[9.636964352173642,45.45853883676239],[9.635493576446896,45.458547029088336],[9.62867170931587,45.458125743243535],[9.626390346757107,45.45654507062995],[9.624094767388073,45.45598156327],[9.620039580087276,45.45590463753089],[9.614152461035786,45.46261527788751],[9.607608496872984,45.47142637997996],[9.599527785688007,45.474259512330114],[9.592053757493016,45.47402841513986],[9.589223073521135,45.47371897264829],[9.585381291859669,45.468419099861364],[9.584434948469635,45.46720879367812],[9.583295176998886,45.46584644248565],[9.575552219527063,45.46020151672438],[9.569876207506624,45.4594693759787],[9.557781804165572,45.46001513487632],[9.554521794652064,45.4601750360051],[9.552055941443147,45.46045700656495],[9.54798176882963,45.46107970361745],[9.545424032507801,45.47040811213337],[9.542709200869512,45.47812597074202],[9.544116441554378,45.48740844384109],[9.538434650505067,45.49009069088469],[9.531025554857452,45.49423886294744],[9.526499330777789,45.49745520196063],[9.519186984464614,45.504477972721354],[9.5185953629636,45.50506127386583],[9.518241991700023,45.50561194044488],[9.517952935103304,45.5061983151952],[9.517866467280124,45.506540753837406],[9.517805610141128,45.50688307540108],[9.517782969155812,45.50720721512784],[9.517772569078906,45.50746829053874],[9.5177837172412,45.50753803926642],[9.51784046260106,45.50789102415448],[9.517942750992779,45.50805257891824],[9.518015401959053,45.508167262298784],[9.518664683221514,45.50842735509906],[9.51958543656155,45.50832416000844],[9.527108903290696,45.505906210999434],[9.541222072643256,45.50149734339328],[9.541554231952663,45.5017864411013],[9.548664698179275,45.511689544118184],[9.55146342790537,45.51903898068121],[9.551562593750896,45.521324776797904],[9.550940676934918,45.52319998590076],[9.550297013207585,45.52412934187604],[9.549979298702489,45.524187565472126],[9.54511417194161,45.52453212905721],[9.537372119123575,45.52939440194764],[9.530329410435243,45.5359619266318],[9.529619027074144,45.53686581878581],[9.529456112033037,45.53707310927625],[9.528915271206925,45.53812873875968],[9.527242292419794,45.54139483379908],[9.52675545474881,45.5427562413247],[9.526333576257407,45.54421633915437],[9.526054567921166,45.54589182357865],[9.526026966039678,45.54705307415492],[9.525008270725042,45.55871406228795],[9.529268923877547,45.56524694724847],[9.534780091555668,45.57310624624177],[9.538022358894237,45.57978777673197],[9.538324625999845,45.58056942672043],[9.538525941808475,45.581513586212246],[9.538582378435663,45.58205336836431],[9.538597683194972,45.58231433728608],[9.538601960579916,45.582764341641166],[9.538543641818775,45.58336767537297],[9.538508538375634,45.583718859581566],[9.538338159759492,45.58408421254798],[9.532475212515376,45.5950163191265],[9.523760081880335,45.61403028947271],[9.520454321869922,45.62056225674938],[9.512590967716973,45.62614239685899],[9.506335430722368,45.62808748299078],[9.496987990070872,45.63152185859542],[9.49554655202906,45.632464223712184],[9.495314197629444,45.63376134756762],[9.495852141866335,45.639659054494594],[9.495902621239676,45.64083346903856],[9.495848968667467,45.643479957333],[9.495745643491192,45.64485753578217],[9.495084272235486,45.64844274019232],[9.495009031443518,45.64864109970513],[9.494895884875017,45.64891159192884],[9.494310947359756,45.64952619773055],[9.48839258771072,45.65587531370163],[9.488489329614316,45.65598683432561],[9.488614612836392,45.65711139962206],[9.48740928803764,45.66303127582691],[9.485185270668167,45.667415341116865],[9.47657545057398,45.669268308838525],[9.47203295964667,45.669521272395286],[9.471225637037739,45.6696956317322],[9.470662493223545,45.66990496784581],[9.469737779674697,45.67053766471611],[9.467842618883036,45.67200463104562],[9.467460327618493,45.672348232576496],[9.467643217664099,45.67272552149609],[9.461902397914665,45.67873450588562],[9.458689280626196,45.679935551354276],[9.454505338012433,45.68177943233903],[9.454453011401483,45.68180269618683],[9.453060692796402,45.68256824831977],[9.451284255076837,45.68363729250323],[9.451094827514716,45.68403406814724],[9.451008042504089,45.684421435644246],[9.451985097220527,45.68924199016135],[9.456290948843451,45.69609246971381],[9.459354478889127,45.701597695165596],[9.459531816222887,45.70200342317226],[9.459655655055844,45.70229854080702],[9.4586051169936,45.70561199043195],[9.45832939723658,45.70640435682872],[9.458071779354219,45.70711091531398],[9.45748649254554,45.70795848190971],[9.45746296236807,45.70798453627472],[9.45607983348066,45.70923642924744],[9.455002720322906,45.71018757504166],[9.454381008561851,45.710724809028164],[9.452745945073774,45.71198408838342],[9.452249913151388,45.712283930170045],[9.451763045718923,45.71250532212842],[9.450441888128053,45.72426998485104],[9.448509784934643,45.728525929004505],[9.445835162117815,45.733189775562806],[9.446035133517533,45.73408906420361],[9.45197964190615,45.74185581483601],[9.454736992315075,45.74363155562207],[9.456198676245618,45.7447418151981],[9.456303522548932,45.74485642886294],[9.456756496843072,45.745351690958124],[9.457134141137312,45.74594421595929],[9.457117186635347,45.747015375157524],[9.456878667227524,45.747718383300274],[9.45662675550673,45.74835844003511],[9.456437810887733,45.748836232930145],[9.456145115930827,45.74920641995236],[9.45197905531777,45.75381333379113],[9.446408042161607,45.75991062158557],[9.456337924623648,45.76183351227342],[9.457131519772584,45.76138030792873],[9.458309055676757,45.76070953835706],[9.45864258801399,45.76060919464065],[9.459040991632921,45.76058058977784],[9.459439592044395,45.76057898762609],[9.45979970937753,45.760586534289246],[9.460108398410984,45.76059430583432],[9.460455936573428,45.76063790040692],[9.461590324467709,45.76097535444734],[9.469833909770415,45.76720619652341],[9.470612848035334,45.76807605248579],[9.466204430450944,45.77150534925397],[9.463878330895893,45.77327894024958],[9.463494806836872,45.7735595223328],[9.463085693978158,45.7738581974482],[9.462637986190856,45.77415704536579],[9.457764094810976,45.777407907555535],[9.451130263813639,45.78161426519495],[9.450791418116408,45.78202365997404],[9.450591813975871,45.78241477241121],[9.450417692962136,45.78282351718731],[9.450231342325518,45.784413329582726],[9.450121740118945,45.785415020893865],[9.450319025526802,45.785938283531266],[9.451400837643916,45.78682192645563],[9.455504935077016,45.787897755135866],[9.45724037205377,45.78823734986442],[9.459764030412023,45.7859118747503],[9.46254171635323,45.78440435995966],[9.468696872648813,45.781859187219425],[9.474659547264704,45.78321273705863],[9.477383358547938,45.7846819501721],[9.47860277500045,45.786512158245785],[9.478283445549373,45.786783506212466],[9.477760546123697,45.78731673815917],[9.47751835414563,45.78757876608847],[9.477469791459942,45.787920997896705],[9.477574497169146,45.78812756621911],[9.478699368494556,45.79028301733089],[9.479545958128865,45.79148553729176],[9.48097419582319,45.792991651189894],[9.481581296418208,45.793268098850795],[9.482031848035428,45.79329320369816],[9.483376724425014,45.79332802059641],[9.48634238407104,45.79331995135613],[9.486689544621305,45.79329146839477],[9.486998025277009,45.79325415396873],[9.487472961997543,45.79312611915826],[9.487742287976653,45.79302596500146],[9.488049900831186,45.79288962774944],[9.488305397347055,45.79268152946079],[9.490436894683231,45.792186370600774],[9.495062747439869,45.792958479315516],[9.495309743479357,45.793245428834126],[9.495727922347788,45.79397265052936],[9.496015792197767,45.79451144102982],[9.496279175464727,45.79519435425544],[9.496418009059218,45.79633682896392],[9.494296674414443,45.8038075674362],[9.486110154532168,45.81099813977911],[9.484445367276374,45.81196827191516],[9.483984451902336,45.81224924804705],[9.48343406029342,45.81260260070773],[9.480250103498346,45.81503717655436],[9.479777360202641,45.81544419519829],[9.47902422204156,45.816208831220514],[9.475453173133207,45.82007053210262],[9.473433195603485,45.82475021518541],[9.473006889571074,45.82761416960095],[9.472339836771113,45.832468218247755],[9.472275823630723,45.83555568137548],[9.472303871297763,45.83582557303173],[9.47235849250931,45.8361943786538],[9.472528606457491,45.83651769281609],[9.472710625910343,45.83672394320876],[9.47316549130338,45.83721710042537],[9.473971170052861,45.83807781353344],[9.468630300239226,45.8475379464983],[9.466907506846777,45.85047669615525],[9.469210254143968,45.85655848403989],[9.469292424944351,45.85675615935115],[9.469520787791975,45.85729524699456],[9.469576630446698,45.857425516915434],[9.470012689670979,45.858152761933546],[9.470144932134057,45.8583682227616],[9.470233018529852,45.85850286895729],[9.470453084505328,45.85882147460011],[9.470519860554106,45.85891120541846],[9.470661350196288,45.85907712437515],[9.470731157371361,45.8591443411411],[9.47079437207713,45.85919358387383],[9.47088315984638,45.85922021975034],[9.484873098081868,45.86161471433044],[9.485662414206068,45.86162817714709],[9.488576717294523,45.86343382931654],[9.487614718162641,45.8639149669008],[9.487104695286684,45.864520178486494],[9.487470104224455,45.865058634484654],[9.488569389547568,45.865539981920875],[9.492356054788264,45.866882794313895],[9.49574012156969,45.86784922354504],[9.502543499390708,45.86935858877404],[9.505990120759154,45.87008141754965],[9.506931523270465,45.87017624851112],[9.508658288711823,45.87020457449277],[9.510242926161983,45.87018851441398],[9.512056051659872,45.86980237940675],[9.513937952297894,45.86939076232118],[9.514575609400715,45.869179029141925],[9.515385283112991,45.86895936392646],[9.517033370898437,45.86884391997539],[9.518013928090843,45.86899249035188],[9.523009722674525,45.87002279296333],[9.524018588751918,45.87034670844689],[9.52368718851038,45.87133375211103],[9.523027665090767,45.8727948424377],[9.522512676600659,45.87386826641056],[9.522140887537375,45.87424347449199],[9.514068369360702,45.88062992734321],[9.51464685106798,45.8852715653403],[9.512292571790463,45.88993537924727],[9.508487325588126,45.892427514031155],[9.507399959456732,45.8933323899977],[9.506713608657943,45.89439748734448],[9.505042071927749,45.89769905389588],[9.505257607794553,45.89872415181897],[9.506396704538634,45.90065421823127],[9.507188121680656,45.90120874546173],[9.516356706704663,45.90707190651729],[9.528032800369056,45.9174410458419],[9.527668201415365,45.922509958579376],[9.52913754270143,45.926490353564574],[9.530704733430705,45.92853517556409],[9.53411566535676,45.93292948370148],[9.538425090915863,45.937301448007965],[9.53967687089491,45.940013661507585],[9.54066436206523,45.94339314293102],[9.540904801052148,45.94423803265046],[9.540951561358987,45.94506584772348],[9.540094610974597,45.948490047098495],[9.539580905359305,45.95006753411514],[9.536199455606711,45.9566627252887],[9.526048688423236,45.96264114724941],[9.521578904164288,45.96492072964189],[9.516749953764167,45.9660947113922],[9.511983353854363,45.967052196080644],[9.510654753603717,45.96713913427372],[9.509518749554633,45.96711721880699],[9.50798209412287,45.96703405278722],[9.506367505375387,45.96689720359398],[9.504844005524472,45.96684094100995],[9.50357934899154,45.96686452959684],[9.5031173358491,45.967154575762315],[9.50182201776078,45.969500357556875],[9.49876624288435,45.9799271088275],[9.499232139209724,45.98580226785214],[9.498126769740757,45.99067625492179],[9.494991642307886,45.99820512975172],[9.486860523057087,46.00168717385245],[9.486399080120535,46.00208514425944],[9.486097167396302,46.0030044637159],[9.486945382686718,46.006942972690396],[9.487119771878946,46.00768025143782],[9.489184724507668,46.010425515245615],[9.490187086090366,46.011303254548295],[9.491391907865353,46.01170308057146],[9.493475084609797,46.01209912359131],[9.49536373976608,46.01240596494137],[9.496305552099086,46.01227587423768],[9.497155463382683,46.01198417131084],[9.497950460178837,46.01168820205037],[9.5055065842971,46.01129051055825],[9.514402820208613,46.01089980324063],[9.526899310288213,46.01150889670887],[9.532122869765736,46.01203371240798],[9.545830436186762,46.01358912644958],[9.555547717087258,46.020364495892665],[9.555869133730184,46.02149697592592],[9.556663047185415,46.022078123909296],[9.557725566193296,46.02238795515935],[9.559201689318053,46.02271374430989],[9.560457378831625,46.02295960345869],[9.567005921587354,46.02278331388817],[9.5734232402434,46.02116724107839],[9.578499893218615,46.021105657708866],[9.598273612622005,46.03014811366735],[9.599390625810882,46.03068227799451],[9.600132957182481,46.03121838141082],[9.600424523554176,46.031891885111335],[9.600444163124818,46.03251279166567],[9.60050306171507,46.0355635577441],[9.601194577953134,46.03974506641062],[9.601603890880236,46.04054393196411],[9.60207566924703,46.04114446667741],[9.604049926283635,46.043231111065566],[9.604765943983583,46.04370431221214],[9.610358818469699,46.04573564351301],[9.61347150293094,46.04669999103658],[9.6171623352812,46.04733714536104],[9.618765877351546,46.04740948592923],[9.620188301682534,46.047464778268484],[9.621402632565067,46.047404174442185],[9.622783455323198,46.047207659788945],[9.623917892295639,46.046940469605524],[9.62532431826118,46.04672576768028],[9.627248750110923,46.046598231235784],[9.632276494082832,46.04657952454125],[9.632987925673758,46.046629578456375],[9.633883025855042,46.04691262507001],[9.635096451583852,46.04790490824837],[9.635919473616989,46.04866535278882],[9.639035467076543,46.0521040570902],[9.641735385504,46.055301998588426],[9.640578134751692,46.05695553819281],[9.640390869216114,46.057532601524954],[9.64073271444092,46.05802568806591],[9.641464457150818,46.05869659678394],[9.642976018113131,46.059723139860445],[9.643458523200845,46.05997208460092],[9.650719251266432,46.06075034107429],[9.669593914572971,46.06065932893474],[9.680130164338392,46.058509054009974],[9.687333938865903,46.05561289385318],[9.6940858136611,46.05591409704982],[9.701980838101823,46.056644391339816],[9.703017525377735,46.05684051752829],[9.704380560748765,46.05728215276007],[9.705891288983116,46.05815484322867],[9.708054776136295,46.05951849211881],[9.70893369341323,46.06051206249868],[9.70866253514662,46.06154877993355],[9.708393181385212,46.062729479767945],[9.70890831893462,46.06358129154798],[9.709715074103533,46.0639812995661],[9.720690859603858,46.06388561327223],[9.721606539383144,46.06370883867845],[9.722918738826895,46.06320552528811],[9.72405053667681,46.062748351920206],[9.728181159537247,46.06053553123356],[9.737591081435538,46.058179665468614],[9.738677557700086,46.05918966932235],[9.741105019179562,46.06089300033369],[9.743098985729889,46.06207707379787],[9.744464979599352,46.06270720012355],[9.74508783270905,46.062874138453616],[9.747246691898376,46.0628510574802],[9.749274307237645,46.062684775635354],[9.750199014369072,46.06222869970503],[9.751132722072452,46.06148455101388],[9.764346825831796,46.063421991203136],[9.765336214133018,46.06391039065364],[9.766429136255082,46.06440708394346],[9.770131418159993,46.0637971695209],[9.771793116801009,46.06335395912645],[9.774613029697518,46.06252486911548],[9.778254405906917,46.06127608886885],[9.780541040188082,46.06023447193238],[9.783031990282797,46.0590204121613],[9.785315376252562,46.05776271196748],[9.789124989488064,46.055657419678845],[9.81044523922142,46.05055807487737],[9.821111701104922,46.04983401824514],[9.830921865689461,46.048062072946905],[9.838295009553331,46.044156134186],[9.85512484606039,46.045948500808514],[9.865907291829116,46.04861237328205],[9.86822797152245,46.04988181580469],[9.870308760232605,46.050684999869375],[9.872320010929926,46.05117368334116],[9.874449072132673,46.050932407537594],[9.877189225850755,46.05010139369691],[9.879036216172523,46.04919617630801],[9.880180815343934,46.048017327383256],[9.880794788441086,46.046797563953284],[9.881833601285207,46.04628553514541],[9.883262096612027,46.04589650821204],[9.886191430898839,46.045603814191274],[9.895163069071339,46.04570489243605],[9.900814721589793,46.04591249360448],[9.908073484325678,46.04638605425602],[9.906892591363556,46.05084148911768],[9.906532158296988,46.054093424073514],[9.906989139240597,46.055160835659905],[9.908601880392988,46.056543050864626],[9.910016650589696,46.05767482840969],[9.91194991806697,46.05810043386198],[9.914355686168209,46.05817121776748],[9.916727321630171,46.058521217695976],[9.922306492314235,46.05972735920011],[9.924046753059512,46.060199329579014],[9.929464405725701,46.06177542647809],[9.936021944320352,46.064223966244356],[9.946689671992635,46.06654816970142],[9.957633869355295,46.06686198873566],[9.96768314640626,46.06627334402672],[9.974736702674244,46.06518737856352],[9.978616466962716,46.06523521511028],[9.979723538352815,46.06526850863932],[9.980479307763662,46.06529123605557],[9.98208729585648,46.06555644240497],[9.98466125844185,46.06633532357294],[9.988522805867696,46.07115311402317],[9.99360985309208,46.0750420957766],[9.994716016486786,46.07542847498157],[9.996113421787182,46.075470311261284],[9.997811099583759,46.074951485081385],[10.000017179560134,46.07394217947673],[10.00209743837534,46.073131935062065],[10.004574018249137,46.07278618698758],[10.010272913309716,46.072573950749735],[10.011114159563526,46.07261152266236],[10.011367205367476,46.07301428098111],[10.011379206293846,46.0736711996455],[10.011369150060574,46.07665935151788],[10.011271445108367,46.07909926818949],[10.011259409281164,46.07985539822602],[10.012056740810614,46.08172938746086],[10.013453487995998,46.08313903358287],[10.016450247005498,46.08503845936726],[10.017364582084811,46.08552534472548],[10.018537783954109,46.08601891092874],[10.023095007504118,46.08695021989741],[10.024795850922843,46.08729498506535],[10.032691509845035,46.08758391795167],[10.03859561218158,46.08651340944095],[10.040068795896318,46.085752984608945],[10.042435117501043,46.08502940913016],[10.044487732661864,46.08482166249348],[10.054298616023079,46.085172592845296],[10.055654832955454,46.08550002665649],[10.05711288213864,46.08624462149978],[10.057900006172371,46.08682234562591],[10.058396594129459,46.08776275936557],[10.05895440957287,46.08852261001514],[10.059493947567724,46.08900361743812],[10.060416844987447,46.08923807071959],[10.065516085540446,46.089379650447086],[10.068800535983996,46.08932197838869],[10.073627714878974,46.08810671850075],[10.085101057057805,46.09074340736005],[10.095926233846875,46.09129713945244],[10.100775059266647,46.08989150083567]]]}},{"type":"Feature","properties":{"name":"Brescia","abbreviation":"BS","plants_major":82,"plants_minor":63,"plants_total":145,"aggregation_note":"Conteggi distinti nei consuntivi provinciali SIRe 2025; contesto depurativo, non dato AMR."},"geometry":{"type":"Polygon","coordinates":[[[10.471691930228573,46.35447649217424],[10.480182831350767,46.3507489321426],[10.486821564184327,46.346551972532815],[10.490017528922154,46.34246737630315],[10.495463666980188,46.33679825745849],[10.495869010781515,46.3364149555759],[10.498060613460936,46.33482928896194],[10.499069050746964,46.33464506020547],[10.509838957375122,46.3345933312026],[10.51184362931539,46.33472883465581],[10.512686056309688,46.33512269168273],[10.51339480663871,46.33585130153745],[10.513715634475389,46.336648044563844],[10.514052955037346,46.337570565716966],[10.514564784336708,46.33916576490993],[10.515714830514044,46.3432178786709],[10.521012938051149,46.34354261415436],[10.533419733311357,46.33940064053218],[10.55062189903914,46.33265745085841],[10.563034440731984,46.3272996950715],[10.564588266485966,46.32209109324698],[10.563863268329907,46.319457703767974],[10.564111693807003,46.31483024023984],[10.56451047433982,46.31362419720756],[10.564859945411689,46.31301449787809],[10.566436410124878,46.31162763658705],[10.572727014502775,46.30685504907924],[10.575633381612695,46.30563967464325],[10.578884540170424,46.301947311945916],[10.578904532566263,46.30187839087569],[10.579035155195676,46.301427895225316],[10.579201581658474,46.300846370296995],[10.579546399459039,46.299017167913085],[10.579572499444174,46.298828434101516],[10.5795589725547,46.29877703738739],[10.579540500915598,46.29872301618993],[10.579485975873814,46.29856615129454],[10.57942317830752,46.298437178339675],[10.579343054097752,46.29832494987682],[10.57872355724196,46.29784198621203],[10.578057108442058,46.29732270783529],[10.577842398200003,46.29726026578805],[10.574511022151224,46.29525079579345],[10.572356485731007,46.29391585132956],[10.563090650205051,46.28741796631764],[10.560479181244922,46.284520563258496],[10.562032047961937,46.281639503479035],[10.567142312550994,46.278259877719144],[10.571624083485089,46.27634047424925],[10.576295929391097,46.27266825305264],[10.582502885652028,46.256832098899736],[10.585054170682982,46.248696729252096],[10.584895180389493,46.24481078203451],[10.581481261080638,46.24029551336533],[10.581388716535075,46.24019745688611],[10.581199074775808,46.2399972954295],[10.580903543407844,46.23975416652712],[10.580746937711313,46.23962557705489],[10.580597399847294,46.23953327257129],[10.579928622728223,46.23912045497432],[10.577974366827366,46.237972276005685],[10.576097558455094,46.237136003283496],[10.575920305772264,46.23709196710954],[10.575544073391137,46.236998496356925],[10.575467434626677,46.23698090000176],[10.575042607471596,46.23691331930804],[10.574588899637256,46.23699630356105],[10.574107829535265,46.2371083479909],[10.573960215995097,46.23711761956086],[10.573654299074887,46.23710954837138],[10.5733232558094,46.23698621579092],[10.572626759631458,46.23672596211065],[10.570690542979781,46.23589711487892],[10.570620041710132,46.23584591721259],[10.57010519530186,46.235465596049764],[10.56822077000134,46.233721036564326],[10.56817709552954,46.233629446693264],[10.56802040851119,46.233297694700404],[10.567977826063188,46.23318217825812],[10.56764972768745,46.23227445741529],[10.567813236005106,46.231834432820975],[10.567833707990044,46.231779944300825],[10.568930970610058,46.22926101593398],[10.570114392461885,46.227737964937575],[10.57033437895534,46.22743847779127],[10.570514517051796,46.227193236091516],[10.570768870550188,46.22673075788094],[10.571032503143963,46.22593806016316],[10.571073848994883,46.22579109128642],[10.571060614704589,46.22552188677113],[10.570446972326113,46.22206899022056],[10.568707968510209,46.22044043895918],[10.562316807048813,46.21460762051601],[10.557932239257765,46.21146425436333],[10.555223555813647,46.21012682258306],[10.555047689104438,46.2100396000776],[10.554986819207892,46.21000834179151],[10.554393797869732,46.20966977560863],[10.554302632084504,46.20961768861644],[10.554165940035654,46.209520645659474],[10.553071320188524,46.20874350708807],[10.552922072229366,46.20863754399288],[10.552823040422505,46.20856723298369],[10.551548731482988,46.20750395891598],[10.550813779296925,46.206812333781556],[10.549719485038107,46.205526962997475],[10.549357254671746,46.20462791366576],[10.54535722054847,46.19433992624712],[10.543736824471567,46.18744040489869],[10.546361811478073,46.18571897412072],[10.548671365188659,46.18420037573787],[10.55349823669555,46.18102175822178],[10.554060544284221,46.18064043571027],[10.55412610553789,46.18059571960328],[10.554552364119603,46.18026991268091],[10.556140818951805,46.17859723493165],[10.556907422352884,46.17774391464593],[10.558020145409802,46.17644159812735],[10.564775231918091,46.16767363569643],[10.565243137665385,46.167064265537256],[10.565311069221455,46.16697142858768],[10.565394916902203,46.16683864845685],[10.565400125390552,46.16666967192001],[10.565365197014728,46.166631177602774],[10.56527983577729,46.1665474612196],[10.56524285316227,46.166515497653016],[10.565072414377573,46.166369035749476],[10.564148688895093,46.16567223700346],[10.555434771093042,46.154863573961364],[10.548132108163058,46.14616564597434],[10.549604369147511,46.13829597609087],[10.550644830159394,46.126010225141634],[10.550697542956343,46.12370880728319],[10.549692990943724,46.11998443452498],[10.547892033914431,46.11564880666693],[10.541683786360252,46.10402843682289],[10.539887488805597,46.10160021914148],[10.536196684499535,46.0981471598103],[10.535743272718939,46.097731176371354],[10.53531049140742,46.0973686988961],[10.535274537462737,46.0973423790055],[10.53453878148082,46.09681629094674],[10.534155486214514,46.09661021346323],[10.533605429731855,46.096364703105586],[10.527393029925046,46.092195676921435],[10.522368110611305,46.08869819697113],[10.520034639967019,46.0863002980936],[10.518092480515936,46.08280224525214],[10.514171295295196,46.07862804627539],[10.509094578378678,46.07512882953687],[10.502943640127839,46.072241778943884],[10.499347620170958,46.07092092832597],[10.494545482256802,46.06899584714421],[10.49143126822109,46.0671272438452],[10.490919686638081,46.0668086748463],[10.490722717072225,46.06659724232983],[10.489690374214822,46.06547052339634],[10.483040034806855,46.057240776542244],[10.482087891481163,46.049738483296984],[10.483813314244866,46.043960056728466],[10.485107906004348,46.03741384529271],[10.485948295436614,46.03005459074472],[10.485392300280017,46.027226928232885],[10.484760246807955,46.02510645366561],[10.484399616221964,46.02399594597858],[10.483292237458048,46.02186371436723],[10.483044321940653,46.0215914422053],[10.482763845025012,46.02146485510557],[10.482662938095778,46.02141931280176],[10.482572230559958,46.02139374680088],[10.482041586664883,46.02124418435909],[10.48149987680243,46.02110707459038],[10.480982156443629,46.02108255613001],[10.480773979987445,46.02107269666916],[10.479848128501635,46.02118236517743],[10.472283489755528,46.02147421853724],[10.472238628735962,46.02147017482874],[10.472124999805336,46.02145993104379],[10.471859079240815,46.02142466384761],[10.47153244796824,46.0213622126956],[10.470815724083543,46.0210826504326],[10.470374942393077,46.02079749913462],[10.465862460168927,46.01785778686743],[10.465387513113162,46.01754739160602],[10.465051343369222,46.01730516188763],[10.4648799918874,46.01716700258907],[10.464699599862511,46.017017555385294],[10.462982435010739,46.01540466963766],[10.462699144157689,46.01510842210959],[10.462491742149442,46.0148899193791],[10.45829212948825,46.01042516759697],[10.458061718190823,46.01013910961124],[10.457952196041239,46.01000290405027],[10.457573442455407,46.00950798008177],[10.457327062727911,46.009102948694654],[10.45730488769672,46.00906416784763],[10.457158634530932,46.00855449452431],[10.457093812650697,46.008047876906666],[10.45725968750111,46.004781682727845],[10.457401661239357,46.00280864772642],[10.453354470967861,45.99105972118176],[10.45300035158515,45.988888572382436],[10.452270943522414,45.98241010582066],[10.452167914566344,45.98034877330512],[10.45232715426317,45.97910397871371],[10.452488421694094,45.97809715379699],[10.452866714081901,45.977430716772105],[10.45300865384424,45.97718263908474],[10.453407896568327,45.97655253507667],[10.4534392232181,45.976507145916386],[10.453576256587136,45.97641953368587],[10.469580516153998,45.97193480347031],[10.476200172395476,45.97048557114116],[10.47686927850683,45.97037720453763],[10.478257521993918,45.97015245798084],[10.478943648237712,45.9700554975422],[10.4801672068228,45.96995387624508],[10.482553419212554,45.97030378964164],[10.483250127865157,45.97041330735497],[10.484644748691029,45.97067769576013],[10.485250013031552,45.970796638377344],[10.486002520026291,45.970960934385495],[10.486332731755978,45.97106048878097],[10.486604668520043,45.97115832980362],[10.488558033420215,45.968736717505],[10.489416997920978,45.9637740114835],[10.487926702010961,45.96014555644061],[10.486165641184662,45.957967948816986],[10.48461678702888,45.955287874847436],[10.483261814771454,45.950527715890644],[10.484693163423252,45.94536403513532],[10.489127330371337,45.942386197758466],[10.491583865515402,45.93399638100227],[10.50106209566511,45.927675972985035],[10.503029213001403,45.9269111815957],[10.50746477785615,45.92483713129756],[10.508568122550688,45.923566172755876],[10.51067386855797,45.91655689476766],[10.510757561304313,45.91623971951259],[10.510845562724985,45.915580734528255],[10.507690118348043,45.90534425014014],[10.495935598054876,45.899740916281175],[10.490115844448475,45.88707745853769],[10.490046515424535,45.88504954502937],[10.490042391426249,45.88461082506547],[10.490153196678952,45.88431152064145],[10.490305882167315,45.88390283432179],[10.490871151720766,45.882752408533605],[10.49110595474364,45.88228263596919],[10.503702059283155,45.87356778624721],[10.50352807828235,45.8733264072769],[10.503376663189457,45.87310527863602],[10.50292046781104,45.87239308866827],[10.502758485596921,45.872138165789956],[10.502414982991704,45.87140547115676],[10.502293338446664,45.87104384647276],[10.501772806512818,45.86763285707255],[10.501747726028022,45.86739883070747],[10.501718375863515,45.86711193846608],[10.501696292760975,45.86686337353216],[10.501634242229882,45.86094798626525],[10.503924160803578,45.85570401397753],[10.505092810887243,45.85014794992196],[10.506555034489809,45.842410610824025],[10.503801351665288,45.83712450902676],[10.50371070507143,45.837083750907524],[10.503657803451746,45.83705915348849],[10.503559413638602,45.83700890963322],[10.503504396859299,45.83694909508486],[10.503070516191645,45.83632804153608],[10.50301224142197,45.83624440878234],[10.502964700679005,45.83616120092297],[10.50259172464832,45.83512052044507],[10.502481805792765,45.834733930135464],[10.502244494528085,45.833834619976955],[10.501977118334256,45.832356407165406],[10.501966087890464,45.83226663884295],[10.501959374634135,45.832172847151824],[10.501976606708276,45.83204585479643],[10.502102931007789,45.8313168971088],[10.50215534694145,45.83104556593808],[10.502204905981309,45.8308505307077],[10.502255037651224,45.83065324674546],[10.502359351320383,45.830377602099546],[10.502487139755136,45.8301617687715],[10.502827602254078,45.82973396960364],[10.50805687758852,45.82390339893822],[10.512776548481114,45.82489546170986],[10.51847051086532,45.82639648528467],[10.52428530314238,45.82712858963523],[10.52837304834729,45.8265746602702],[10.52934496159497,45.82623178254771],[10.536768890279538,45.8225763956472],[10.539188676604534,45.821159687158826],[10.543266768261445,45.818364077500476],[10.543627836874391,45.817647819014695],[10.543773067441533,45.81718146063148],[10.543800764616678,45.81705566756587],[10.543118634253277,45.81490608634712],[10.537284627179707,45.810754849174174],[10.531752580058672,45.809404973966544],[10.531096122690816,45.80444215120092],[10.532052667220231,45.79535218726754],[10.532978035747288,45.78796179256542],[10.536028948413238,45.78645974209086],[10.537797622569611,45.78563441411053],[10.538058901621989,45.7855871473442],[10.538416433186516,45.785522467872916],[10.547173909485926,45.784587980116044],[10.553673584938238,45.78393332165916],[10.560094146050092,45.784246823452236],[10.564265414356468,45.784564180599794],[10.574668338554384,45.78698377704266],[10.581148942740322,45.789516194417594],[10.58197622403477,45.79182669591178],[10.582389956701125,45.79429547477891],[10.586067937860655,45.79637410116604],[10.589082903950763,45.79787116900219],[10.58922621924261,45.79792898527856],[10.589707221955626,45.798123029096736],[10.599329824409068,45.80144271285377],[10.611710143341579,45.805321222033555],[10.6151896595212,45.80581337590809],[10.619594652366931,45.8060051677604],[10.63269821685329,45.80648638240729],[10.639422364931495,45.80375187042593],[10.641657096907752,45.8020836450189],[10.643828773357221,45.80295985340476],[10.645025683089365,45.80368126193161],[10.64582857460626,45.80456976671175],[10.647581872648116,45.806794661769],[10.648375402959342,45.80787666885738],[10.650744467676775,45.81215277584595],[10.653862577718627,45.82060604357016],[10.654527257711255,45.827569510035424],[10.6560655540197,45.83232392349103],[10.673620772888087,45.8311680046369],[10.677074763561256,45.83094347062178],[10.68248991032681,45.832568046512904],[10.690427270836501,45.83632088058417],[10.692077220481943,45.837400618595595],[10.695621772501044,45.83987336038549],[10.706802127027911,45.83649914343479],[10.707242696346032,45.836443248523636],[10.708892115858836,45.83623489532371],[10.70942347408009,45.83617380757018],[10.709893023043112,45.836119825144245],[10.710065332089057,45.83610938457527],[10.710679386420772,45.83607230628611],[10.711012997834601,45.83606262945394],[10.711359898217887,45.83609840238961],[10.716981700051456,45.836807132463335],[10.717294822691601,45.83690869525212],[10.718512206383465,45.837789919722674],[10.720564946836904,45.839326361725504],[10.7208921530572,45.83958153546373],[10.721454792060612,45.840020377182974],[10.72180397174853,45.840384311165245],[10.722051703240636,45.84070599938019],[10.722160873551397,45.84084609227418],[10.722506106762172,45.84118978156492],[10.725849049391574,45.84212782843526],[10.730310729745652,45.84256013727671],[10.731723022468728,45.842646755467],[10.731936829552335,45.84265535716085],[10.733182114658868,45.8427043317072],[10.734889868707066,45.84272021646484],[10.735080685220828,45.842721989670615],[10.735553304937282,45.84272294848867],[10.735926620558006,45.842641072417415],[10.74515517266382,45.83994758502369],[10.748523600573707,45.83790343217219],[10.751049590069854,45.8359920782625],[10.752157348989016,45.83422492762904],[10.753351887490044,45.832648356204324],[10.754251560974597,45.831556746770126],[10.756350437366498,45.83002690384183],[10.757001554498963,45.830617283465656],[10.757068219391433,45.83072117505723],[10.759854817538509,45.83542907107247],[10.759740227389788,45.83551743596773],[10.759684944976165,45.83560755045786],[10.759644704504325,45.8357149711174],[10.759625642131901,45.83581994226117],[10.759839215776413,45.83663102484503],[10.760042613965494,45.837146724159965],[10.76034095413043,45.83763913147229],[10.76306494723209,45.839960982548064],[10.764195433759868,45.84059620492543],[10.76479842777646,45.84084785018049],[10.765423425771731,45.8410769618143],[10.767872840909178,45.841898220928975],[10.769623424879368,45.84238433387391],[10.770552058827843,45.84262687752557],[10.77119841720186,45.842716276478534],[10.77263434446734,45.8429145850805],[10.77463094199446,45.84307647061587],[10.776571829393669,45.843040980254706],[10.777204778688635,45.843028187726155],[10.778144518065726,45.842603578092934],[10.780255091358997,45.84023487828658],[10.781969728289392,45.83798317305567],[10.783813688926758,45.836458600151545],[10.788646117726522,45.83435660894842],[10.791214673849494,45.83345736510793],[10.805328889053044,45.83490806952174],[10.81959821743749,45.836752546337365],[10.820269533363941,45.83687504251412],[10.822886789203089,45.83734884746096],[10.824120894362157,45.83754712169848],[10.825072717135212,45.83769997415942],[10.825385177982533,45.83774488054019],[10.825530180568892,45.837728976677774],[10.825861305378806,45.837688021648425],[10.837333029101115,45.83374822745458],[10.838733510046966,45.8332583442607],[10.839369168800136,45.833035146409216],[10.839917837575298,45.832841594154225],[10.840150472097323,45.83275599762336],[10.840022012843251,45.832390060104295],[10.83986491828384,45.831942558123764],[10.839551660813354,45.83105018914026],[10.838608246974948,45.82836252306679],[10.838334486161571,45.82758256297804],[10.83810789116218,45.82702047398576],[10.834549782621911,45.818192694873225],[10.833512748018537,45.816796239305354],[10.832468511338181,45.815570898658514],[10.830261565951318,45.81342811517724],[10.82699987384336,45.81110414153557],[10.826601630460706,45.81093050163603],[10.824996427707308,45.81025410524171],[10.819319676838816,45.807068412871665],[10.816267840989813,45.80503781647535],[10.815531146614127,45.80454548485138],[10.815362043177148,45.80443247117684],[10.814873399835573,45.80410590144855],[10.814781320821238,45.80404436260228],[10.814733906362035,45.80399241636977],[10.80959101201359,45.79835725460389],[10.80874381047087,45.79732408830538],[10.808119608037565,45.79656240838119],[10.80525014395828,45.79304350310918],[10.802409799422467,45.78955107772705],[10.78674664299763,45.76965566755346],[10.785139209596416,45.76755577548753],[10.784062555414645,45.76614917090917],[10.78377004119638,45.76577701438768],[10.77198570117388,45.75077933180104],[10.76313393526751,45.74069593562699],[10.735478883445785,45.70984167609265],[10.729639282699585,45.70342508546198],[10.712251169965288,45.68377484953491],[10.705606595392293,45.6764125473078],[10.702007049357494,45.67273538486539],[10.695965918896809,45.667424717501184],[10.689486540907152,45.66178261464936],[10.682114204433379,45.655356825591284],[10.68140497233013,45.65472189371763],[10.632531083650331,45.61084598700044],[10.627886466417134,45.60686240514085],[10.627894401893013,45.606793036242195],[10.628403193513874,45.602561575269426],[10.629506044073464,45.593467579356854],[10.630935477413715,45.58160713078257],[10.631709038050815,45.57410694523936],[10.631824103519156,45.57298550563949],[10.632284775222239,45.5684553654698],[10.633254735653722,45.558120071038886],[10.63527293884645,45.53657644004209],[10.635380190883806,45.53543097969879],[10.637614805243947,45.511485123981664],[10.638614450979375,45.500766665605106],[10.639765530346649,45.48919035041474],[10.640241884219105,45.48439850283269],[10.640310959337867,45.483703592378816],[10.640331509397916,45.48349709998447],[10.640690325807752,45.47989148382772],[10.64076131335157,45.47917810880541],[10.64300770649911,45.45756799568728],[10.644706489111302,45.45359591494682],[10.646017596994458,45.45273048412058],[10.647615868636478,45.45140077394873],[10.647737085220971,45.448536642430696],[10.644298404899363,45.44488768127962],[10.633679724880833,45.44418231780763],[10.624513952201482,45.443639657664725],[10.623645985976266,45.44361601020423],[10.622978955043537,45.442725361842214],[10.622936870732344,45.44214988269558],[10.623340990205909,45.44019087547004],[10.624157437059743,45.43801015265705],[10.626654229555854,45.438405757846766],[10.63138994457799,45.439527100087695],[10.635002021222052,45.44107765267495],[10.635862790189853,45.44210783723916],[10.640276169885725,45.44349536720768],[10.642110721288661,45.443703038996915],[10.646764498444973,45.441043672933105],[10.64801448777896,45.43045867829671],[10.647411970775641,45.42375198010685],[10.644003688606222,45.41994856400659],[10.64366021438825,45.41912535617706],[10.643607464006097,45.418739061684995],[10.64355070056287,45.41799281555139],[10.643865135048506,45.41781726996975],[10.65305419087144,45.41604639016038],[10.654626059751227,45.41582268398782],[10.655066792848825,45.41515330667975],[10.655308103945798,45.4146637268894],[10.655392094048494,45.41421527246493],[10.655451715751198,45.41389642748747],[10.655371505177328,45.411584417802196],[10.654051234389831,45.411009499695005],[10.653109090828124,45.411131150378964],[10.65167364671334,45.41098990139854],[10.650034571485328,45.41043751687479],[10.648790455052186,45.409843404148994],[10.647736600455762,45.40876044920028],[10.646491172093922,45.407239199580204],[10.645877941133822,45.40592486042369],[10.645353626720938,45.404591225801084],[10.643411972215125,45.398444313874364],[10.643057474660289,45.39723424727995],[10.642225390108944,45.393654604657996],[10.642578089806118,45.390391169341775],[10.634435104380833,45.384882346382966],[10.624849089218667,45.383344886718156],[10.623145014681452,45.383162100127244],[10.613704080111589,45.38266570203787],[10.611865265776183,45.38269145736878],[10.6104776267653,45.382855047966935],[10.608297089801077,45.38343487467412],[10.605049273053814,45.38466874103205],[10.600949996156322,45.386517515507315],[10.59865428194497,45.38709875425799],[10.590774913695688,45.38490444569813],[10.582065440526845,45.382235045995714],[10.57978897767874,45.38167251360582],[10.575863403656141,45.38243785268818],[10.574239562440697,45.382838309132055],[10.573581369436285,45.38305442033967],[10.569275402520521,45.384850920622],[10.568154657344031,45.38543340312999],[10.567059660569225,45.3860245180881],[10.554203738332335,45.38722636274317],[10.552926745341566,45.38677566168096],[10.551162071415469,45.386241574430684],[10.549748356447614,45.38592771067662],[10.548111233515652,45.38584216676292],[10.539836584678016,45.391597642521226],[10.531196717634911,45.399022865315246],[10.527505701613784,45.402870827519926],[10.523976768948625,45.405636359400404],[10.520464574748718,45.40808651079869],[10.519217549658846,45.40876020744587],[10.518310684257353,45.40923812264538],[10.517692857641004,45.409563628228184],[10.51558547933813,45.410563762096025],[10.51143921243356,45.412265935688],[10.500096139074754,45.414395904367844],[10.498938312205247,45.414591140145134],[10.493999948192279,45.415015612168574],[10.493489727860963,45.41480511858318],[10.493381624320378,45.414751464998595],[10.492861603203464,45.41448969837917],[10.492581162700276,45.41433784665789],[10.481183092508084,45.413976687182554],[10.467693603926055,45.41521294435134],[10.453414858811378,45.41634170421362],[10.454202608152428,45.4144527375449],[10.46700968141837,45.40660649283372],[10.466996724502353,45.406553555985525],[10.465957606446437,45.404789690399134],[10.458498260723028,45.3921433321109],[10.457136744981241,45.39061049072553],[10.452016387373327,45.384844955714094],[10.459566849570265,45.37856482271086],[10.46120193913122,45.375676893517515],[10.461770277747945,45.374672981345874],[10.463913545167566,45.37088668889845],[10.464037598865698,45.3706674084257],[10.468547630399543,45.35939396981308],[10.468614287808752,45.35800153518656],[10.468622199484777,45.357835766397564],[10.46867340383025,45.35226029402412],[10.46929426508986,45.33792516471732],[10.468706639708897,45.33408452993556],[10.465906477978045,45.32633883056816],[10.454956891969667,45.32529968517924],[10.453403698000384,45.32643563719963],[10.447180484686337,45.32709076291315],[10.446380725371387,45.32073692057579],[10.44566554555539,45.32070999893274],[10.44490881632511,45.320740665921555],[10.444696853819321,45.32074926526423],[10.442810683146005,45.32083612316041],[10.437675333968134,45.321098895378555],[10.43060204944648,45.32142175841046],[10.428534019867591,45.3203674541418],[10.428609025234257,45.309645862034515],[10.42465249874404,45.29785842802185],[10.416160668628688,45.29456274630934],[10.407817265981876,45.29271139366078],[10.402279251505135,45.288440858726325],[10.39755785813424,45.28415998804501],[10.392806690196249,45.27550468204281],[10.392763556020615,45.26905116247438],[10.392890014407651,45.26171343799836],[10.393569700712625,45.25250563713922],[10.3963463166974,45.24984327943737],[10.393645209631215,45.24564045703025],[10.3866675840275,45.24747688400402],[10.383494215338562,45.24851003863635],[10.380542719341626,45.24765910816895],[10.379536405104036,45.24398966194797],[10.379050056124266,45.2423212641919],[10.378369079322619,45.240924617562705],[10.378239665831783,45.240917817140975],[10.375726080089708,45.24080409499672],[10.372337437731245,45.24082687791286],[10.37020293079615,45.241077547329596],[10.368511429840781,45.24226801459207],[10.365390316113508,45.24442070405371],[10.361962660550644,45.24610127398502],[10.358597015219754,45.24167524898489],[10.35783011405037,45.24050517301868],[10.358037653595371,45.240124638444264],[10.359368012778962,45.23820949965676],[10.361557614835172,45.23280048700894],[10.361668875033839,45.232124094369276],[10.35724444881366,45.230995728761975],[10.357669774517335,45.22521351477424],[10.36030754050482,45.21831398298589],[10.360928826704885,45.216596279227375],[10.3611041301799,45.2159370874257],[10.360416239715487,45.215396174410664],[10.348990294199213,45.21261521322841],[10.343152295428245,45.20643696564237],[10.33691519477756,45.20490788468888],[10.334021006228298,45.20529279339008],[10.332914544238962,45.20535073292853],[10.328244330744447,45.205477149475115],[10.326997038334026,45.205433138481226],[10.317696455771191,45.20471733836375],[10.317032653453897,45.206309122993765],[10.317729546108762,45.21001871812522],[10.31841887876314,45.215051613290136],[10.317030963877036,45.21616582884097],[10.311119914574626,45.220527577363775],[10.307096182569575,45.22282340993936],[10.304219126368304,45.22398213320751],[10.29551177900082,45.22536396599116],[10.28463077378535,45.22746272938958],[10.284128266972244,45.227774441317],[10.277414544431947,45.23570804795833],[10.274336899273152,45.23880295121197],[10.26944588319629,45.24172890974256],[10.267750658156306,45.24628447868337],[10.266347212996939,45.250791802958894],[10.263546621844725,45.25148890706204],[10.256149154479958,45.252956779479454],[10.255616211744226,45.25306165573135],[10.254801583461807,45.25310661423985],[10.250566227616275,45.252910026328756],[10.250382768315243,45.25075618885671],[10.249365956204107,45.246991196160444],[10.248879917805295,45.24574530858725],[10.248292165699997,45.24450952583393],[10.246424682931272,45.24301767995325],[10.245950185879483,45.24287882408289],[10.240856268608923,45.24300631604864],[10.239239414105082,45.24306887303971],[10.237992785558635,45.2431634165682],[10.237513699330366,45.243203080763024],[10.236491925851666,45.24328768889052],[10.223534268493292,45.240308945300725],[10.221751412579607,45.23326566844413],[10.22224902984469,45.2291832216667],[10.216790630163516,45.2258653712979],[10.193777517440571,45.23094209316551],[10.18231824705173,45.2373713455571],[10.182127518878842,45.23800343042474],[10.181669827165628,45.238424007153675],[10.181602408540671,45.23848594598523],[10.180377819728307,45.23902968800033],[10.176039454214903,45.23998761863371],[10.16800246958867,45.240659857015416],[10.162137668803332,45.24051303388191],[10.150728882894388,45.240880562127],[10.129402704290529,45.24552219260661],[10.128078901982477,45.24623739431565],[10.12664799310431,45.24669259689527],[10.12591014690203,45.24680256168672],[10.125864383585087,45.2468093814608],[10.12460199968762,45.246973812058826],[10.122910931835023,45.24716147486947],[10.121447379346487,45.24725687846075],[10.10891406736307,45.247541288180166],[10.09968200368776,45.24985231506376],[10.090585690076361,45.2543689073424],[10.087092517184063,45.25866412897026],[10.085856443381608,45.26160826940126],[10.08475802723848,45.26583923016364],[10.083861365654926,45.269628367752794],[10.07816013195989,45.27081650966971],[10.072099468284472,45.270707521009506],[10.06778424271396,45.27222820656329],[10.062771768986938,45.275515477110076],[10.057754838152777,45.27745401634107],[10.049526031701188,45.280381774925836],[10.04125021997646,45.27893628306316],[10.031267213221291,45.27704959316403],[10.029135271059571,45.27738085289778],[10.02401764678282,45.28135148620089],[10.010750802113911,45.28601535667553],[10.005496443789855,45.28597172124437],[9.996072957200735,45.290329970961864],[9.989074813789623,45.29636772060501],[9.98113180354206,45.30169303919747],[9.980075975570053,45.303168081744026],[9.972936144712511,45.30948635759833],[9.968109474109317,45.312209771445474],[9.953182299893294,45.31746615075042],[9.93920815881322,45.32187564231782],[9.928894103816505,45.328638919965016],[9.922367095346228,45.33533480318953],[9.916536804629311,45.33783913964656],[9.91202412901142,45.33658807755376],[9.898710051980208,45.33804380425686],[9.897989475137175,45.338481527801264],[9.894765596968176,45.34124323997238],[9.894052317178836,45.342148957509366],[9.887658412169998,45.35037201765742],[9.886878222630411,45.35354654160474],[9.886339885052458,45.359401184755036],[9.886893773939653,45.364516744957335],[9.887275253698864,45.367513486059416],[9.887374954146653,45.37868580860609],[9.888850223361757,45.38768929923891],[9.892988027325758,45.39458085658662],[9.891046181719187,45.404237305015705],[9.890836080553106,45.41373428608079],[9.889500933855896,45.41742613761358],[9.889520856111847,45.42276370332796],[9.889613962951483,45.427331257050795],[9.889325935149415,45.433143583432965],[9.888948701651877,45.43843021184234],[9.887616396400826,45.444786429941864],[9.887770912273858,45.44811565290661],[9.889341422328659,45.453804506405376],[9.891521280409933,45.457267603478414],[9.891812410659483,45.457886421090656],[9.891935182550982,45.45837152097876],[9.892139922491682,45.45918903448995],[9.892186101512541,45.459683728044084],[9.892254870442498,45.460799345942846],[9.892172474383887,45.46125007004082],[9.8902900054956,45.46676545843595],[9.887078419708569,45.472460122886716],[9.886787893164513,45.47269640544885],[9.88611273877389,45.47288167187932],[9.886033859696608,45.472900353693035],[9.885641109752273,45.472993334229685],[9.884366422341534,45.47329124727038],[9.882579871338882,45.47357519633116],[9.882247820446274,45.47361376369409],[9.876730441571697,45.480830060706566],[9.875233925844602,45.484991130757834],[9.872889054997284,45.490589698124715],[9.869248816242854,45.495271144171205],[9.864656776365964,45.499554463666236],[9.862540370959698,45.510155756928185],[9.858801175269317,45.51598059565625],[9.854557582622391,45.52490547246591],[9.851979186857708,45.53308866771992],[9.851453004425332,45.540662361242305],[9.846519179333987,45.544767490061304],[9.839954226066416,45.546922195478174],[9.836593103560764,45.54918811173933],[9.836758519180655,45.55515455830001],[9.840828150692197,45.55913911033861],[9.842289073561858,45.562584724209174],[9.843063476156217,45.57017284480132],[9.842524947064325,45.57388300879386],[9.841824675482892,45.57788276017676],[9.84175181616388,45.57826987604248],[9.841716025432685,45.578797830531514],[9.841701778578948,45.579012709961525],[9.84175700086308,45.57936524326975],[9.843326587204478,45.5819153564986],[9.84396876079933,45.582788070397065],[9.844635587479152,45.58355628003105],[9.84496402098017,45.583692584713354],[9.845788620808605,45.58392613073016],[9.84588028560156,45.58394517682104],[9.846985737703394,45.584121815193505],[9.848464180459366,45.584239696564666],[9.848707320922541,45.58423238080911],[9.849276418620356,45.58421524813528],[9.849724478525495,45.584113793188614],[9.850409482538833,45.58389706806355],[9.851051668145832,45.583654139029754],[9.85198188796501,45.58328717108934],[9.852325961332719,45.58315853147732],[9.852913776560607,45.58303712527814],[9.85369629356445,45.58307627592667],[9.854014738986429,45.583223928228534],[9.854185349284295,45.58330579411504],[9.854782617012328,45.58370720761369],[9.855030342445843,45.58408097435164],[9.85602274896591,45.58854057145221],[9.853891083671407,45.59583753380958],[9.851849642003135,45.60335130845715],[9.868982005565748,45.609207873991494],[9.876821873625637,45.611119153768016],[9.877470490208372,45.610871159389625],[9.877969252553617,45.61067830645882],[9.878465940794056,45.61046733211487],[9.884144975828175,45.607664755031564],[9.884778098963949,45.606530352350305],[9.885181156793012,45.60446307327983],[9.887448345143993,45.60265710647847],[9.887879424032546,45.60265375665583],[9.888124869168296,45.60275722326601],[9.891589767664572,45.604425663280395],[9.891896730490265,45.60468500050916],[9.892078632298391,45.60484139268373],[9.8926715837544,45.60535269732219],[9.893256984743681,45.60587916514444],[9.89349280852837,45.60619235544715],[9.89496850445944,45.60837840250696],[9.895657325971243,45.609568487526275],[9.899985723964338,45.61914668646007],[9.902168401859191,45.625008071487194],[9.90962095261566,45.63528200362736],[9.91666907669633,45.644982616972925],[9.916381141998743,45.645425974499204],[9.916183635254631,45.645904606166056],[9.916037151958557,45.64636481745275],[9.91589166743837,45.6468880287991],[9.915824530756463,45.64746467768715],[9.915873456192735,45.64813033776232],[9.916003461085136,45.64840232224614],[9.916695537291515,45.64975283818936],[9.916985183613829,45.65020055694757],[9.917031302891473,45.65025509145659],[9.917325422953205,45.65060287037192],[9.917726316749789,45.650788671583285],[9.91861516176028,45.65084796054353],[9.922532672211004,45.64967572559307],[9.922794887156805,45.64959016194666],[9.922955500704152,45.64952337096848],[9.923046596648524,45.64948044309624],[9.924138006492393,45.64890088750321],[9.924190861811867,45.64887241211955],[9.92449418904119,45.648708983373375],[9.92491185293558,45.64835456819418],[9.925054132467947,45.64798300732201],[9.925348499434392,45.6475949461049],[9.92548667999202,45.64741380186025],[9.926154586211467,45.64667031990296],[9.926638474072192,45.64644137435089],[9.927290631704281,45.646301073833335],[9.927585168943056,45.64626268065046],[9.928006791064108,45.646222816032605],[9.928169856892136,45.6462150915565],[9.92829646467399,45.64621027428987],[9.92897018320414,45.646206411368226],[9.929330501846545,45.64626648714113],[9.929898191442735,45.64645088691525],[9.93120655493039,45.647187338449946],[9.93232124084293,45.64793950793068],[9.933687071392537,45.64895823672745],[9.934117271020622,45.64935974603292],[9.934407499809927,45.64983441959365],[9.937569295111517,45.65728857426943],[9.938222890696181,45.6605233395282],[9.938133155436622,45.66071696773973],[9.93808370732795,45.6608281011701],[9.93798209200345,45.661128169821794],[9.937971004930386,45.66145814407623],[9.937968760840509,45.66161232281986],[9.937975548935462,45.66164792057218],[9.937983378268845,45.661680839205594],[9.938116033621524,45.66204052149877],[9.938132962982051,45.6620861979796],[9.938264093711169,45.66242834263322],[9.938517423235353,45.66272301157624],[9.938730739965418,45.66296350558163],[9.939179095033753,45.66335451447825],[9.939214800265933,45.663383722286326],[9.939387966767583,45.663502238165314],[9.941381058235308,45.66483388275272],[9.943068315012875,45.66529868088506],[9.951482053742469,45.66712808013258],[9.9520056112632,45.667200218610425],[9.953067033045977,45.66719586408845],[9.953195080417759,45.667176162062745],[9.954205948452982,45.667020595936435],[9.955296058650914,45.66680310260648],[9.955534242904495,45.66671406915313],[9.955745993014624,45.666628467884564],[9.955819903093104,45.666594816197545],[9.956049797464845,45.66646437308224],[9.956717755660758,45.66593160362323],[9.956950618079333,45.66574576838147],[9.95735059045802,45.66544089684331],[9.957783451140255,45.66523023871147],[9.958331711766535,45.66500963429056],[9.958650597140316,45.66488994156641],[9.959020512985267,45.66475182765059],[9.961462866251207,45.66419130295358],[9.961897732557496,45.664097630341324],[9.962422443860772,45.66400319827159],[9.963409340080904,45.66391388217439],[9.964474670712855,45.66390489269716],[9.964937038598132,45.66391897995712],[9.965682240176474,45.663957697291416],[9.9672391595489,45.66416954524958],[9.967948053130952,45.66433455076462],[9.968683228150361,45.664535329033015],[9.971410751301132,45.66562827346508],[9.971902088382251,45.66583112311795],[9.972872854380427,45.66629089138177],[9.97350857585677,45.666672577292694],[9.974015412662846,45.66702830463147],[9.975133701304138,45.66743280377765],[9.983824244940312,45.6692754652438],[9.999832460782736,45.67210668230344],[10.006133050908058,45.67263647993139],[10.0250013946613,45.673773840158624],[10.027725315170755,45.67388439354013],[10.044371775781554,45.67493951438915],[10.046715204940762,45.67529610429249],[10.04941066739941,45.67593743761532],[10.054545170593057,45.677915333800335],[10.055631689621944,45.67833734746671],[10.057418769918858,45.67913988286784],[10.058741148320934,45.67981170819295],[10.059572146805227,45.68029903945869],[10.061065767746166,45.68119426867705],[10.062198046161043,45.68199381370311],[10.062693598449,45.682394248091754],[10.063164149541633,45.682830894911525],[10.063665344436332,45.68352829346086],[10.063998608127807,45.68417326221277],[10.064943109523584,45.6865766719019],[10.065400162396669,45.688327570711685],[10.065509079967326,45.68924462399751],[10.065509200735178,45.689293186171724],[10.065507711340986,45.68990155361517],[10.065344031313836,45.69125769570086],[10.065301281998755,45.69150112320163],[10.06520160771008,45.69179007772727],[10.06477353425247,45.693004679654955],[10.062188509649818,45.69858672349176],[10.060635450528032,45.70191795020653],[10.059775995833679,45.70444615095772],[10.059587960242244,45.70511845470999],[10.059400668002743,45.70616878668266],[10.059305339634316,45.706988730420086],[10.059120413411852,45.708844605969205],[10.059489124312307,45.712040961670205],[10.059612819937566,45.71306140380638],[10.059778528559418,45.713671917079054],[10.062029638483192,45.72194970606611],[10.064828768897081,45.7333276476379],[10.066306736017564,45.74074846116628],[10.065971018596095,45.74269575427022],[10.065794991046443,45.74357945773355],[10.065185895394917,45.74534927656061],[10.064576247979819,45.74709211148528],[10.063813520729676,45.74889935654627],[10.06337814857927,45.74966847069784],[10.062765872147862,45.75060124200175],[10.061021953036597,45.752201567701924],[10.060718552393492,45.7524744038404],[10.058987211398462,45.75406559925658],[10.058486615233518,45.75479030466812],[10.05677805885346,45.75759633586621],[10.056256433167627,45.75857322898155],[10.055574509042035,45.760595688287616],[10.055187519167164,45.76189537189015],[10.05489187397004,45.76326619313734],[10.054885484296186,45.76429233029021],[10.055005178048441,45.765866360688506],[10.05513688242512,45.76739524525937],[10.055244032628199,45.76830333499029],[10.056883057052733,45.77473266257907],[10.0571557456389,45.77554920961061],[10.057373260082189,45.77616823411344],[10.06029118273609,45.78217170024107],[10.06110746550802,45.78383820837981],[10.062485998546833,45.78665162750866],[10.064597343391398,45.789431191322954],[10.066574065767126,45.79188792714658],[10.070780349563735,45.79653792589535],[10.07160810772424,45.79743022652293],[10.072743435466489,45.79825662855924],[10.0763635499587,45.800481746626176],[10.077011706299304,45.80085364982612],[10.079225645128904,45.80142677434075],[10.086816426998226,45.803325970679886],[10.092586199703753,45.80553010381472],[10.095519528119237,45.80679808265824],[10.095844073881574,45.80693900196844],[10.100832576133447,45.809303151946295],[10.101236427784684,45.80955127930247],[10.108097931716802,45.81547035352975],[10.117643374830703,45.82678114904531],[10.118310102744417,45.830500868657055],[10.118043558315238,45.83069249117921],[10.118061712912437,45.8309533569416],[10.118409737297043,45.83161599848897],[10.118810701555232,45.832350119459484],[10.119129404594432,45.832833026368476],[10.121392987669058,45.83595200934055],[10.12166934674878,45.83621030461183],[10.121891647578883,45.83637912712905],[10.12216616610245,45.83658343535017],[10.128649780352015,45.84137090769894],[10.132892141957477,45.84443196658497],[10.143656972565662,45.85039327365583],[10.14700969079096,45.8543468826304],[10.149800181887624,45.86309592276311],[10.149451105845882,45.864060935454],[10.14915460906747,45.86467597119978],[10.147651706387393,45.8667701854586],[10.147424851010053,45.86701546770041],[10.147132275678254,45.867198423088425],[10.139092246500846,45.870951112217526],[10.137802934394196,45.87153999369492],[10.136100970587911,45.87211495517336],[10.134066687731435,45.87218917292337],[10.124071485637025,45.87683320432381],[10.114318425154195,45.88206803456634],[10.108374146956644,45.88708514295321],[10.10472887859964,45.895643921468626],[10.102908503230767,45.89745260662557],[10.102175417078612,45.898188705662335],[10.101684159236902,45.89876947525794],[10.1006448007509,45.90031857293308],[10.100295285002405,45.90089797087822],[10.096402009087795,45.90744276022686],[10.097964513145204,45.91214399756105],[10.093239375616603,45.92037972522565],[10.092593115316088,45.92424710706861],[10.09686080931442,45.928112412450744],[10.100474853043368,45.92955369160536],[10.106583208057042,45.93187095007824],[10.111306987272698,45.93459724625061],[10.114474575831775,45.93780705740813],[10.114791285889327,45.94111548900933],[10.115388088983787,45.94642890968914],[10.115897144065698,45.94800800277237],[10.118168985520164,45.952549011042876],[10.118530692428086,45.953211504234375],[10.118916592137339,45.953792747868114],[10.119234017450756,45.954176654986014],[10.119603232913063,45.95456904794124],[10.120181036853937,45.955067412408994],[10.120719446241017,45.955530161119725],[10.12132326688332,45.95603725964135],[10.122932003194357,45.9571015142978],[10.123676873942989,45.95756220182879],[10.125153183602858,45.958456725498266],[10.12658793650131,45.95920762506908],[10.127148760439217,45.959499102601946],[10.127669626196965,45.95972796845977],[10.127916957239178,45.95983352485708],[10.133522548823583,45.961965163133875],[10.13471789789231,45.96235830473858],[10.138016100319287,45.96334255364193],[10.139950143883373,45.96388131074372],[10.14110169268857,45.96402280867899],[10.143065804626916,45.964138198384106],[10.144240218067328,45.96413543941955],[10.160066890963844,45.96740501203185],[10.173401353954251,45.971148025833955],[10.178099309671174,45.974168819784786],[10.177820541900505,45.97441471186097],[10.177137936981753,45.97509677195786],[10.176966785803865,45.9755485526953],[10.176655609602046,45.97670380610336],[10.176308261241529,45.97858846471259],[10.175909098336346,45.98351576955761],[10.17587989725382,45.98396608717506],[10.17607033006019,45.984423139538634],[10.176242529095811,45.98462838517262],[10.178092033654796,45.986607405413025],[10.17838155408479,45.98686542812969],[10.17874662857569,45.987032661986504],[10.17925083203125,45.98706347777056],[10.179740604832528,45.98702240448769],[10.1801914547639,45.98697275497784],[10.184385083698885,45.98866644884388],[10.188834845078553,45.99145536126327],[10.190061113454924,45.993242663332886],[10.19150336064776,45.99666577926844],[10.192640145962976,46.000290037488476],[10.19272069796791,46.00077071503695],[10.19276774741355,46.00081973339857],[10.1945649529156,46.00211500901838],[10.197692103779877,46.003990355134256],[10.20002989803737,46.00518987037826],[10.204977786305609,46.00702787184952],[10.20620083271756,46.007437980321235],[10.221614300346708,46.00939831524746],[10.22734006085109,46.010147003281794],[10.229580712224513,46.010419921864866],[10.236999190764323,46.01118588058471],[10.242431320852054,46.01149597004408],[10.245676795928453,46.01164065108253],[10.24785260393403,46.01131988735977],[10.250081431858034,46.011061523864356],[10.252919235221201,46.01202947732349],[10.253427562884573,46.012230920028294],[10.253806746920628,46.01243375950326],[10.255575010313187,46.01351237849868],[10.260737099094836,46.01670466989004],[10.261012616690005,46.01689063901662],[10.26127584113086,46.0171037470337],[10.262210024363501,46.02076003874916],[10.255234902862986,46.029878706986416],[10.255078594103766,46.030393440480076],[10.254916144993937,46.03063822193158],[10.249242828497954,46.03576756489749],[10.241795454409381,46.035020705827996],[10.233404267496795,46.03482357270199],[10.229817623678798,46.0374183023577],[10.226366296947281,46.040884499264074],[10.226459526478985,46.046265665270084],[10.224921927879507,46.04862232194314],[10.216231879439718,46.05256726609425],[10.21582226856123,46.05275161779632],[10.215282057598834,46.05287437349586],[10.214778816782248,46.05291572346892],[10.214081045900192,46.05293208751412],[10.213640270405508,46.052873766990274],[10.213260952192519,46.052670797805604],[10.212959158603276,46.05246698474734],[10.212603143007152,46.05214675540596],[10.212204785572034,46.051664970773444],[10.212040264521063,46.05123471233589],[10.211925072445077,46.05069591569543],[10.211789733127922,46.050418336866834],[10.211266644115398,46.04955086140628],[10.210935679955673,46.04919433015703],[10.210011112438252,46.04836991438935],[10.206137715557071,46.046113005531105],[10.205552483454722,46.045948163421095],[10.205149538676489,46.0458444174222],[10.204332718899545,46.04572702266547],[10.203919207941592,46.04573137967919],[10.202924384538468,46.04575085147924],[10.202006840625845,46.04586852086668],[10.199774412561856,46.04652198666158],[10.198017090550769,46.04714344429258],[10.197750966588353,46.04738924834502],[10.197691588750757,46.047632867193556],[10.197649624943821,46.048083319371585],[10.196768841894507,46.04979361363245],[10.19273582291953,46.05159081396853],[10.192194961770983,46.051686463590684],[10.187677451215594,46.05200352128701],[10.184653891239485,46.052061889524964],[10.178120294840499,46.05179642925563],[10.175803105953992,46.05164028148321],[10.173903377770959,46.05227184537705],[10.171188425162226,46.05347872058641],[10.17070965999363,46.05406865715378],[10.170295140835103,46.054639905213264],[10.170101642815688,46.05527191012089],[10.169558413386193,46.05704937318903],[10.170434117762177,46.059381631252364],[10.17542013982442,46.07075176849489],[10.181322632960782,46.07890810270759],[10.18285960383539,46.082447240239446],[10.17912345619965,46.088596995002675],[10.174778944027318,46.097812963780946],[10.171989343281977,46.102926713176956],[10.16458235827181,46.10693551101804],[10.16507621250846,46.11256458497984],[10.168461504912905,46.123951233726565],[10.171812985058017,46.13622470530196],[10.17164597392905,46.13640166036434],[10.171422844123086,46.136638210966495],[10.168152083786577,46.14053274916989],[10.167432886133208,46.141422100094424],[10.165339276575015,46.14467451077411],[10.163675937968737,46.14746350190828],[10.163431648023192,46.14788375205499],[10.163276068421819,46.14815157356722],[10.162893488316618,46.14904648098788],[10.16081009948016,46.15466562150664],[10.159618285462939,46.158961808285824],[10.159658558175586,46.159645397794996],[10.16095603867774,46.160370232757806],[10.161348290744185,46.16054625661129],[10.161987925400878,46.16078276560571],[10.162523002486086,46.16097532288227],[10.163449047003379,46.161280908016614],[10.164828716534524,46.16159985139566],[10.171594906768751,46.16306071565746],[10.174581244372144,46.165226077177856],[10.175942069123069,46.16708411379746],[10.177587779928372,46.172575219759594],[10.177659445043432,46.17289848308148],[10.178264331440872,46.17453025948937],[10.178687784016464,46.17555190092421],[10.179219485954738,46.176788430882],[10.179598887801946,46.17756753277038],[10.179905101209938,46.17795137373289],[10.180300233926804,46.17825328635619],[10.182684018797241,46.17884966219215],[10.183217991443053,46.17897913173568],[10.201986234091756,46.18299982122467],[10.203615130513112,46.18331117819678],[10.211157124059566,46.18452753029847],[10.217486633611166,46.18531513992108],[10.217809164298334,46.18532984743469],[10.218848546040052,46.18545376640832],[10.21977152405963,46.18558793090903],[10.220902767419592,46.185764837267456],[10.224284620044058,46.1863406845322],[10.225027853399567,46.18654871021159],[10.225706725942791,46.18677544669574],[10.226336163158633,46.187110685008086],[10.226535916160818,46.18735155065691],[10.227588492475661,46.19097628304328],[10.228468225910978,46.19498084120399],[10.228355978225261,46.19634104648738],[10.228371160214111,46.19818589990983],[10.228483639946035,46.19858070512902],[10.228739284762247,46.19900095637073],[10.229018026491506,46.19929495529649],[10.22965977461287,46.19959406351492],[10.239379534928323,46.201847101338366],[10.24161787477894,46.202265861819996],[10.242593899553041,46.2024152012597],[10.248059073292838,46.202778657668816],[10.253399249254716,46.20334123848187],[10.257960921785484,46.204434118527914],[10.258717680344944,46.20465078772579],[10.259660631817653,46.20507241169097],[10.266065280843891,46.20794466565877],[10.280673846877312,46.214594959788265],[10.287858143880072,46.22132726413666],[10.294683362345602,46.22374315868518],[10.29657971265003,46.23489067854209],[10.29738978682286,46.242297472188504],[10.300895675461787,46.24958361533154],[10.305504228260581,46.25299608130742],[10.311738167199737,46.25653369221074],[10.314864292109457,46.25921576978414],[10.31519670971539,46.27365689250694],[10.315179816182564,46.27403508742934],[10.315173064171944,46.274296160985855],[10.315184258119702,46.274764017550176],[10.31528276958034,46.275752370609865],[10.315347621642719,46.2761661442069],[10.315420698752309,46.27650730641982],[10.315704149054689,46.27696303594125],[10.31599868959099,46.27733764688665],[10.316184879349226,46.27752450352683],[10.316530006653961,46.27784452518943],[10.320405485382448,46.28139981287598],[10.320750445255086,46.281710810064524],[10.321080926027493,46.2819589915083],[10.3285140406723,46.28712882580383],[10.333757924104043,46.28816575067105],[10.334252397621984,46.28821398504554],[10.334848534719573,46.288171010495844],[10.335159367895171,46.28814039682837],[10.358045957320558,46.29125478079735],[10.37176013314058,46.29402502167261],[10.386396262446096,46.304459371935764],[10.398447450141656,46.31619245936287],[10.408558778317643,46.32503221686408],[10.419708740291233,46.33371418609556],[10.433395000082406,46.337872329184805],[10.439269839823224,46.33991348753375],[10.444093915343219,46.34299360446209],[10.452786774177541,46.34835538793465],[10.459381935642904,46.35199734237662],[10.465067202946097,46.354633571648584],[10.466189206645392,46.35479019732609],[10.470633687800703,46.35476009641299],[10.471691930228573,46.35447649217424]]]}},{"type":"Feature","properties":{"name":"Pavia","abbreviation":"PV","plants_major":48,"plants_minor":84,"plants_total":132,"aggregation_note":"Conteggi distinti nei consuntivi provinciali SIRe 2025; contesto depurativo, non dato AMR."},"geometry":{"type":"MultiPolygon","coordinates":[[[[8.814271332612188,45.01739445254022],[8.813509641942453,45.01723104837815],[8.812951336286348,45.017194150249594],[8.812037412739327,45.01723763405317],[8.811262514171956,45.017281466406374],[8.81074198411764,45.01733462179244],[8.810653286896038,45.01743547968649],[8.810568829858692,45.01753166445558],[8.810513330224326,45.01759510599099],[8.8100126748217,45.01907399002341],[8.810382024268753,45.01933230205014],[8.810470407072858,45.01938433929022],[8.810979155832563,45.01968228912443],[8.81101404912531,45.019702415696926],[8.816417405222543,45.02230533824752],[8.816692333894508,45.02194426746954],[8.81679494389241,45.02161135308995],[8.816925201465796,45.02056736120547],[8.816991268026035,45.01968528046146],[8.816978580500027,45.01943320703889],[8.816903494347589,45.01910002641425],[8.816764804406464,45.01881174507625],[8.816258475765228,45.018387840602124],[8.814271332612188,45.01739445254022]]],[[[8.706385939108358,45.01356277862746],[8.706122792174702,45.01290497705859],[8.705601547448865,45.01308365921531],[8.703503325815648,45.01413121015576],[8.703348581456913,45.01446410741878],[8.703347815671231,45.014679787446426],[8.703745191125037,45.01640926071687],[8.703968854336287,45.01733703101607],[8.704043151476407,45.017526288668655],[8.70487151186028,45.02224304005148],[8.704699403495963,45.023637860315105],[8.704721932349266,45.02407938201611],[8.70508817647848,45.02440214136555],[8.705427662316254,45.02448328104466],[8.705684444098935,45.02454320160452],[8.706016712009388,45.024102963957304],[8.70606173572097,45.023929657554426],[8.706095187648865,45.02379687396104],[8.70614753933325,45.02349093092536],[8.706278935818343,45.02261809635567],[8.706450084995884,45.02141229185095],[8.7065081391719,45.01967509072486],[8.706524421717555,45.01898196223966],[8.706500002525647,45.016155601108736],[8.706489660215285,45.01569648924162],[8.70644501621313,45.01441810875239],[8.706406984606227,45.01385781616547],[8.706385939108358,45.01356277862746]]],[[[8.84764469512002,45.39033781487593],[8.847597645050358,45.38909476652684],[8.847074648628809,45.38410745212095],[8.847112880624291,45.37937276317557],[8.847539082328275,45.37328487254269],[8.847924552968795,45.37201988746024],[8.849838624371568,45.36776479229932],[8.850517935472531,45.36682959735972],[8.850717810933467,45.36670677434687],[8.851438816564597,45.36626371303957],[8.857934642946704,45.36268046078477],[8.862491452250069,45.36055474893839],[8.866431727244917,45.354706542391895],[8.86456596642654,45.34990021080827],[8.865869065398142,45.34426430429782],[8.872230226432446,45.34228231029534],[8.878128634899912,45.34161365131342],[8.887041891469275,45.33989559972006],[8.893986090078847,45.337987429908516],[8.908936590741082,45.333185626145145],[8.90975343784136,45.33287122457075],[8.910430317239939,45.33255670836141],[8.910928720836408,45.33211602766202],[8.911171397159814,45.331729161773445],[8.91119677209651,45.33143061218981],[8.911044873712722,45.33104496840477],[8.910764748794817,45.33063068803391],[8.909656009623511,45.32969368205422],[8.908954894959805,45.329216051735244],[8.90830478667871,45.328783458764995],[8.907527278498591,45.328224757284666],[8.906903154637197,45.32775617706252],[8.906278953029423,45.32711657015132],[8.905999328502611,45.32677267374388],[8.90626701276882,45.326378464534955],[8.909587293226007,45.32451786675966],[8.911221548089895,45.323646023230935],[8.920999620988317,45.31902200385632],[8.926810985389853,45.31794906318881],[8.926931668368184,45.3180839520804],[8.927468737181616,45.318684228450145],[8.928564982751562,45.319477041776956],[8.929674574263984,45.319837778201524],[8.931345884900036,45.31993780794823],[8.932275790416517,45.31984836510429],[8.93302873041911,45.3197227891755],[8.940520184787147,45.31671146912698],[8.941988083972833,45.31601913138571],[8.943175546208892,45.315083591557084],[8.943877464987997,45.31361671369436],[8.943993371365844,45.31234060340568],[8.943956708116858,45.310889323842055],[8.94369055548332,45.30912492759961],[8.944003433454398,45.301131912427486],[8.944534100367001,45.29244904514789],[8.944611111895881,45.29146471561304],[8.946589233655287,45.289080278736954],[8.948268624496636,45.28804890892272],[8.950148158299655,45.2868945525258],[8.962628533498858,45.280575794070366],[8.973845003166412,45.27471449636977],[8.97391121126352,45.274421924299396],[8.974112438179713,45.27359836134604],[8.974596422065954,45.27284234356896],[8.975590420676328,45.27184340597053],[8.981374753622548,45.26633562109318],[8.982938975749347,45.26499363551222],[8.983719367960216,45.26503075461603],[8.991290662303003,45.26674188529251],[8.993307213157264,45.2708225018746],[9.00279616547945,45.276391706254074],[9.006545017716357,45.27791280179264],[9.006978506385474,45.27806578610716],[9.008036713442879,45.27785869314736],[9.008966947810242,45.27735453969358],[9.009261052968808,45.277149232784936],[9.011681527551746,45.27614811638886],[9.01431926724102,45.275508713928126],[9.015087665572434,45.27590824428942],[9.015441351305464,45.276102650812895],[9.016411741163482,45.277011671323905],[9.017981669449796,45.27881171348756],[9.01809284932879,45.279051349681744],[9.018697475597271,45.28057770418873],[9.019101303279355,45.281785202383645],[9.015809174987467,45.2905900662297],[9.015190389094165,45.29109907152765],[9.013928391039524,45.29156729422425],[9.010040666893378,45.292809897969846],[9.007745556494125,45.29304410751938],[8.996258918110229,45.29659537422215],[8.996274914112142,45.3013075962529],[8.99536274444174,45.30874270452957],[8.989680345897545,45.31861681810914],[8.988685964037149,45.32051602202477],[8.988307335029758,45.321596139758405],[8.990039947725656,45.322446926227514],[8.991665387711116,45.322756104735014],[8.992145385520292,45.3227216399244],[8.995805523217212,45.32098455937601],[8.997373043277971,45.31863525963856],[9.001278019749938,45.31991347738198],[9.00976445185603,45.32281151038328],[9.014843946701559,45.324341148821176],[9.018021925809654,45.325222871477806],[9.019207556810096,45.32447557177995],[9.031684475490355,45.314512741853314],[9.034050765238115,45.310083394699284],[9.036299010221239,45.30362421312055],[9.036421143758776,45.303190255893945],[9.035392075238589,45.302787372164076],[9.03254927446028,45.30349482498541],[9.031695241818909,45.30382812679225],[9.030727287362858,45.30500755722237],[9.030278348326316,45.30600116553863],[9.02953069506893,45.306664130279856],[9.02867664662491,45.30704240933842],[9.02777085259414,45.306817598933556],[9.026813442980743,45.306205736855226],[9.025119986118547,45.30505394520861],[9.025002862060665,45.30496537329204],[9.0250099388957,45.304921746242286],[9.025127705532949,45.304495845838815],[9.02550928135021,45.30383867012506],[9.028626958251504,45.29855865715528],[9.030087159361859,45.296514301390864],[9.030337204448976,45.29620494155214],[9.030410752927166,45.29614529273283],[9.030524986496943,45.29617030881826],[9.031297725279794,45.29686946254557],[9.031694184168938,45.29731236171899],[9.041157128583169,45.30293847748573],[9.056693272769763,45.30366993399514],[9.058427358663058,45.30381307243371],[9.0608641052153,45.30424387653663],[9.070828855752094,45.30613740143014],[9.07187210657582,45.30641485648399],[9.071193740920465,45.30975572453653],[9.070495959554705,45.31155644533072],[9.069925950678156,45.3132310432977],[9.069737200362695,45.31437595882202],[9.06985100216862,45.314536291153715],[9.078123394784386,45.31583610181378],[9.080847512826978,45.315783576641486],[9.076872512167782,45.310168963224584],[9.07361619548309,45.307989134666734],[9.077705633303227,45.30489813713179],[9.079864160413445,45.30350144214424],[9.094607617803238,45.30483166425637],[9.109471010150038,45.306852192365874],[9.125917842223304,45.30863664994452],[9.134687694562436,45.307772269783456],[9.138097341352395,45.30842124359851],[9.138300445153064,45.30890212835254],[9.139105199478804,45.30983728889092],[9.140278997127263,45.30990785938595],[9.141069186974123,45.30961884197535],[9.142508145140198,45.30859989675958],[9.146925316433443,45.3054528231281],[9.14787925359662,45.304398429298764],[9.151320007593561,45.29883106438168],[9.15805074497309,45.298002833532955],[9.15951833565169,45.298306830163874],[9.164812543492271,45.29928946710479],[9.175193826193322,45.299427043627226],[9.17832709522258,45.29919636614062],[9.1806868040003,45.29850029446378],[9.180966444477908,45.298202810917665],[9.182529284536507,45.296355033464714],[9.183542961255197,45.2946791555018],[9.183846515607,45.293895554529925],[9.187564927434307,45.29222425144375],[9.192954673454285,45.29118911427279],[9.198639684301128,45.29082838703064],[9.200844477612288,45.291058524402764],[9.200719917265552,45.291319815607146],[9.198085163867903,45.29277360455804],[9.19744999111424,45.29302674626285],[9.196048970105853,45.293551253543946],[9.19370735740166,45.29500896512079],[9.188626012876796,45.30102773742728],[9.183695333332206,45.30817385705977],[9.182058556193612,45.31074179748548],[9.18235888636446,45.310838524876765],[9.184248871393242,45.31143858604177],[9.18689110313392,45.31201041106686],[9.196634690493669,45.316978354566636],[9.198906552862512,45.32265670574895],[9.201773920454336,45.332436140604024],[9.204849714261114,45.33370439077774],[9.210472691194376,45.33253748045392],[9.212508150533811,45.3311385157527],[9.213220833234539,45.33061511062104],[9.21392070182287,45.330091688988674],[9.21456946716588,45.32954139262057],[9.215103495368302,45.32902731338003],[9.215561178369903,45.32857638375939],[9.215919323747723,45.328170419785316],[9.216564889970416,45.327422313774306],[9.217403040553203,45.32667361617718],[9.218194621278277,45.32614522264046],[9.21822839850628,45.326122676184234],[9.218268565255682,45.326095907547646],[9.219186535433089,45.32589610417252],[9.220347623264226,45.32586688298615],[9.224161729052392,45.32595847401195],[9.22491474750722,45.32600199172826],[9.225937442255406,45.32646805027999],[9.227191327128788,45.327311681226874],[9.229764505376021,45.32965589507527],[9.237149051441392,45.32895662786752],[9.24756422587897,45.325349457321046],[9.256293621107435,45.325812620181615],[9.263513909394936,45.32569458688122],[9.2735267373757,45.32459266165162],[9.277996261659192,45.32603119177843],[9.281230653438135,45.32776380901797],[9.28226049324425,45.330113497574885],[9.287145087557576,45.33076164446324],[9.30740422077196,45.32690342136328],[9.318119985296413,45.324321759154486],[9.324735139350517,45.31819166123024],[9.331627990251,45.31217693522038],[9.333249963057577,45.3124872653901],[9.338007978551703,45.31455259934859],[9.338824331506256,45.312965457752924],[9.3361909448983,45.31145263246696],[9.33344992229563,45.307401046710055],[9.334597169214662,45.30509333910648],[9.336665383813601,45.30542913191114],[9.338040375076474,45.305682009723874],[9.33835108355452,45.30573929305087],[9.354357044146527,45.30146920172733],[9.35760391915396,45.29258371600707],[9.357347951395369,45.29244048469649],[9.357263310352527,45.2924126865144],[9.3564788886218,45.29215507972975],[9.35446044169176,45.29159426931398],[9.35289001313278,45.29129309407549],[9.34907578912603,45.290836735258715],[9.343033267747604,45.29119710346563],[9.339936024913332,45.29336595218392],[9.339897002849224,45.29347483390744],[9.339518861064466,45.294223068360644],[9.338507629442027,45.29573830012792],[9.3374399139473,45.29634455560469],[9.335608774748932,45.297124067322095],[9.333687046943615,45.297822811957076],[9.33014383810862,45.298238176925295],[9.329429142535485,45.298159219330294],[9.328712786036812,45.29779223612797],[9.322918782767736,45.2926509505551],[9.323671558784055,45.29271183002152],[9.32420717718987,45.29271031089245],[9.324755283869436,45.29266375451958],[9.325264304212784,45.292473275287584],[9.325772960400881,45.292219783658744],[9.326153598393466,45.291885611592654],[9.327920146941672,45.29027830563658],[9.329371986790969,45.288293816273125],[9.332239804845258,45.28382981749268],[9.33116635372138,45.28341886876091],[9.331353948914598,45.28060088242813],[9.333028804930969,45.277022441499604],[9.333775766695661,45.27612911708841],[9.337210919019585,45.27493081259741],[9.338934264584694,45.27473256827953],[9.339058252681998,45.274718319070836],[9.341450195111651,45.27130732608102],[9.336814616781412,45.27044025042036],[9.33439002829621,45.2700152955099],[9.332565277257457,45.26970558520641],[9.329507892531435,45.26965143527814],[9.325032514786392,45.26879112596739],[9.319262892800673,45.26342456769047],[9.315285345149881,45.258556796672536],[9.310848224921992,45.253123081732056],[9.310680657455462,45.25277247988945],[9.310577166600906,45.25249373018578],[9.310200645827068,45.25121654345574],[9.310208579623929,45.250334370960594],[9.310281716259281,45.249866107925264],[9.310405644383808,45.24922666683973],[9.31144274283451,45.24764517056428],[9.312876010945198,45.24687050658184],[9.317502670331159,45.24491794115863],[9.319777566847236,45.24399793265338],[9.320082969119014,45.243925067533766],[9.32045264172347,45.24395104995226],[9.32173850564087,45.244046437461876],[9.322439756107183,45.24410754538702],[9.322360601885213,45.24588106145798],[9.327852380147432,45.249700464214136],[9.33256110689426,45.247278173998346],[9.333579292007032,45.24655258833441],[9.350241862379695,45.24045207496714],[9.357951349049454,45.238717899382905],[9.359068862613956,45.24015462861706],[9.359256817492142,45.245590912444456],[9.358584145447786,45.24601611040449],[9.356934130151698,45.247056441376785],[9.35628641367591,45.24740052576874],[9.355903507055734,45.24730270449831],[9.354039104101249,45.246534357806055],[9.352606884857513,45.24571966553043],[9.35177776347136,45.245578189519314],[9.349609336520407,45.24521579720579],[9.349150681517795,45.24522619638344],[9.348553683342388,45.24553407851419],[9.347958285241853,45.24597695141361],[9.34817650413042,45.246237345408765],[9.348676427015898,45.246721896162036],[9.349521547940522,45.24739442108387],[9.350249411361501,45.247770256738285],[9.35373758630348,45.24928074430351],[9.355665385617689,45.24910345360753],[9.36282155295809,45.24715505715439],[9.36812299527379,45.24543675893654],[9.371560636225333,45.2431752687888],[9.37510228977432,45.23740274357336],[9.378491857826203,45.2319726679041],[9.379963010895219,45.23098657324767],[9.381091023772843,45.23024469398076],[9.38183811814498,45.23041792273142],[9.383453034302539,45.23105579816164],[9.385179287897294,45.231936990732585],[9.386991704484688,45.231940828706776],[9.389623391715858,45.23184506570122],[9.39093478135087,45.23173258644755],[9.39184537237517,45.229029005827634],[9.391926243423434,45.22697857632899],[9.39135803995927,45.22669928512013],[9.390271774243496,45.22618092100296],[9.38946984400046,45.226264680694605],[9.38842326753483,45.22596218600585],[9.387196772075212,45.225309250325466],[9.387288898553681,45.22398570406404],[9.387817868601683,45.22310177191086],[9.392255971813174,45.21857685700597],[9.397988494601906,45.21703575906628],[9.401381970515896,45.209021533731615],[9.4022094463975,45.20187140827831],[9.40281753194617,45.20143718255417],[9.404520016252476,45.20091807797557],[9.405562572907344,45.20070735346028],[9.405983296925276,45.20078686328073],[9.407800248857884,45.20204061634108],[9.407956462441485,45.20251714188853],[9.408734783496001,45.20452169027187],[9.409209062219768,45.20482537857454],[9.409336070867084,45.20490668500949],[9.41155549723226,45.20543878531872],[9.41624304456111,45.20588986026167],[9.416694838071889,45.20590848080193],[9.417249311215969,45.20593121267647],[9.419832123365174,45.20413044100797],[9.420350970286833,45.20369646720101],[9.421145963186834,45.20272137933336],[9.421245073911384,45.20241503027147],[9.42130039668183,45.20224389467212],[9.421419824341616,45.20187421348001],[9.421089566505826,45.200255166087],[9.425650756714925,45.19735774522425],[9.428636734389102,45.199371210025106],[9.429445863459648,45.19918890692836],[9.429839467721264,45.19904341033139],[9.430218852234812,45.19869991783436],[9.432198411696447,45.1961449973397],[9.433081465164582,45.1936032206062],[9.432124152331728,45.19159049833912],[9.430340048446311,45.190157590260235],[9.427725576107616,45.18817164877728],[9.427692669207987,45.18630530253071],[9.429612826925675,45.18446178205251],[9.430056832678746,45.184262080404785],[9.431064264096282,45.18451032918718],[9.431676735234666,45.1847060464683],[9.435492882332372,45.186050782305806],[9.43680841185539,45.18663087364552],[9.43836746894823,45.1874260382693],[9.438549541225921,45.18763560389086],[9.439726222779674,45.185984930248026],[9.445203511491355,45.18708440199957],[9.447005791578013,45.187018852535985],[9.45682976597025,45.18325783412688],[9.457361870481181,45.18275751150167],[9.45734137900471,45.181871220985414],[9.459369760832226,45.17780169812268],[9.464142188694748,45.173164576698916],[9.468995830342347,45.168634949322495],[9.47475520125273,45.16735090253127],[9.47750352605091,45.16570115808782],[9.478273382471086,45.16149846891044],[9.481442968051152,45.161487469459736],[9.484264140378265,45.161565754044915],[9.488034026015855,45.16174055122688],[9.519354207991732,45.164176535671814],[9.528877747306224,45.16507420714962],[9.531578737626324,45.16535421431776],[9.530877901438044,45.1637912280521],[9.53057630563163,45.16282944187148],[9.531113676799748,45.16186377336048],[9.532366488246769,45.1611986776508],[9.533711060165576,45.16077150998134],[9.53508006655372,45.160225005491036],[9.536340364499694,45.15944944786407],[9.536774370368075,45.15918181169536],[9.538118194188636,45.158246018710265],[9.538423918171972,45.158029876069214],[9.538695560508955,45.157836026691704],[9.543151786129956,45.15432231214682],[9.544235162831752,45.1532009357562],[9.545118464632997,45.1485159335311],[9.544449354269346,45.14335852952856],[9.54350128466184,45.13897737588928],[9.542962455064876,45.138030984095685],[9.542867479066082,45.13786415861578],[9.542936873266683,45.137134691968235],[9.543261699535183,45.13660206069447],[9.544925878091732,45.1351538690113],[9.54575964084973,45.13456478527285],[9.548661304684032,45.13265151991728],[9.547107976839351,45.13259597861499],[9.54597500012541,45.13247537739106],[9.544994284711347,45.13231803245701],[9.54293991509324,45.13158968367705],[9.54186705686246,45.13109969701947],[9.54088464617692,45.13059126036997],[9.540014259165655,45.12999226566059],[9.53925883047512,45.12944673724453],[9.538719856638178,45.12892717191951],[9.538192837894774,45.128326560946796],[9.537754333135414,45.12767149697335],[9.536804356513636,45.12535355990721],[9.53655714765446,45.12467060179814],[9.53633709785897,45.1240325025862],[9.535836224367356,45.12236953577167],[9.535754359047917,45.12200085141781],[9.535826831413765,45.121451400154726],[9.536200152032944,45.119226244025725],[9.5364320006144,45.11818996863575],[9.536676490095552,45.117144619741346],[9.53697222990652,45.11614404779904],[9.537442663283153,45.11487708974786],[9.537954673299756,45.1139790125089],[9.539081836908863,45.112173365752625],[9.540024628746062,45.11104370351246],[9.550611396063713,45.095231170997124],[9.551147544888563,45.094157390362916],[9.551365174317887,45.09308512631601],[9.551330418885176,45.09211311613917],[9.551000006123886,45.09079146484971],[9.550482196487494,45.08980377280457],[9.549915308182628,45.08899633501067],[9.548748226602196,45.08779573257776],[9.547403026324472,45.08664996729866],[9.544881833298293,45.08468164231745],[9.543679614588136,45.08385921041477],[9.541643184968958,45.08257264890807],[9.54073583109032,45.08201883090484],[9.539792044117064,45.08147419224789],[9.539012965222414,45.081045779274625],[9.53796833874731,45.080582626544135],[9.533417590786241,45.07890264907739],[9.532576322489039,45.078609504099745],[9.532407987140807,45.07855499180425],[9.532026255051647,45.07843206696922],[9.530047383385524,45.07836924051559],[9.52932351381951,45.07840410415395],[9.528106484364962,45.078693296127156],[9.527499855785711,45.078957146566395],[9.525477827510356,45.0801367023955],[9.524645148721453,45.08077965307667],[9.52399023150626,45.081412787557994],[9.52341388104615,45.08212656263705],[9.52298754563876,45.082749612773746],[9.522956802817069,45.08338884596732],[9.522984594858135,45.08364976536623],[9.522885899105587,45.08397429540512],[9.522175196352103,45.085462825054016],[9.52159883434497,45.08635663174293],[9.520344041689434,45.088108679512516],[9.519628562340468,45.08899411412278],[9.518207076844687,45.09059388089933],[9.50890747700464,45.09919631844834],[9.507696164041032,45.10019189809978],[9.506069450133142,45.10146836280101],[9.505051621904776,45.10207598593876],[9.5048745547634,45.102175784670834],[9.504649392728494,45.10227426355648],[9.503356720079283,45.1028395990193],[9.50308461271966,45.1029446360536],[9.501593313999392,45.10352019261289],[9.501469265097622,45.103568062342596],[9.499540717154561,45.103878670059345],[9.499286070171113,45.103919678524896],[9.497799532512685,45.10389917951519],[9.49687398365125,45.1038063618635],[9.495993038139424,45.103718009521145],[9.493703740550396,45.10337686193391],[9.49130881471195,45.10275706547976],[9.489155214437066,45.102109196274405],[9.487600062807685,45.10158473782299],[9.485892020205045,45.10091689214332],[9.476286035772803,45.09705959919379],[9.47527721900453,45.09657771330316],[9.47266654911117,45.095841412318144],[9.471405521811587,45.09549555692154],[9.46774111067829,45.09488049924868],[9.465896793630739,45.09469000331588],[9.455765484857976,45.09398373098901],[9.453209062493336,45.093831874136725],[9.452888029233613,45.093815154898905],[9.452718785767175,45.09380681063174],[9.43906911531938,45.09195177040419],[9.438464640086712,45.08766942384326],[9.436962978020565,45.08354191551815],[9.436368150071269,45.08256673702227],[9.436220938908761,45.082357503525735],[9.435961012019966,45.082101817898156],[9.435601635182671,45.08182925638397],[9.434838345570764,45.08170613907957],[9.434465986430155,45.08170755622587],[9.433771099429446,45.081710197620716],[9.427457157743854,45.081846409788476],[9.426409080223996,45.082615476947325],[9.42627308525871,45.083131018798525],[9.421908449014296,45.08397794980382],[9.412650311405777,45.08365169488176],[9.412243009006072,45.083554147875105],[9.410777783305715,45.082754624553544],[9.410744094845652,45.082726889660336],[9.410780215360102,45.082447719353404],[9.412558291427343,45.07890820993038],[9.40635928821294,45.073215600924414],[9.398937072156361,45.06937875994702],[9.388526785948603,45.0631449941424],[9.384562670467746,45.059301166516235],[9.3781743326486,45.05572178175936],[9.372205918298265,45.05027020932594],[9.371265943077196,45.04853495337081],[9.370999395806713,45.04785516351801],[9.371062999575457,45.046522685426545],[9.37116473256086,45.045631858123],[9.375588013948127,45.04040788973891],[9.373459434415096,45.03702281500506],[9.370745383927593,45.03002894169229],[9.370309710988469,45.02870627488407],[9.369943192127424,45.02595720271522],[9.3701715806618,45.02332835608479],[9.372323475980275,45.02158359439657],[9.373131767165251,45.020968818665715],[9.374333820434886,45.02039776385783],[9.370294570815176,45.01167015402166],[9.36620448239468,45.00360868599916],[9.365935101465107,45.00315045236936],[9.365870983735583,45.00304264193521],[9.3654245454917,45.002674987069476],[9.365079517555582,45.00241503928076],[9.364302356042604,45.00191342227909],[9.361366765369942,45.00009007201856],[9.358963018482825,45.0002470765088],[9.357303987925246,45.000742874091024],[9.353513080021475,45.00106973974486],[9.353208235042198,45.001016666008475],[9.352762747326363,45.000784000062275],[9.350852387597461,44.99974116496959],[9.348074965734568,44.99784127108329],[9.347463360784218,44.99741104442901],[9.346319034116574,44.99594273315988],[9.343979225177772,44.992916171088694],[9.343735779881605,44.99252975410963],[9.343107452579865,44.99140641278932],[9.339212859586112,44.9806338642929],[9.338118183505285,44.97997096647485],[9.33743018288684,44.97944190194256],[9.33708478955771,44.978938811276315],[9.336802912169016,44.978453544246996],[9.336495108750427,44.97786933399431],[9.336276195421647,44.977302854273454],[9.335462226545298,44.9747397106698],[9.33522299180393,44.97285901259076],[9.335142527332374,44.96996049225095],[9.335151125652882,44.969258317485114],[9.335210794771536,44.96861900567702],[9.335321838596025,44.96808757836442],[9.328255139202861,44.9607716832555],[9.32512552126085,44.956550163934146],[9.324455692088476,44.95478724630633],[9.323345891995297,44.951315643086225],[9.32321089410736,44.95077038134562],[9.323125407352421,44.95042508759535],[9.322958368465711,44.94965139029355],[9.32288948240985,44.949039497222756],[9.322355887057736,44.94563830244403],[9.32154281240194,44.9439662055383],[9.318048771052934,44.94016816368916],[9.315258377631448,44.93749329667191],[9.314532283072898,44.93682015396608],[9.306305369676547,44.934150888117586],[9.305643187879328,44.933963565549774],[9.29801732162937,44.93423570914749],[9.288195577321483,44.9342429305094],[9.287612566962917,44.93423540271228],[9.286826304649036,44.93412936384845],[9.28634596693636,44.933950556491325],[9.285027724332439,44.93176639700836],[9.285011585251398,44.931064283039895],[9.28534955028768,44.93021724408403],[9.285852473355058,44.92941481043007],[9.287264688026424,44.9279979602648],[9.288210522946683,44.92708638638136],[9.28934646290696,44.92618331787536],[9.290736125519263,44.925351605057024],[9.292966795842966,44.920457848874406],[9.29041413485909,44.914261937561136],[9.286044393590899,44.9074411886641],[9.284064325165945,44.903499935756706],[9.281013536202863,44.89603827044888],[9.281342549060806,44.89598346136118],[9.282266074852716,44.89577412723332],[9.283165823040004,44.89544785970224],[9.28342920247239,44.89534820135368],[9.284301154700318,44.894958957579],[9.285185497721766,44.894515650116034],[9.288404332468687,44.892884582827364],[9.29282631634136,44.89031940266766],[9.29311492579648,44.88979655037058],[9.292742153535949,44.888708261195234],[9.292361309343484,44.88811080577167],[9.292091219632987,44.88769271899959],[9.291491204698362,44.88673103579079],[9.290927494766285,44.88543618871209],[9.290910689126601,44.88539277834723],[9.290855200702644,44.88524942697644],[9.290478450958407,44.884276035398656],[9.290054939313894,44.883151859694166],[9.289886499351597,44.88238711594954],[9.29011350921031,44.88220651345404],[9.294612297654346,44.88047558651577],[9.307238024568942,44.87613931351195],[9.308692705929362,44.87590132392671],[9.309578837986711,44.87588093185754],[9.310541933213251,44.87604934933485],[9.311581146416946,44.876244561008136],[9.313076679855449,44.87653755183629],[9.316843363060102,44.87771543213641],[9.325787972909941,44.87428751005524],[9.335947622674727,44.87099040543117],[9.34238187984687,44.8672714589423],[9.345370040235974,44.855833463023686],[9.347786892759677,44.844119699024965],[9.350325173156012,44.83702724293202],[9.355988117145596,44.83002408645511],[9.361286694866072,44.823633941159486],[9.363098293962604,44.8224038895129],[9.362498102770957,44.82115451717966],[9.357650910933568,44.81456221430971],[9.35452170090465,44.81230933840763],[9.345771198871077,44.807532070183235],[9.330847475967886,44.800545579965096],[9.323304319360277,44.7992348546762],[9.320419217088071,44.796533321373616],[9.319128630838401,44.79176577849027],[9.317871887543516,44.78621492319925],[9.30715761005545,44.78004172975526],[9.299367196107047,44.77673160010821],[9.291998627560734,44.77419404761756],[9.291012596767107,44.774142564213406],[9.2897858858031,44.77398364414126],[9.28852050264456,44.7736717679611],[9.287544703123766,44.773134093682515],[9.2869749960292,44.772496419283684],[9.284722091563191,44.767091744576554],[9.285030327515592,44.7629589542571],[9.285211485022742,44.761257083009276],[9.285521514313755,44.76006801580584],[9.2858995206984,44.75942790730101],[9.286512777191838,44.75867913213142],[9.287431688088084,44.75798366248946],[9.288199705843043,44.75744159111466],[9.294259821712766,44.75406829848873],[9.295683763110462,44.753344431884955],[9.29806543562491,44.752158942684815],[9.299325785344394,44.75157950248008],[9.314422974273732,44.7446522353845],[9.315431803551096,44.744334370161155],[9.31770300095269,44.74387796353587],[9.318939706025029,44.74365847589678],[9.320100705840785,44.74345716202672],[9.321199422679314,44.7434180715101],[9.331674794460056,44.7352590211019],[9.332033590194202,44.7339526627379],[9.330546699207362,44.73010404677451],[9.33015034442922,44.729249970580014],[9.329575342217533,44.72806333130084],[9.328581692178872,44.72653582162385],[9.325910525278351,44.72309559194279],[9.32532701113287,44.72262013211472],[9.32438970438683,44.722100671888086],[9.323161699826843,44.721528006352614],[9.322313979394664,44.72121531729517],[9.321213266135091,44.72082230705478],[9.317228624979274,44.71949209973463],[9.312969491386317,44.714057452343596],[9.308480723548053,44.70563453388731],[9.30844013785858,44.705121510765714],[9.308574732210728,44.70431994231738],[9.309435194905317,44.7023460977823],[9.310138068460203,44.701597003078525],[9.315429349066665,44.69740542099561],[9.32210300159027,44.69456006455534],[9.325356524110916,44.69408271335321],[9.32591096191492,44.693928107759476],[9.32615011425174,44.693810387418374],[9.326097045112974,44.69335142683385],[9.325736618796995,44.69209211594851],[9.325110668217986,44.69074355006731],[9.324805066599367,44.690258296380584],[9.324637465427283,44.69001562396267],[9.321441734210314,44.68913819697669],[9.31074736686707,44.68805148787061],[9.309661643685216,44.688009177175154],[9.30099512198508,44.683683510172905],[9.296626855374369,44.680810417013966],[9.285493247728084,44.67987554068936],[9.285805994051959,44.68445695691697],[9.278606171219247,44.68560003882242],[9.269957007416338,44.68448652306929],[9.265979745125046,44.68397370795426],[9.263239631892874,44.68077521981639],[9.26039688488545,44.67994450061547],[9.259475786698255,44.67994659701223],[9.258456328239122,44.68052505976657],[9.257588772314934,44.68122020786007],[9.255639324646062,44.68574456170172],[9.254787322596991,44.68979674359108],[9.254330592859182,44.6921293718248],[9.248146093091208,44.70087522899396],[9.240010805568083,44.71151535853423],[9.239294697163864,44.712363088733355],[9.238301367753335,44.71334640628608],[9.236301927198367,44.715295063668584],[9.23562270935711,44.71592663423318],[9.23518547475563,44.71627813117486],[9.235083700134084,44.716359876124685],[9.234966289092313,44.71593703039676],[9.23300306817784,44.707624958624976],[9.232259071635042,44.70332565130546],[9.234701240103995,44.69827001711219],[9.238580851278709,44.69224440314292],[9.24213247814376,44.68745668834635],[9.23708781121188,44.6851176469475],[9.223793546386998,44.683407020760626],[9.217913558001296,44.683472398660356],[9.216803343674043,44.683528531547374],[9.212552997914736,44.68410365669566],[9.211836172689374,44.68421731089456],[9.211001800101663,44.68434960398787],[9.204154067464847,44.685550358343285],[9.203132654809373,44.68575922545056],[9.20199547917868,44.686004719225636],[9.20031989688178,44.68640483125319],[9.20301234838122,44.69105283780437],[9.20635895147008,44.69914360308751],[9.207228580992487,44.70552997046029],[9.206212528898778,44.70734128925876],[9.205361893203918,44.709539386638774],[9.204206395641126,44.71481680219975],[9.202830258165609,44.72205709957051],[9.203111869096785,44.72314587542159],[9.203417906296176,44.72400055532616],[9.203799172746255,44.724693057544805],[9.20623285923897,44.72821743996578],[9.210981806897971,44.734456488742346],[9.214041348685809,44.7454601384304],[9.21355045182904,44.752348232196844],[9.209282561848804,44.75355342750547],[9.19926004698594,44.75608297169034],[9.194158322151702,44.756838956153025],[9.189075714147128,44.7594486596713],[9.173818585936615,44.77002396584205],[9.173373697863218,44.77035316266493],[9.173087558617537,44.77056491464126],[9.171726254871182,44.77168317248411],[9.17143728231589,44.77227769459953],[9.170359845413161,44.77548408420121],[9.170337424021666,44.776356228062745],[9.170427871583472,44.77722130136307],[9.170449112571122,44.77739869108417],[9.170476600857414,44.777626224966184],[9.170492870314051,44.7777530697925],[9.17050457963186,44.77784297787182],[9.170531610847178,44.778049482183434],[9.170695305349994,44.778878489626436],[9.170724070371387,44.7790214351915],[9.17096676952011,44.77988528521083],[9.17138729298069,44.78043275301171],[9.171499670589906,44.780577654162144],[9.172120646694594,44.78112585056905],[9.173835313107725,44.78385100286962],[9.174089835401817,44.78866668565382],[9.173504949063215,44.796148871224574],[9.170031152726775,44.798666655530454],[9.16488677229834,44.80208931286873],[9.155660267874731,44.808905654902794],[9.155120205984632,44.809408191060584],[9.155403167440836,44.81119920906565],[9.156074887082772,44.811720457241705],[9.157125766803167,44.81235858920295],[9.155526504411219,44.81495329033034],[9.15003934187892,44.81072962298932],[9.146725901883283,44.80903964568566],[9.126115926132998,44.80618502143347],[9.115799176494413,44.80730368268437],[9.106828351361788,44.81135439190385],[9.103166591405914,44.81453552154244],[9.095901368891353,44.81866483199833],[9.095745103118825,44.81873958156242],[9.095145245186979,44.81902561599333],[9.094433510064107,44.818871245316686],[9.094194191682547,44.81881933363588],[9.086842338034753,44.81661956827415],[9.085336515618925,44.816107581461615],[9.083939770580946,44.81562863269841],[9.083843384912194,44.815595565431465],[9.0826789977448,44.81501127995826],[9.081615865635474,44.81446291461985],[9.080806202957344,44.814283442343736],[9.079895500567076,44.81420307208751],[9.077001310886116,44.81479019544696],[9.07669679836559,44.814943440794465],[9.073296979911953,44.81672808745079],[9.072639762973358,44.817088605934764],[9.072257457813905,44.81747740481579],[9.072147134830841,44.81759302610579],[9.071932452667237,44.81786323609363],[9.071806551081364,44.81833141519898],[9.071984675642476,44.81917751297809],[9.0727196156026,44.820248296255635],[9.073719766856549,44.820976831433555],[9.07501247366192,44.82295646302956],[9.07342435508501,44.8270440564277],[9.072906921417784,44.828034605618356],[9.071062178390228,44.830169642977324],[9.071001196100204,44.83021998247557],[9.070417695181458,44.83068322853077],[9.069304684766623,44.83089096795551],[9.067888058759651,44.83108986171078],[9.067015139861395,44.831072364775814],[9.064492666093273,44.8331035766147],[9.053377226514007,44.84422266171018],[9.049687469314144,44.85010274568059],[9.05670299994965,44.8544380883379],[9.065091177935795,44.85932208028059],[9.065567693315485,44.85938442125123],[9.065720558330877,44.85941929323462],[9.065957676647733,44.85947354932552],[9.066745082782298,44.85965387032221],[9.06758094455576,44.860094485859555],[9.06804977501533,44.8605353136304],[9.069850966944495,44.864153449450825],[9.07006678720434,44.86468443730459],[9.070104301831133,44.86603794637568],[9.0697705327394,44.866894754654126],[9.069677226281994,44.867133126107],[9.069260821593398,44.86781166160193],[9.069234993749573,44.86785279902098],[9.068810550134067,44.86833882969811],[9.068628243102667,44.86854708316682],[9.067970515989051,44.86898858111697],[9.061517350391222,44.876022700464254],[9.059513667086453,44.880650960611966],[9.05562115007297,44.88816063208207],[9.055223924784473,44.888924586717934],[9.048668418446026,44.88771309192928],[9.047415328043824,44.88740784275005],[9.046731098829213,44.88687700683679],[9.043048436663174,44.88435443155256],[9.042268030549183,44.88445224470868],[9.042170200682083,44.88446660233071],[9.040854220728727,44.88505199363613],[9.029874853601072,44.89053786067428],[9.029631635097289,44.89108038968094],[9.029511386258365,44.891348165755794],[9.028777349353398,44.892293575202515],[9.025422729418437,44.89539105504564],[9.019991216312063,44.9001992108244],[9.019079431073639,44.90069448684791],[9.018397843088195,44.900802820837406],[9.014198888148277,44.90141934083366],[9.008047836137536,44.90298240518286],[9.006340963276935,44.90367104940969],[9.006173287660888,44.90373869842157],[9.005248687984395,44.90440489669989],[9.0013474319328,44.90819485161198],[9.000574734759578,44.911714641241616],[8.998306927284426,44.917881001187396],[8.995545661833912,44.91861888845883],[8.991286866653343,44.92474018712351],[8.988206348351957,44.93085209682553],[8.98189390243093,44.93561330985352],[8.972879978124201,44.94195789889176],[8.970610492366648,44.94324461158394],[8.969988930376134,44.944639429322834],[8.971240237264682,44.95252541441005],[8.971404315197601,44.953290629352075],[8.971721314446215,44.95392100045662],[8.973026490770064,44.95386749771674],[8.974941344376193,44.953651562739616],[8.975980949523372,44.95347164977998],[8.9783251460511,44.95683901185687],[8.977630479150367,44.96601012146028],[8.972529980969833,44.9733608135714],[8.966870096288744,44.979885899772114],[8.961275880697205,44.98536507273182],[8.958505352501138,44.98748522076679],[8.951954199566371,44.98822090226129],[8.944497654099768,44.98713701197874],[8.943612184761752,44.984499314871705],[8.938160963003407,44.98201196581889],[8.927787585882667,44.98232994736004],[8.916860566701384,44.98811944304016],[8.910570981867387,44.99547854372996],[8.908423146806534,44.99828533824899],[8.90127373458691,45.00776281772726],[8.901250869233326,45.007846984765784],[8.901159286135956,45.0081853955269],[8.901119875963841,45.00904968463343],[8.901243359862223,45.01103919674915],[8.901318555366865,45.01182241432743],[8.90141866504706,45.01264167618826],[8.902578529891336,45.017004156796816],[8.902755435661804,45.01746339545388],[8.903071206392243,45.01836386276503],[8.903310940291043,45.019219345247855],[8.903490118790906,45.01999463386865],[8.903524628636587,45.02014686887236],[8.904657459313304,45.02662036461356],[8.904373847459148,45.02957235971722],[8.904168969069557,45.03049926545799],[8.902520788953304,45.03714125057315],[8.900044797934992,45.043986038946265],[8.892749135619685,45.05002278840593],[8.889446616845275,45.05024500955992],[8.88572093777477,45.050613258134796],[8.881058582131013,45.05408033888139],[8.881299072021658,45.054476659296846],[8.881996216100397,45.055125525050684],[8.882973248079367,45.055747644693625],[8.8841274967718,45.05627091653045],[8.879271424846117,45.05903847257283],[8.869355715663783,45.05236621742636],[8.863729528547884,45.048170235292076],[8.858604908387232,45.05076012899293],[8.848882307182642,45.04967647525267],[8.840521568060936,45.04746868824132],[8.837990998481198,45.04423343194667],[8.830911455495817,45.04270187645548],[8.825360430082004,45.04400783216276],[8.821780472812135,45.03965437505213],[8.809919626185994,45.03428288331494],[8.804451770843498,45.035683296486944],[8.800311148837718,45.03620722587201],[8.799536819983157,45.03628689427415],[8.79885164633445,45.03628568865763],[8.79789965814387,45.03622999316842],[8.797303347521984,45.03612092024395],[8.796212608462541,45.035812909282015],[8.795642321095649,45.03552383309396],[8.795363889132071,45.035280297522576],[8.794643080468145,45.03448683987632],[8.794377893607793,45.03409027222672],[8.79415257600296,45.033198703330264],[8.794242474185793,45.03291080803668],[8.794370460323783,45.03262298034137],[8.79547842322689,45.031418721121575],[8.795873282864795,45.031041348693336],[8.796344594470463,45.03059209980295],[8.796853957984737,45.03014291752375],[8.797553501891207,45.02975708337573],[8.79775373864124,45.029674364296454],[8.797816853194094,45.029648316583625],[8.798074688350681,45.029541913225216],[8.798709607406103,45.02937200731442],[8.799242646036063,45.02940894677709],[8.799838888179035,45.029518011384575],[8.800409364625152,45.02973505671367],[8.8009041296816,45.029825940005885],[8.801260894099652,45.0293314516786],[8.8027125606515,45.02726523523101],[8.80221275962734,45.02558833674417],[8.80191096234421,45.024813397531396],[8.80169672384914,45.024362936732054],[8.801242230760314,45.02348923707196],[8.801014789540135,45.02319178764954],[8.800749391947509,45.02285824417675],[8.800369907281674,45.022479502948734],[8.799952310923087,45.02211870466898],[8.79952197675565,45.021766878071496],[8.79907879939039,45.02146904309638],[8.798039759442009,45.02097209906632],[8.796949978304074,45.02046607864799],[8.796430670004627,45.02027611438794],[8.795771497979581,45.020040876557196],[8.795199466779643,45.01992228024058],[8.79471198392432,45.019881395197885],[8.794541636110425,45.01986744649517],[8.792954742034802,45.019792775214796],[8.792104272068801,45.01981824221741],[8.791469375146065,45.01989809187692],[8.790948977716235,45.02001416693457],[8.789474794214254,45.0206325816237],[8.789055060116688,45.020874860069604],[8.788508424225547,45.02121590755773],[8.786029218608283,45.02236359843128],[8.782434227416811,45.02333798738103],[8.781430907078436,45.02359712013378],[8.781328894483233,45.02361596565297],[8.780948263546701,45.02368624313026],[8.780262547757586,45.023765948253455],[8.779564207717188,45.023818602120734],[8.77906904123877,45.02385365015795],[8.778523247043834,45.02385259302214],[8.777698663387294,45.02373397989922],[8.775994275424386,45.021372129774456],[8.775732476853554,45.02015637016807],[8.776385373638403,45.01871735779574],[8.778677076427712,45.01324867197434],[8.775763875087144,45.00854401846402],[8.775659380687504,45.00838288333827],[8.775524225349614,45.008174480914114],[8.775233233268796,45.007948862533794],[8.773282015625083,45.00719784226876],[8.772699049089823,45.00700766126979],[8.772281910425026,45.00689300376293],[8.771748257720938,45.006780700876526],[8.771278951189649,45.006725762163946],[8.770720781917895,45.00668864068843],[8.769198191131537,45.006658566250884],[8.76867780310259,45.00669352016712],[8.768055371379328,45.00685428954123],[8.767648552062596,45.00704250283167],[8.767321245572159,45.00724466762504],[8.76724189379081,45.007294005662516],[8.767214032367658,45.00732479573971],[8.766937235520283,45.00763442280404],[8.766803633532495,45.00791583619611],[8.766741069081954,45.00804764318693],[8.766706356426011,45.008120810957074],[8.766615884471845,45.00852569332893],[8.766639787727463,45.00888583220549],[8.766701679116379,45.0092730372955],[8.766767342696697,45.00952550131137],[8.76681466351898,45.009705060954104],[8.766952714488912,45.010083423918914],[8.767024036579183,45.01027410208103],[8.761729428474776,45.01209833840825],[8.75108122549529,45.00964511440851],[8.74966131390738,45.00933595659829],[8.748735697694924,45.0091628785689],[8.747880439104232,45.009146724784614],[8.747726160218829,45.00929445205288],[8.748210776269223,45.013248272423446],[8.7516305193184,45.01479514943333],[8.75198578506937,45.01482287949412],[8.752328204906336,45.014868628508545],[8.75365959911849,45.01513241922272],[8.7537839311399,45.015185772458864],[8.754077344416109,45.015312253051334],[8.754110718704217,45.015327070028754],[8.753462581743678,45.016581717987386],[8.751279337213818,45.019952660825474],[8.750960162154247,45.02038406254014],[8.750539820290102,45.02072522165489],[8.750145318215695,45.020967398701224],[8.750053692442576,45.02102276149955],[8.749801759581255,45.021164687325346],[8.743813605542151,45.02367192787758],[8.73927840277319,45.02360072891735],[8.733928172510169,45.023415324616444],[8.728015609817284,45.02284820360798],[8.720575176707278,45.026796341104394],[8.714997935047965,45.03556690477751],[8.714703695974249,45.036025250211694],[8.714345579624142,45.036546469787424],[8.713936999910173,45.03696858085859],[8.713211321914816,45.03738982888362],[8.712929133240085,45.037522664427264],[8.712868504716223,45.037551186563576],[8.7125122496339,45.03770332477867],[8.712143348121327,45.03784641463383],[8.711761801339113,45.03798049381801],[8.711393141053914,45.0380695661502],[8.710999175671127,45.038149594797005],[8.710643319043514,45.038220702373934],[8.710058933933873,45.03829123069407],[8.708091682202157,45.038157191140705],[8.707556418073487,45.03804176541314],[8.706640977877697,45.037794114035265],[8.706063306193318,45.03755858557078],[8.705525092798629,45.03733215599014],[8.70499647874365,45.03705173114873],[8.702981203069442,45.03497608664631],[8.702510040425462,45.03448876732038],[8.702007144566734,45.033769569473996],[8.701322527460986,45.0325975382953],[8.70100523847524,45.03182255482593],[8.701045077953436,45.03056691248944],[8.701103734638522,45.030274509455985],[8.701847467421173,45.028228540943346],[8.700813690408724,45.02651773180055],[8.69504399987158,45.02322577775781],[8.689603597841199,45.024860710908975],[8.68574662802246,45.02707362167368],[8.681690499242402,45.02884180341931],[8.672932226347216,45.027919839348925],[8.666841796028203,45.024459822956445],[8.666916820005316,45.02409466593562],[8.667001192228321,45.02350080078575],[8.667028233292509,45.02307780069502],[8.667006456119442,45.02273116080711],[8.666927778687022,45.02244512313171],[8.66667569109357,45.02169724412337],[8.666437381343755,45.021208183038155],[8.665999484035414,45.02060800542484],[8.665887978369588,45.02048165184391],[8.66582205961705,45.0204274422091],[8.665623867857043,45.02026932894896],[8.665408196794555,45.02011784083784],[8.665143614226087,45.0199842631164],[8.659319176318695,45.017941992837855],[8.659238174754416,45.01792373927875],[8.659067916544712,45.01797499926079],[8.658385780579682,45.01833303050571],[8.656812549624972,45.0193027709567],[8.652501887109212,45.02289946929215],[8.65195976618251,45.023688819956185],[8.652579955978059,45.024027959570525],[8.65318853257503,45.024370012250415],[8.654490477069926,45.02525051369352],[8.654930424087844,45.02557140810877],[8.655306677372804,45.02586959757346],[8.656010216696444,45.02651983566774],[8.656345703601465,45.02686967050154],[8.65657626361958,45.02718542908964],[8.656791366569081,45.02753489780751],[8.656965705810277,45.027899987959245],[8.657026799171499,45.028431286109296],[8.656948811233054,45.02940099197592],[8.652589942738148,45.034314056591214],[8.644246614966109,45.03563863807032],[8.634737784102526,45.04096242446094],[8.643214993489119,45.05126254238839],[8.64477038930515,45.05206851915177],[8.645034345192114,45.05224936415062],[8.645394516214559,45.05253404112762],[8.646081894173197,45.053213583663506],[8.646352987442624,45.053563243945504],[8.6466161797192,45.05393763688056],[8.646798382336,45.05431627965985],[8.646948917595635,45.05468580888956],[8.646995038261313,45.05498749330291],[8.646977178687637,45.055243986935245],[8.646950954470997,45.0555409593717],[8.644690211611454,45.0609350528899],[8.64453606093112,45.06125860219401],[8.644189938719823,45.06177062417278],[8.643795362786996,45.06215330329691],[8.643551856832458,45.06238946087998],[8.641141369536573,45.06408329432722],[8.642337633939114,45.07199983535932],[8.639917539807923,45.077118818656764],[8.636561860197165,45.08378739517868],[8.630321065599382,45.088200691976304],[8.622431981988615,45.092288449320534],[8.620675787967112,45.098601794927355],[8.61352184361656,45.102412709108386],[8.613253543323292,45.10256493889245],[8.612462052865675,45.10321020559644],[8.612229922765408,45.10344138683121],[8.612146663628499,45.103524311911926],[8.611489347401498,45.10417926405908],[8.609967372003691,45.105731121919604],[8.609095213036582,45.10688941920444],[8.608670725927306,45.10760829695365],[8.608475016353086,45.1083457639325],[8.608584346821269,45.109147287717676],[8.608847701062878,45.10967028184428],[8.611941957648455,45.124081253743874],[8.610850653146066,45.127642187123854],[8.601443446120266,45.12946617404357],[8.594542577356291,45.13082831672383],[8.588161351218904,45.13660072133322],[8.588012758478724,45.137803166815395],[8.587946501217273,45.13833884634625],[8.58793407073452,45.138436233292765],[8.587555414518448,45.141354897599705],[8.587299498205127,45.142800643998356],[8.587158185784537,45.143592952700445],[8.587127643947229,45.14375585588717],[8.586827048648692,45.14533992211477],[8.586784740535045,45.145542197425314],[8.586469807412046,45.146715877060466],[8.585098685222414,45.14812661061623],[8.580674321553829,45.152257933835465],[8.580647801887338,45.1522789445189],[8.580001306811996,45.152699213366084],[8.577701091902894,45.15301929275055],[8.577293942697558,45.15302678462694],[8.556690694440707,45.157701544433564],[8.55546630372269,45.164696868804775],[8.553540651059677,45.166985646274284],[8.547782022773296,45.16815136675051],[8.547662229695451,45.16872447553847],[8.547172734148392,45.16988918606145],[8.547156669135576,45.16992422883544],[8.546436277886546,45.17097452371164],[8.545589668339973,45.171817299739786],[8.545480572243005,45.17188386134633],[8.54528556965793,45.17200278554566],[8.544694691932477,45.172362865142865],[8.543636845324263,45.172529746488415],[8.542966039467933,45.17300285373479],[8.542901709027927,45.17709050358563],[8.543691130977928,45.18033310234279],[8.543732605500999,45.180487906364505],[8.543950387430682,45.18128941015448],[8.544592741286111,45.18213813297681],[8.545540951125728,45.18294305053051],[8.562406036529348,45.19448376082994],[8.572393554911194,45.19865313911664],[8.573387421306535,45.19854884459775],[8.574576544483152,45.19884676069846],[8.574810044635171,45.19890537108026],[8.575311582968208,45.19909349672943],[8.576842525765901,45.19989549881705],[8.581210350308382,45.20221014607755],[8.577793758236252,45.20791570793731],[8.57764354540724,45.20789931152617],[8.575752006695023,45.207658363676174],[8.574443468900276,45.20727542735739],[8.556876196735198,45.20517428145637],[8.556025549187915,45.2048559208178],[8.55487127075036,45.2042843258996],[8.550604851537543,45.201153091451],[8.550459093651433,45.20028611908196],[8.550773520596598,45.199162169112405],[8.551085236084106,45.19832850227704],[8.552048718416927,45.1972070842552],[8.552296767176063,45.196424921600276],[8.551928836184699,45.19626145229513],[8.551192628095414,45.19597950784461],[8.550075995943844,45.195660015421055],[8.546478774370822,45.194862380323045],[8.544291511660155,45.194532194482576],[8.53093576357209,45.193343916503835],[8.529407430957075,45.193445658700675],[8.527959727276809,45.19459164976627],[8.524542951440864,45.198407808184115],[8.524769249879835,45.20021362211342],[8.525417021150478,45.20198946010524],[8.526744192263516,45.20157205096601],[8.527604246618285,45.200729473705294],[8.531803446888128,45.19933350771552],[8.532236774455729,45.1992812862213],[8.540625775797798,45.20103463812679],[8.54325356632497,45.20186430677323],[8.547226803917601,45.203437591868294],[8.54798533147971,45.20407153972768],[8.548048582277087,45.204124765390056],[8.548031055598031,45.20418290671436],[8.547891912081738,45.204637062168786],[8.54781206743873,45.204866315791364],[8.547644175383196,45.20534737627657],[8.547307415748335,45.206066172907875],[8.546756088077746,45.20669410022774],[8.545342911980955,45.2082637588265],[8.544623816716765,45.208963718035136],[8.53761713097773,45.214227751756596],[8.536593455988125,45.21497072209408],[8.535543463004942,45.21566857630126],[8.53472588973277,45.2161008227671],[8.534547736332648,45.216195004189885],[8.533701674691972,45.21663325725967],[8.532504822687986,45.216592359933664],[8.531129553822359,45.21664063368741],[8.530390555543466,45.21680874822073],[8.529343379047573,45.217146472687155],[8.527527147015787,45.21806630334913],[8.526656680013744,45.21860259509204],[8.525670272325682,45.21929162542221],[8.524158836663482,45.220551123441105],[8.524094135016723,45.22060879792223],[8.523681256083357,45.221090595679456],[8.523244930373098,45.22160390577355],[8.523001461262263,45.222133173036354],[8.522934732947073,45.22227838772069],[8.522778410560354,45.2226190573371],[8.52258201487884,45.22325734394553],[8.52259144229715,45.22330538335494],[8.522740939575453,45.22405464575279],[8.523059711305331,45.224968213957354],[8.523101190780501,45.22508689197331],[8.52354237352402,45.225826387862504],[8.523666580531202,45.22603430576106],[8.523688115462427,45.226062836038174],[8.524498071042423,45.22712706413092],[8.525322015777146,45.227832222360476],[8.525535204582992,45.22801349333509],[8.52589647535198,45.228280275195274],[8.527079825184263,45.229154098963704],[8.52810425682843,45.22953868846988],[8.528413319220874,45.22965471069124],[8.529735729140778,45.229948210770175],[8.531045115213605,45.23022362721397],[8.532369910290791,45.230229059195],[8.533860685600235,45.230190134733895],[8.535746894694022,45.23003579114588],[8.537479945954695,45.22991680072144],[8.539172429674919,45.230139684286975],[8.540368679215538,45.230606812484055],[8.540569435304823,45.23068532083031],[8.541633817630245,45.23139171583547],[8.542449114806487,45.23199961270944],[8.542495083270278,45.23203428004091],[8.543201889439985,45.232919218932665],[8.543397719714715,45.23338717756396],[8.543651594862991,45.2340012218186],[8.543479576123369,45.23473873953036],[8.542387929937421,45.235895537415004],[8.5417220805187,45.23636093407543],[8.540355560487523,45.23682352711416],[8.538823888212535,45.23715939186016],[8.537664978643488,45.23710077448785],[8.53595890268631,45.23695883752771],[8.53494486852438,45.236963799167825],[8.534267599953907,45.236967119049645],[8.533958972232487,45.236968686593826],[8.532097566311347,45.237149911422485],[8.530816283597707,45.23735071862027],[8.530529206006712,45.23739572680536],[8.530308528778978,45.23751939018284],[8.52962031946099,45.23790565268459],[8.52897645310853,45.23874833484048],[8.529076069420086,45.23937714118479],[8.529098182591538,45.239514135136766],[8.542281158115607,45.239783855871636],[8.544141059036976,45.23981826408819],[8.54517353046634,45.23969633888749],[8.545777523225642,45.23930687090838],[8.54618441998426,45.239043256841036],[8.547208607152555,45.23842622739968],[8.548041153029196,45.23792540387768],[8.548728596726964,45.23795508091768],[8.555359700010873,45.23880931022723],[8.556215257416323,45.24019886028438],[8.556352178077509,45.240613462551586],[8.55632516502315,45.24073757087842],[8.556180957679366,45.241395854543235],[8.554777694837592,45.24318176889127],[8.554049956921856,45.2433679621139],[8.55304350339941,45.24334601580265],[8.551656398795421,45.24312454022584],[8.550346658979006,45.2427863422273],[8.549037435963855,45.24238510510863],[8.546214581673794,45.24180684305335],[8.544532884559917,45.241809145100845],[8.542798108624735,45.242090208336826],[8.540998345563048,45.24238297231085],[8.537795424073227,45.24310525734715],[8.536238005890572,45.24351301231252],[8.528717879467392,45.245489563777795],[8.527799634717935,45.2457837958465],[8.527654706970095,45.24583035292864],[8.525818231786621,45.24645864691261],[8.525177771033789,45.24690605760162],[8.522495388793214,45.249239754882744],[8.522082276722525,45.24992213096819],[8.522768349342286,45.25462609562892],[8.524043717734166,45.25451441125922],[8.526327073568487,45.254298709983644],[8.530905801601124,45.2536876564389],[8.531622651896479,45.25327652996369],[8.53256039515661,45.252371223614944],[8.53360101934464,45.251250288345396],[8.534395387727834,45.25036464978492],[8.534493003511589,45.24982045852449],[8.536013911427954,45.24758753249009],[8.536864361857598,45.24799603724307],[8.539043024720922,45.249616126790436],[8.542726686798012,45.252511404018115],[8.54338394411936,45.253279878275094],[8.543606354241836,45.253940788964016],[8.543619610751483,45.25398185559473],[8.543604015150523,45.25410202667195],[8.543538554249315,45.25460323651296],[8.543010842798909,45.25522200107085],[8.542344421233375,45.255712582876214],[8.542293110617864,45.25575023227058],[8.542082967537405,45.255863354624765],[8.541179792903089,45.256348784498726],[8.539634091460412,45.25661918046543],[8.539514454073197,45.256640102890856],[8.539419011365226,45.256656793030196],[8.537659244571312,45.256802701591596],[8.534604281015444,45.261024036249275],[8.53272263688676,45.265333846169725],[8.53465072642148,45.27110277768173],[8.535678077503007,45.271719063588144],[8.536108006167328,45.27221573732769],[8.53552648542018,45.276327045574604],[8.535429558030756,45.27683069978491],[8.535353385739324,45.27722649333244],[8.535106136651772,45.27780153846328],[8.534020952829366,45.2780583258995],[8.522411550643342,45.27913554499903],[8.522362897622058,45.278856291814414],[8.52258400947632,45.27681389969555],[8.522886977052064,45.27565397769947],[8.523783985961417,45.275081630241615],[8.523824945603415,45.27475775261941],[8.523254512791269,45.27436831317198],[8.521956044823698,45.27416485645234],[8.520606083211124,45.273997173919355],[8.517549348733889,45.27376826776047],[8.514077597627749,45.27432059457922],[8.513422960626725,45.27490061922423],[8.513091956462175,45.27526830044943],[8.513023572651267,45.27534449819214],[8.512821960418965,45.281104622165756],[8.512803748441039,45.28174364626584],[8.513089132631745,45.282663012738084],[8.513568570434206,45.283259139059],[8.515744129775364,45.28518568749483],[8.517419729959684,45.28663240296439],[8.51199744559937,45.29102066778278],[8.510265432824177,45.290887233683534],[8.50609810097504,45.29057224733491],[8.504414847441316,45.290564955921155],[8.499177151027016,45.29174828235678],[8.498337479071374,45.29222644681245],[8.500049883069897,45.296613976876145],[8.507205910972544,45.30710136001897],[8.507710519629917,45.30775163193717],[8.51036537500764,45.31058036360536],[8.513543557425823,45.31327821116127],[8.514228429075594,45.31215646065868],[8.514730075702504,45.31167250746326],[8.515969332949865,45.31149773188911],[8.5177172513887,45.31149612997076],[8.51951152654127,45.31176496446652],[8.519754643661878,45.3118017550801],[8.52161318736748,45.31227763294612],[8.523013262797974,45.312809045446194],[8.523150736530516,45.31286166307912],[8.52489407348717,45.31353352571841],[8.526646213185186,45.31439592606752],[8.537733727335274,45.32040467576071],[8.532968144239275,45.33220405989569],[8.528157717836242,45.33680202616257],[8.526632720219375,45.3407022373296],[8.526365468735946,45.342150219044505],[8.526451200097084,45.342546757130684],[8.526650330845174,45.343159670617794],[8.527003573975342,45.343656207587266],[8.531895416732846,45.34482853019898],[8.542019253603371,45.34780395850159],[8.550850706943262,45.35614717806065],[8.55175479100673,45.361317460327285],[8.553196104681593,45.36148519866699],[8.553757082269218,45.361523360270425],[8.55720531825611,45.35330075065958],[8.559293561014691,45.35229161278699],[8.565666908476114,45.35023672340942],[8.571030587750485,45.34863163772501],[8.577851051943282,45.34777104322991],[8.580898825394563,45.34999653037088],[8.58190443705841,45.350387270486536],[8.58413299030172,45.351133512781416],[8.586897470029147,45.351926658843816],[8.590752866541694,45.351922537881585],[8.598238288785026,45.34950969386252],[8.608374910579105,45.35308246089077],[8.622862745067675,45.355246593575],[8.628818248006242,45.349780118981975],[8.630633417720066,45.34610865053523],[8.634190031249108,45.336943252441216],[8.641493176782369,45.33327587083326],[8.654456834815543,45.32700605144437],[8.655711406839238,45.325680669916245],[8.660868310258904,45.30847329400779],[8.663486294757766,45.29485297829255],[8.663591009604234,45.294331210964295],[8.664887909281145,45.2928317907399],[8.666028137639628,45.29191705214153],[8.676159547817017,45.29284634714387],[8.693649462412472,45.29372270118022],[8.701199627984542,45.29563303944624],[8.702332935983346,45.29596903829225],[8.70275330365794,45.29612311287857],[8.708986229715434,45.29917263519994],[8.716671543744374,45.30807645440404],[8.723377342167506,45.3220360855219],[8.725748459276668,45.330431028313285],[8.72431509402112,45.335810129094256],[8.733894768645587,45.3336817673947],[8.73508653518324,45.33340549165013],[8.742908166465648,45.3369388680333],[8.745289588917686,45.33949672481503],[8.749167250504836,45.34158777761429],[8.755581792328469,45.34448244253866],[8.759377088218262,45.34571993048778],[8.762304144652205,45.348392262283625],[8.762538226880618,45.3486193732306],[8.76267469544617,45.34993385672503],[8.762674619611138,45.35023089290085],[8.760662219901114,45.35569647213532],[8.757227940931854,45.35689834507819],[8.75609006881794,45.35721102708877],[8.75337136934494,45.35704316636862],[8.75184008213773,45.356859826014464],[8.747488955410656,45.35629220779191],[8.735290345831132,45.363168502642154],[8.722242168160749,45.37058165727935],[8.719881261798859,45.37302413550282],[8.718484409126921,45.37648608208154],[8.718470372592034,45.37681919939043],[8.719076898867819,45.37807955586721],[8.71929267426842,45.378378511940376],[8.72209583849907,45.37974441410926],[8.722568093295617,45.379691627095134],[8.722914010268804,45.379449536243854],[8.723325487881533,45.37888345002389],[8.736176864985906,45.37573633458949],[8.745674907310399,45.37648705609146],[8.755047574555501,45.37689459446065],[8.75973784765412,45.37638254604541],[8.760886587670452,45.37648390017066],[8.764025075914253,45.37730048767039],[8.76239810513568,45.38211478166255],[8.764953379371311,45.38759081447248],[8.769052963114312,45.38760826389452],[8.779135921266795,45.383271593172076],[8.79338107081931,45.378959684463304],[8.794735104697658,45.37898915138438],[8.80154253332178,45.37918133729837],[8.804056086981625,45.379878583742034],[8.8069263766443,45.380918591623],[8.810102058393829,45.38229216347247],[8.811899900274867,45.383267083030226],[8.812025970085955,45.383834594299856],[8.811536172162235,45.38511187819058],[8.810981612253034,45.38665009700436],[8.810658162704225,45.38792782178285],[8.81051499094576,45.388782798207586],[8.810817879381394,45.38892086372679],[8.811228461042326,45.38910797999437],[8.814163476058683,45.390066929167205],[8.821430086231095,45.39185636100891],[8.823290712587808,45.392223696893375],[8.825682447724619,45.3917907951249],[8.8263875714245,45.39119835701695],[8.833168910802446,45.391374376041604],[8.840063683189065,45.392788458410806],[8.840995382120779,45.39310476978157],[8.842896694817354,45.39383795019038],[8.84531499634944,45.392314129805456],[8.846735521464147,45.39139793117529],[8.84764469512002,45.39033781487593]],[[9.28967513089433,44.70121856093497],[9.289862481514588,44.700821989035525],[9.29092801459523,44.700910474921045],[9.290967892737887,44.700916817247666],[9.291964542668952,44.70110029120152],[9.292202785532385,44.70114434460282],[9.301732854621815,44.70308681388454],[9.299682436941374,44.704516551657676],[9.292822491005134,44.70589059531743],[9.292695521896059,44.705866616132646],[9.29128744022433,44.705580610995376],[9.290944462672492,44.70515833230623],[9.28967513089433,44.70121856093497]],[[9.299185166521463,44.69246177355833],[9.299790804674467,44.6924331934602],[9.300676236329352,44.69250151584473],[9.301165199532221,44.692613677701765],[9.303001161887842,44.69303712118088],[9.303616141907922,44.693347862611176],[9.303646040501611,44.69336694925633],[9.304121622132385,44.69369804113134],[9.304607409488845,44.69426340770324],[9.30471549801829,44.695293032730106],[9.304673656540722,44.69564907524837],[9.304654628400675,44.695787180623505],[9.304205377751444,44.696550902670616],[9.29893950360583,44.69372277424687],[9.298670688116461,44.6931141952855],[9.298632741497796,44.69302137432482],[9.298858008651502,44.692651681685916],[9.299185166521463,44.69246177355833]]]]}},{"type":"Feature","properties":{"name":"Cremona","abbreviation":"CR","plants_major":23,"plants_minor":45,"plants_total":68,"aggregation_note":"Conteggi distinti nei consuntivi provinciali SIRe 2025; contesto depurativo, non dato AMR."},"geometry":{"type":"Polygon","coordinates":[[[9.526499330777789,45.49745520196063],[9.531025554857452,45.49423886294744],[9.538434650505067,45.49009069088469],[9.544116441554378,45.48740844384109],[9.542709200869512,45.47812597074202],[9.545424032507801,45.47040811213337],[9.54798176882963,45.46107970361745],[9.552055941443147,45.46045700656495],[9.554521794652064,45.4601750360051],[9.557781804165572,45.46001513487632],[9.569876207506624,45.4594693759787],[9.575552219527063,45.46020151672438],[9.583295176998886,45.46584644248565],[9.584434948469635,45.46720879367812],[9.585381291859669,45.468419099861364],[9.589223073521135,45.47371897264829],[9.592053757493016,45.47402841513986],[9.599527785688007,45.474259512330114],[9.607608496872984,45.47142637997996],[9.614152461035786,45.46261527788751],[9.620039580087276,45.45590463753089],[9.624094767388073,45.45598156327],[9.626390346757107,45.45654507062995],[9.62867170931587,45.458125743243535],[9.635493576446896,45.458547029088336],[9.636964352173642,45.45853883676239],[9.639572062819019,45.458407243943505],[9.643473634389345,45.45768699917256],[9.646361105805036,45.45594769753709],[9.651883002249093,45.45233387397937],[9.65518480547809,45.449218580009806],[9.65552267102752,45.4485775590235],[9.65652286353302,45.44660956773658],[9.6566672088499,45.4458256265476],[9.656668736172406,45.44485349928161],[9.66295111972415,45.437544267469086],[9.683362972407755,45.44123151062337],[9.685363410774826,45.44382085760253],[9.68832046743548,45.45355132009255],[9.689839448024651,45.45842973219546],[9.698303311556394,45.464508136426666],[9.700888178156038,45.47020345162468],[9.704985218707545,45.47823828137467],[9.705150842359044,45.478481089297205],[9.705389354838426,45.478830328672295],[9.708260268089168,45.482278040592064],[9.708484121429965,45.48234532499403],[9.708568078028982,45.48237033514317],[9.709274815151538,45.48257771673986],[9.712116960743497,45.48269507488641],[9.713921590913555,45.4827288075769],[9.715170263388297,45.48266518809693],[9.71885325698932,45.482139840305415],[9.720157056636245,45.48130864915782],[9.726350388859707,45.4770787713011],[9.737226162680756,45.474173732864344],[9.746192040339658,45.46815684075944],[9.747992858125102,45.46600279203304],[9.748685535988827,45.46228078644096],[9.753292789947317,45.455742673130416],[9.756221100966714,45.45570531174808],[9.756303254425122,45.45610982615665],[9.759108884146332,45.45646025169274],[9.760307902870107,45.4565695526751],[9.761643103242164,45.45659640815504],[9.76205044920025,45.456219966081605],[9.762653619202181,45.455662463568935],[9.764618217086502,45.452453916652544],[9.769763383744547,45.44052882868491],[9.770258488419497,45.43932832304633],[9.770561320797324,45.43809312983048],[9.770785466255807,45.4367144367261],[9.770659027984932,45.43587818287497],[9.770307850549656,45.4354394906234],[9.769593005079804,45.43458019574629],[9.768711352030182,45.43367700197678],[9.774752794156726,45.42952264919163],[9.799880081553786,45.42551495971008],[9.807354540111985,45.42527333224332],[9.810478035612014,45.43184008696984],[9.810958197119408,45.438587567145156],[9.814280930456457,45.44025615024721],[9.816907204334377,45.44149755548883],[9.82088663830953,45.44345827968555],[9.824120089641557,45.44617360949971],[9.823704970804762,45.44645339548251],[9.822792878938897,45.447045040669245],[9.821639768427664,45.44777342471495],[9.819926893585649,45.448703859055314],[9.818274920332085,45.44942679309961],[9.817839244332335,45.44936690578933],[9.814166496123017,45.45302064310741],[9.822993589759315,45.45556770517188],[9.82889423841645,45.4532657801908],[9.83832259525014,45.45000156966906],[9.840057269682797,45.45142001348037],[9.840929874441708,45.45162061060219],[9.842980397760202,45.45191154239178],[9.845107003272116,45.452156857517025],[9.846513078712926,45.4521104430697],[9.847982394134561,45.45116340929428],[9.851130843405338,45.447926582791496],[9.851291350099308,45.44775886922078],[9.851521134683782,45.447518615595854],[9.852162927781755,45.446829747060576],[9.852663009217515,45.4452238077009],[9.853084061441434,45.44346543313047],[9.853564821606883,45.441427568178455],[9.854336285642864,45.44001763245919],[9.856739958245248,45.43578706827166],[9.85775212045385,45.434240270050736],[9.858877137397096,45.43339470817496],[9.863181645214055,45.43146299514246],[9.864454743901065,45.43112023646435],[9.86941991976931,45.43227079728978],[9.873538633699093,45.43323849812376],[9.881055706958788,45.43075944999531],[9.88247894852423,45.42938927288811],[9.88489986474584,45.4281741277399],[9.88737610438709,45.42754343490397],[9.889613962951483,45.427331257050795],[9.889520856111847,45.42276370332796],[9.889500933855896,45.41742613761358],[9.890836080553106,45.41373428608079],[9.891046181719187,45.404237305015705],[9.892988027325758,45.39458085658662],[9.888850223361757,45.38768929923891],[9.887374954146653,45.37868580860609],[9.887275253698864,45.367513486059416],[9.886893773939653,45.364516744957335],[9.886339885052458,45.359401184755036],[9.886878222630411,45.35354654160474],[9.887658412169998,45.35037201765742],[9.894052317178836,45.342148957509366],[9.894765596968176,45.34124323997238],[9.897989475137175,45.338481527801264],[9.898710051980208,45.33804380425686],[9.91202412901142,45.33658807755376],[9.916536804629311,45.33783913964656],[9.922367095346228,45.33533480318953],[9.928894103816505,45.328638919965016],[9.93920815881322,45.32187564231782],[9.953182299893294,45.31746615075042],[9.968109474109317,45.312209771445474],[9.972936144712511,45.30948635759833],[9.980075975570053,45.303168081744026],[9.98113180354206,45.30169303919747],[9.989074813789623,45.29636772060501],[9.996072957200735,45.290329970961864],[10.005496443789855,45.28597172124437],[10.010750802113911,45.28601535667553],[10.02401764678282,45.28135148620089],[10.029135271059571,45.27738085289778],[10.031267213221291,45.27704959316403],[10.04125021997646,45.27893628306316],[10.049526031701188,45.280381774925836],[10.057754838152777,45.27745401634107],[10.062771768986938,45.275515477110076],[10.06778424271396,45.27222820656329],[10.072099468284472,45.270707521009506],[10.07816013195989,45.27081650966971],[10.083861365654926,45.269628367752794],[10.08475802723848,45.26583923016364],[10.085856443381608,45.26160826940126],[10.087092517184063,45.25866412897026],[10.090585690076361,45.2543689073424],[10.09968200368776,45.24985231506376],[10.10891406736307,45.247541288180166],[10.121447379346487,45.24725687846075],[10.122910931835023,45.24716147486947],[10.12460199968762,45.246973812058826],[10.125864383585087,45.2468093814608],[10.12591014690203,45.24680256168672],[10.12664799310431,45.24669259689527],[10.128078901982477,45.24623739431565],[10.129402704290529,45.24552219260661],[10.150728882894388,45.240880562127],[10.162137668803332,45.24051303388191],[10.16800246958867,45.240659857015416],[10.176039454214903,45.23998761863371],[10.180377819728307,45.23902968800033],[10.181602408540671,45.23848594598523],[10.181669827165628,45.238424007153675],[10.182127518878842,45.23800343042474],[10.18231824705173,45.2373713455571],[10.193777517440571,45.23094209316551],[10.216790630163516,45.2258653712979],[10.22224902984469,45.2291832216667],[10.221751412579607,45.23326566844413],[10.223534268493292,45.240308945300725],[10.236491925851666,45.24328768889052],[10.237513699330366,45.243203080763024],[10.237992785558635,45.2431634165682],[10.239239414105082,45.24306887303971],[10.240856268608923,45.24300631604864],[10.245950185879483,45.24287882408289],[10.246424682931272,45.24301767995325],[10.248292165699997,45.24450952583393],[10.248879917805295,45.24574530858725],[10.249365956204107,45.246991196160444],[10.250382768315243,45.25075618885671],[10.250566227616275,45.252910026328756],[10.254801583461807,45.25310661423985],[10.255616211744226,45.25306165573135],[10.256149154479958,45.252956779479454],[10.263546621844725,45.25148890706204],[10.266347212996939,45.250791802958894],[10.267750658156306,45.24628447868337],[10.26944588319629,45.24172890974256],[10.274336899273152,45.23880295121197],[10.277414544431947,45.23570804795833],[10.284128266972244,45.227774441317],[10.28463077378535,45.22746272938958],[10.29551177900082,45.22536396599116],[10.304219126368304,45.22398213320751],[10.307096182569575,45.22282340993936],[10.311119914574626,45.220527577363775],[10.317030963877036,45.21616582884097],[10.31841887876314,45.215051613290136],[10.317729546108762,45.21001871812522],[10.317032653453897,45.206309122993765],[10.317696455771191,45.20471733836375],[10.314084821458131,45.202715427659605],[10.311829224569337,45.19920270201928],[10.310200945726491,45.19437962178984],[10.311789934895021,45.18873539445199],[10.313584028085456,45.187040465160436],[10.316660232620698,45.18630291159305],[10.32263655872552,45.18492863121692],[10.323978780586849,45.18462502595178],[10.334704738649044,45.17572359447715],[10.335518188305857,45.174588886813574],[10.336731970998544,45.17316143692476],[10.338006302215048,45.172147338263905],[10.339818092250965,45.171261940847295],[10.346890989283914,45.1679111529641],[10.353222015482801,45.16539045050293],[10.35835727655658,45.16462244740616],[10.363375482098984,45.162278544467064],[10.364673061607741,45.16165784973223],[10.365265257843257,45.16095972251019],[10.365387330339605,45.16021113580648],[10.365026074774848,45.15946832675641],[10.364392683406516,45.15870974336382],[10.364371196871506,45.15868400682597],[10.363965383288564,45.15767171110239],[10.36504339329762,45.15326602127405],[10.365158573325996,45.152867565171164],[10.365560403879613,45.15147749577892],[10.366585505938446,45.14912482560471],[10.367166208481114,45.147875630594015],[10.367581393982856,45.147150551438685],[10.36827781890932,45.14648508056603],[10.37673220219893,45.14154056415761],[10.383559229085327,45.13930665952054],[10.389511376918113,45.138775287456184],[10.403613409862283,45.1365864407444],[10.414355322488635,45.13330332079683],[10.414843398428706,45.13195602523296],[10.41537069302374,45.131166353717425],[10.416395330565427,45.13043350747733],[10.417518295841548,45.130077501292824],[10.41794920086977,45.13001815430913],[10.418727124856948,45.13010750782486],[10.419370497978207,45.130331780325676],[10.419580661621364,45.13045232938838],[10.420194465032834,45.13081840540455],[10.421102030372827,45.13151824052641],[10.421921968564199,45.13227317623769],[10.42225411375955,45.13284514561853],[10.422381271846811,45.13335665555105],[10.42246007088386,45.133967783998386],[10.422505845538561,45.13478637147002],[10.422258319689739,45.13557259113581],[10.421534155883949,45.13662580742921],[10.425856331968316,45.14011856105868],[10.43510699182264,45.14230709098601],[10.4351683320618,45.14019092013841],[10.434860778396954,45.13959169015812],[10.434404995008395,45.138661231824834],[10.434271171882973,45.137888775023825],[10.434535988410294,45.137291349372504],[10.435003758922152,45.13667334310641],[10.436159222498535,45.13609172495645],[10.437229508312745,45.13566418116068],[10.438329741992407,45.135416271903445],[10.439582523166484,45.135166446909615],[10.441110188195335,45.13522820042368],[10.44236249710371,45.13546443576648],[10.443502422930184,45.135783084623945],[10.444510009119913,45.1364004639136],[10.445470858010765,45.137180436149876],[10.44604937919439,45.13792925648253],[10.446499882374145,45.138643672521326],[10.446535802597278,45.13956139256477],[10.446467054871919,45.14036340891621],[10.446008908746878,45.141359393876776],[10.445398829340665,45.14188021211716],[10.449734564942222,45.14432771409768],[10.461368450663679,45.14647758490936],[10.472655117351929,45.14578972786499],[10.480924459447008,45.14289227025937],[10.488972558698167,45.13494716684766],[10.491943483122801,45.13182981750053],[10.488726164809648,45.12743398374579],[10.488200619120386,45.12678372325635],[10.487267888713971,45.12649162642394],[10.487123711194474,45.126446684448275],[10.47228230500479,45.124883688126616],[10.468610839314124,45.124516892317104],[10.466458021917697,45.124364520854975],[10.459158269970883,45.12232465469367],[10.456874082511813,45.11600762539326],[10.457282193490741,45.11290790380869],[10.45812482469293,45.109708487206824],[10.458513003992737,45.1084793035122],[10.458774366170784,45.1082599197525],[10.461832082603985,45.105847272570756],[10.464593569614813,45.100696011304166],[10.465185777351335,45.09950019120108],[10.465619690797078,45.0985764422129],[10.466671899732006,45.09549334563815],[10.461579904711495,45.09366830598313],[10.452021281208422,45.09193590518295],[10.448292047364733,45.09136215730323],[10.438954878362956,45.09098510369101],[10.422981968610937,45.09102325033219],[10.416830994944812,45.090496627757354],[10.413573725281445,45.08311958843699],[10.415136765115685,45.08003963145274],[10.415848602411398,45.07850952281217],[10.416424004601327,45.077116105578455],[10.416603882177172,45.076168701277226],[10.416089260639401,45.0666512264421],[10.413563289046687,45.05675161664771],[10.412085315945422,45.049003323276835],[10.411876144708279,45.04772765600817],[10.411750555790201,45.04623492463029],[10.411889655440538,45.04517999401814],[10.412085960669911,45.04438539507377],[10.412441966123831,45.04337280993892],[10.41317610138422,45.04224750128116],[10.41545138839564,45.04131914190647],[10.416276650289015,45.041317905247986],[10.41980911881074,45.04142707009926],[10.420802963929908,45.04156772423376],[10.438798528044632,45.04476309737469],[10.446381662182123,45.04688172587823],[10.447321272701268,45.04771767995892],[10.447628674462324,45.047991162552194],[10.460151240214376,45.057049520175305],[10.461293358070415,45.05751200395501],[10.466904318946268,45.05939344011062],[10.46849718640803,45.05910290048183],[10.478103442983253,45.05680951868202],[10.49057486478768,45.05581922481788],[10.492089166350945,45.05593448757336],[10.493276227010991,45.0561620063543],[10.493826111039148,45.05630782867564],[10.494918217078723,45.06361199689234],[10.495084476700452,45.06803871719704],[10.49449964581151,45.071431036859536],[10.494277782717546,45.072667170463994],[10.494022055644209,45.07406579532929],[10.492971625235006,45.07763522216782],[10.49626419910012,45.07770919884461],[10.50560610625062,45.074948875210126],[10.5192853853468,45.07386744166772],[10.5279640214696,45.07393167434125],[10.53224913631909,45.07264997146444],[10.53810462798554,45.06503676321902],[10.539017132311132,45.06022654587268],[10.538685958089221,45.054982982930284],[10.531922785941475,45.04807053754457],[10.52845888855597,45.044840255466156],[10.519958869286599,45.038452220191424],[10.513884488140794,45.02897845492353],[10.513208999840758,45.02282906790009],[10.512262092308115,45.01976813710894],[10.511196953063854,45.018302508889505],[10.504783836047903,45.020651161171514],[10.502526070674586,45.02155397471143],[10.50137481767953,45.02164188344693],[10.499422042283488,45.02146741755753],[10.49584619033001,45.02097777449102],[10.491211487177749,45.0201834964861],[10.490617376340865,45.02000934921167],[10.48784255881647,45.018772276434795],[10.484331129750432,45.01679895193186],[10.481139608982604,45.01529428333801],[10.480211522208075,45.01508801255573],[10.476603541963444,45.01432528812586],[10.47092609621773,45.013816497887795],[10.468058032255792,45.013917086849375],[10.466856096143305,45.01402347756736],[10.4629804812754,45.01179950061478],[10.458938991814426,45.0080768951572],[10.457789378201058,45.00519033924326],[10.457499299452243,45.00284759106369],[10.457383515075039,45.00030253371476],[10.457498989346742,44.99677229893619],[10.458097178362808,44.994090787048044],[10.458219461142932,44.99349667957298],[10.458644664947924,44.9914282366048],[10.458028638555984,44.9881808021878],[10.457800126914417,44.98723902832536],[10.457488816390255,44.986258968695054],[10.456943438573221,44.98495628381963],[10.45569910617147,44.98235284455259],[10.45762414676152,44.98149155665061],[10.460020814989747,44.98098888905495],[10.46057987808535,44.98087172800105],[10.46906312698756,44.979978725623866],[10.484418106791582,44.980261732815734],[10.496142512751945,44.981478118216344],[10.512422280152554,44.98376784950562],[10.516183770177872,44.98500869338982],[10.522500057635392,44.98722498447674],[10.533628243961044,44.99204331862452],[10.536782690981541,44.99447569212472],[10.53934626286957,44.996669291386084],[10.540444344485124,44.998627132406746],[10.540453606450523,44.99897271553717],[10.5414530566723,45.00152163577765],[10.545982431391943,45.00384418148852],[10.547613906103532,45.004587220014976],[10.549128584787969,45.0052328194702],[10.555225742039708,45.006878285965385],[10.556420279582456,45.006943033339624],[10.55720830375244,45.006907487533724],[10.557852350661205,45.00687840896123],[10.558741613000343,45.00654465927544],[10.561148466856869,45.00542996477234],[10.571036503173774,45.002003861442596],[10.571838374973408,45.00222185295965],[10.584685298081698,45.00427927685116],[10.588327252265202,45.00446335779243],[10.595389975082474,45.004306206748446],[10.596854720222717,45.003960326594004],[10.597045649265944,45.00382029500326],[10.597451276215075,45.003522728050186],[10.594558851031215,45.00308605952766],[10.582084304632206,44.997558738289314],[10.568253195138729,44.99616347608969],[10.566896447744577,44.996191099695814],[10.565431849724659,44.99598614478151],[10.564202607525718,44.995570911657694],[10.557959411047968,44.99227606533094],[10.556675646730984,44.991300450148195],[10.554567464883807,44.98884751102817],[10.554152951952878,44.98806098423346],[10.553977935671655,44.98721718126713],[10.554008148670418,44.98648763260948],[10.5425000667347,44.98356954361863],[10.53416856298544,44.98177335237955],[10.532468568246616,44.981283076006996],[10.53127746706947,44.98088047012006],[10.530312175489312,44.98035329739378],[10.529141411292818,44.979252746175256],[10.52867517109293,44.97841282101195],[10.528483977506642,44.97754218381942],[10.528458694764886,44.97742551035198],[10.528343318213656,44.97645483900912],[10.528010114762234,44.97537007162833],[10.527461186098604,44.974279190844506],[10.526878753602011,44.97335978533371],[10.52624182353765,44.972774186815165],[10.523363457477181,44.97090421762459],[10.520155609743865,44.97092446174915],[10.515916472343884,44.97178199123763],[10.51028704202885,44.97279278543725],[10.508674882784037,44.972733091653545],[10.507804805331983,44.972438511757794],[10.507442998651845,44.97218223839752],[10.507014461082349,44.971314715585514],[10.506499898286942,44.97009725301495],[10.503738843596443,44.96200945099492],[10.503599028094298,44.960570986348095],[10.503579034961122,44.960488843698485],[10.503423892693654,44.959851714415784],[10.50317296698597,44.95882122055594],[10.501664119727986,44.954475151604214],[10.5012611651093,44.953607250191084],[10.496893251099019,44.94947420015434],[10.48919718400716,44.94846773928828],[10.476502354877448,44.94679432965801],[10.47168665712061,44.945386467863415],[10.466684748864981,44.942523156382336],[10.46400282366987,44.93717896473518],[10.462999188979843,44.937535734473194],[10.460942774321863,44.93822916980161],[10.451628621729945,44.94054716262756],[10.450800278896061,44.94054960681365],[10.448872312067694,44.94049307022246],[10.448219182712114,44.94043706726961],[10.447957757520749,44.940414649597365],[10.446613549639247,44.94038668495553],[10.443259202933918,44.94056415886012],[10.441656340715786,44.9408364649863],[10.439951280295695,44.941262361372274],[10.437757344837415,44.94204771077294],[10.435668369655696,44.94313646749744],[10.4340044368149,44.944516171132584],[10.432722256652072,44.945990085465596],[10.431837984143156,44.94707278314828],[10.425675280651863,44.95931127589443],[10.419396452188137,44.97315307311261],[10.41938703935546,44.97318513718784],[10.419256182568086,44.97362295745923],[10.418532317158999,44.9751351450242],[10.416767797084157,44.977650005325934],[10.414585593180409,44.979639972272444],[10.414335602372235,44.979845732739676],[10.413416912344696,44.98059952285726],[10.41164612530773,44.98182775053936],[10.409909014271639,44.98288424471268],[10.407996480423476,44.983835268068475],[10.405673984357804,44.98449428046796],[10.40348640054003,44.98477324548534],[10.401293518872558,44.9848361832897],[10.399284949887948,44.98465377238631],[10.397237022211824,44.984417789781034],[10.395389596490745,44.98408031154136],[10.393238170744596,44.98349745262312],[10.391704356876406,44.98301356070401],[10.389797834374653,44.982325628029585],[10.38940739766148,44.982142039899834],[10.387745121650388,44.98136038698946],[10.387151341245339,44.981081141917905],[10.385499875999207,44.98029842643964],[10.383365835763362,44.979109045150565],[10.38210074519629,44.97818816527622],[10.37938608427586,44.97605154153335],[10.376265888209787,44.97338862261817],[10.373119565361172,44.970680929672994],[10.369304863916913,44.9681161892053],[10.367968021871578,44.96735805320592],[10.365288018618653,44.96610285234257],[10.363399699954522,44.96561230703525],[10.362184304489288,44.96551014446472],[10.361430340900423,44.96544676332473],[10.360747529493606,44.9654006655792],[10.359957106416024,44.96534729809456],[10.358831867169437,44.96548672195787],[10.35851601525813,44.965535482921],[10.356899984805818,44.965833763043086],[10.355284571501493,44.9661590116664],[10.35142257793183,44.96747405159919],[10.350014580053026,44.9679948183961],[10.349459306802475,44.96827301293197],[10.348861563758268,44.96857556077577],[10.347273868536856,44.96954851024028],[10.345990813605336,44.97053584987435],[10.34451413321074,44.97192153068346],[10.342773837268405,44.973427324212004],[10.339287578604647,44.97620484429071],[10.33742601164524,44.977414911176055],[10.335973171128419,44.97820608693305],[10.332752693458165,44.97989105812475],[10.33076965438589,44.9807963796942],[10.329007337825907,44.98137501416786],[10.32379354329644,44.98299291119704],[10.321537335867367,44.98361316898399],[10.31981564459848,44.983759111122296],[10.309191956892617,44.989579597958624],[10.309941785011311,44.992424588150286],[10.310005841501706,44.99300897811521],[10.309748723678652,44.9934170083221],[10.305544185823774,44.998209145229865],[10.304687581551391,44.99903809404029],[10.303782279270338,44.9993995076045],[10.302987645767974,44.999606624772696],[10.300532325721074,45.000146088237756],[10.299856348362766,45.000281446051],[10.291848096637878,44.99995374092267],[10.289470622565805,44.99940001552549],[10.288388567579654,44.99915615455044],[10.288284719772163,44.99913434881636],[10.28557428437539,44.99877781893517],[10.281936539199606,44.998368615581256],[10.277103915308569,44.997855654804134],[10.275707256908932,44.99780826325585],[10.274466617408345,44.997930131981704],[10.274103740742815,44.99815922788989],[10.267754590946984,45.00387123208165],[10.26311509288237,45.00848938665601],[10.26269337554498,45.00939095881034],[10.262581784730768,45.009629517264905],[10.260788315015445,45.01290799412814],[10.26056843027872,45.01329749909978],[10.260030514332424,45.0142306257929],[10.258484134603695,45.01605705667323],[10.25781792534577,45.016538261568876],[10.257509642192643,45.01676093062444],[10.25652081449448,45.01740223859986],[10.255857175712784,45.01780532480673],[10.254086164695122,45.01865295877317],[10.253278985941092,45.01888686641119],[10.252870122144627,45.018956381058224],[10.252090330827265,45.01908894701585],[10.242182684902644,45.02283239213486],[10.222480469251526,45.03044600968014],[10.221169925038335,45.03090112533956],[10.21827143882568,45.031904274716005],[10.216783518398367,45.03237924401528],[10.214575518654186,45.03302386826501],[10.211067550304055,45.03403182115535],[10.209134539536052,45.033270651499045],[10.207150188582894,45.03248149002626],[10.20111372684554,45.030357693690526],[10.193959022160142,45.0281552724395],[10.192903788093124,45.02807628931845],[10.187295907123195,45.02821575093445],[10.184371206819733,45.029200318725586],[10.182757998748196,45.0297661467377],[10.175448887542052,45.03238464517405],[10.173942135490604,45.03302894061907],[10.174331633766617,45.033620373648255],[10.174749160063257,45.034246911414215],[10.17488932546361,45.0348863855288],[10.175071280214693,45.035728155996836],[10.17485680286296,45.03700822855985],[10.174248190178863,45.038274341351254],[10.172486481911863,45.04025535248315],[10.170610084964306,45.04204747416171],[10.16900803413497,45.04303536490416],[10.168750162183379,45.04319253672361],[10.1682660223642,45.04334833231101],[10.167854513965825,45.04348075238],[10.164773420048114,45.044322387004094],[10.163073928134917,45.044420726162734],[10.161003390136806,45.04437878249271],[10.157721351440088,45.04407903735405],[10.156457293713368,45.0437317787689],[10.155041786496694,45.04300764053964],[10.153627594188501,45.04192369223712],[10.152413118983878,45.04083926098818],[10.151050428725078,45.03940229531013],[10.150961635188994,45.0392949707971],[10.150009263654157,45.03814381502062],[10.148930042553548,45.03687650886207],[10.147661966258195,45.035486152578436],[10.146733983804463,45.034981070600104],[10.143638529980334,45.033755659395354],[10.142319804381936,45.033260953384016],[10.140914851148878,45.03283391636172],[10.128680339744033,45.029138728369404],[10.120575576752488,45.02670784615581],[10.106190803722411,45.02213035147072],[10.105227562380927,45.02220269070549],[10.102819837873012,45.02240600384934],[10.09474051982395,45.023383924984934],[10.092877607327747,45.02376202643931],[10.091668564953407,45.02470104746395],[10.090434125094163,45.025873704340526],[10.089101359241566,45.027192269778375],[10.084486285250712,45.03238642451783],[10.084133161635451,45.0329287594032],[10.08400405225324,45.033532475085096],[10.083943239110798,45.03437012929157],[10.083893456263306,45.035738851116776],[10.084024898339631,45.03868120337915],[10.08347462673747,45.04396380389568],[10.082307534936264,45.046605579866394],[10.077008919326394,45.0458680139662],[10.069983002473702,45.044165217158394],[10.064601514206947,45.04291925737737],[10.058954161390453,45.04170251679229],[10.057349648053696,45.04144733056257],[10.055697823900534,45.04138159735],[10.050223560763337,45.041279032716595],[10.050371765123732,45.04174576999749],[10.05152997168811,45.04536282632501],[10.052961094573668,45.05000356239284],[10.052857572833233,45.05058963609775],[10.052342952740341,45.05161157571096],[10.048374071604938,45.05749922858485],[10.046946126112127,45.05928568876702],[10.04423547374923,45.062479129293806],[10.043509717025238,45.063079868917384],[10.042739436372306,45.06332996076297],[10.04070250959136,45.06377313138206],[10.039829477518289,45.06395963193892],[10.03797888458796,45.06417450359873],[10.034170971007983,45.06502821109587],[10.034062626202338,45.06506198317989],[10.032743634074967,45.065473212343804],[10.031041401581472,45.06617273086578],[10.029668230025809,45.06680624369476],[10.024039288913405,45.0716907991629],[10.022884695321187,45.07319543370811],[10.022260467450819,45.074524282490714],[10.021649626660048,45.07589052282995],[10.021316882238645,45.07717925530018],[10.021715761830238,45.078174884944495],[10.02297717585515,45.08051303749287],[10.023538373552213,45.08134516733065],[10.024214577615368,45.08221227636474],[10.024989855805659,45.08293446418814],[10.025634078351155,45.08343277256929],[10.026340855767703,45.08387650699965],[10.026812407796607,45.08408831464325],[10.027193887488862,45.084240402494245],[10.027761842274963,45.08446684551233],[10.028359005734831,45.085172601381835],[10.029501666631196,45.08724170547916],[10.029933390493188,45.090055313117205],[10.029893652715376,45.09137892771613],[10.029797566716544,45.092396991332116],[10.029600639247853,45.09346096653555],[10.02923246730981,45.094895553199656],[10.028531935025345,45.09622512895552],[10.027388226998797,45.09764868963062],[10.026303312520465,45.09881066410792],[10.025242008426384,45.099873398387814],[10.024345977336075,45.100769689986706],[10.024260892981472,45.10083459887903],[10.023902370430697,45.10110255876364],[10.023414802043206,45.10146508183497],[10.020911212448233,45.1029097615951],[10.019441161190507,45.10352148567055],[10.017843167600281,45.10406986414117],[10.016772050097925,45.10459400184491],[10.015944449726588,45.1052314838108],[10.015317494234363,45.10573594196645],[10.014666134178862,45.106260035679874],[10.013479154217833,45.107233911271976],[10.013312966149925,45.10737026121723],[10.010885586876007,45.10956118565581],[10.009787569354492,45.11073212215998],[10.007430574109081,45.11404754852719],[10.004107829734492,45.118206906988725],[10.000107062012262,45.12273552742164],[9.996932204501123,45.12587786874034],[9.992727088452183,45.12975822961338],[9.991107460471166,45.130960514452596],[9.989243869026096,45.131957673620846],[9.988952815463326,45.132113402915294],[9.98685699362031,45.13299569326135],[9.985465587149035,45.133430761714315],[9.984303261442102,45.133628188293194],[9.983664941223648,45.13373433926775],[9.976201216251225,45.13381641832752],[9.974213147578276,45.133572338507946],[9.97295981893394,45.133159940063685],[9.97119102528033,45.13234684336202],[9.970201131242582,45.13171613886084],[9.969246483435905,45.130914092920165],[9.968599310154687,45.13024446176921],[9.968040698650269,45.12954706830918],[9.95584249110124,45.118540157432996],[9.940960922423056,45.108277416067764],[9.936468010339146,45.10482169340033],[9.936170465458392,45.104631962428634],[9.935812933293771,45.10440397776972],[9.934889944154133,45.103925450381084],[9.932122944864608,45.102606813920985],[9.931943140136717,45.10253030088986],[9.93135499628677,45.10228002407052],[9.930281008299653,45.10189269391335],[9.928850791965795,45.10148124991035],[9.925633387035045,45.100589204998656],[9.924434015565527,45.100301859033124],[9.922687566696565,45.09997401302933],[9.918487334110756,45.09960279881443],[9.917407424555337,45.09962948192652],[9.916711076761501,45.09979710393952],[9.915813106000781,45.100074360935956],[9.915208559028986,45.10042126935197],[9.914549695679042,45.10134471738258],[9.914255465115948,45.101828131425364],[9.913955180872161,45.10232167239752],[9.913439490562602,45.103460003869145],[9.913458439800097,45.10464807443932],[9.914177201173603,45.10826998401251],[9.914449642373372,45.109411013345586],[9.914891873873225,45.11003759514268],[9.915956628891399,45.11064117127961],[9.917557163922133,45.111357463846765],[9.91859523836364,45.111880215637704],[9.919545103222976,45.112448679712045],[9.92054683982283,45.1130797290654],[9.921566373882282,45.1140256781771],[9.92214391371615,45.11515520398547],[9.926514391048864,45.12440058783487],[9.927074175766219,45.12598933525511],[9.927199795453621,45.12746458469233],[9.927074098990092,45.12866335346089],[9.927000538407782,45.12929354664782],[9.926822026974667,45.13052421439666],[9.926817523172119,45.130555257386725],[9.92645819143887,45.1314796821792],[9.926255357576782,45.131964079067934],[9.925559597006895,45.13297790479642],[9.924699370312476,45.13404706645383],[9.923824976586058,45.135026323370106],[9.92260601566331,45.135936339432384],[9.921257842921532,45.136721362570455],[9.920418947384945,45.13719468394553],[9.919720192505164,45.13758891753457],[9.918557773443236,45.138066365923294],[9.915507435512696,45.13899102244557],[9.914733574960746,45.13911424226373],[9.913690927861145,45.13913159522875],[9.912516222245989,45.13884392949373],[9.911299815774793,45.13833154434313],[9.910450180150622,45.137690206857656],[9.910019866297677,45.13719531894468],[9.909789471479892,45.13693033214673],[9.90882379950241,45.136190827588955],[9.908077774565658,45.135664162140344],[9.907245973011735,45.135339215779084],[9.901196559464864,45.13318177967567],[9.900174048380324,45.132856772372435],[9.893513018449026,45.131405806448285],[9.891076197631833,45.13090123412376],[9.887866661402313,45.13380737967831],[9.88628651893703,45.13448212170022],[9.882382529092117,45.13450333866911],[9.881020802348202,45.134441843721135],[9.872419783170631,45.14085404060367],[9.871583931724745,45.14275978017749],[9.871094274938358,45.14401474129768],[9.871030056850291,45.1456445291752],[9.871536526449786,45.14716193066289],[9.872043734102256,45.148724343153525],[9.872244869551709,45.150235094438564],[9.871868543958403,45.157259203463056],[9.87149108264566,45.158369271557376],[9.870903714414808,45.159066883501666],[9.87037077324459,45.15916096596625],[9.86959917051149,45.158910328549105],[9.868989872249719,45.15871240617727],[9.86841083197296,45.158284724716886],[9.868109428103718,45.157829924391876],[9.868042737220929,45.15772928483315],[9.86760356212548,45.157066666005434],[9.86666221581686,45.15623666611114],[9.863507400827745,45.15373111194664],[9.862132967956413,45.15312606869188],[9.861997963533707,45.153066636949355],[9.86177847696903,45.15297001659289],[9.859634551411494,45.15252709941628],[9.857246127322169,45.15274308465964],[9.855638085804417,45.15325024314003],[9.854858695328323,45.15387718468565],[9.848161229966626,45.15542584347352],[9.84746432757797,45.15453541063502],[9.846473500952253,45.15377762013071],[9.84499094618931,45.152881266054536],[9.843649468233174,45.1520701857078],[9.841584976520542,45.1509602175955],[9.840100073762795,45.15033203583578],[9.838975187031235,45.14996223685108],[9.838816237157925,45.149919435680545],[9.838559766785563,45.14985038582825],[9.836957320493692,45.149418947091725],[9.83447450790369,45.14926607299242],[9.83263620068106,45.14969356681604],[9.831199710308274,45.150244679071896],[9.831105502234003,45.1502808241768],[9.829553262261838,45.151138273581374],[9.828579623922762,45.15242357375754],[9.82765103504009,45.154185644481636],[9.827754552055765,45.15518407684754],[9.82809962700153,45.15617175324661],[9.82857943799293,45.158553690793696],[9.828712708462959,45.15984896554223],[9.828711726036248,45.160659101113794],[9.828641136609532,45.161055687979434],[9.82845748654373,45.1615521179316],[9.828162839183383,45.16229238601934],[9.82764879207744,45.162818200640466],[9.827094087575368,45.163173281884156],[9.82649987818995,45.1634386277977],[9.824838137936528,45.16379270906163],[9.823069261960358,45.163778444574255],[9.82166690721037,45.1635905114674],[9.820147672325632,45.16335855693566],[9.819868878531816,45.163315376657685],[9.818131125883838,45.162805751737736],[9.81674266526754,45.161807499825024],[9.815074684644527,45.160829268217114],[9.813039304394431,45.159961625910846],[9.812770043205388,45.15987459245453],[9.810828180911258,45.159257208203975],[9.809131192902285,45.1588796468588],[9.80781922734276,45.15881045979578],[9.80755291592835,45.158813394645406],[9.806700088885584,45.15884536031524],[9.806166024543732,45.15886714301651],[9.804937592222918,45.15927186565114],[9.804029084537397,45.159685793047586],[9.803673373032565,45.15984786506506],[9.79151072078378,45.163578454461465],[9.790528812682076,45.16342322816518],[9.789626237726925,45.163483487751854],[9.788406832534953,45.16363592840209],[9.78760866053261,45.16388448724083],[9.786471011257273,45.16443242585496],[9.785637367758845,45.164879227581174],[9.784707837570323,45.16575878737256],[9.784270419423471,45.16633789522793],[9.784072292017829,45.16673531820257],[9.784008349818894,45.16694691467697],[9.783889689696837,45.16733968156182],[9.783679054622018,45.168682367101844],[9.783320492096266,45.17315862335388],[9.774388303849186,45.18881198459295],[9.767662293588124,45.18793754732131],[9.765999311442537,45.186382441598916],[9.764646858549144,45.18519430421437],[9.763454279591675,45.18453616244623],[9.759287880591549,45.18231355192451],[9.758327015877894,45.18184285181254],[9.757340941285344,45.18139030234373],[9.756769584568245,45.18119688991577],[9.75668889724398,45.181169586071796],[9.75571999658356,45.18104997771004],[9.754270447341046,45.18115857680576],[9.753387875083964,45.18126577529475],[9.752859864323831,45.18132991573954],[9.751617940465772,45.18174312582878],[9.750645758006224,45.18234363193988],[9.750231445140846,45.18277842058692],[9.75021399774174,45.1853259874698],[9.75224468463054,45.18539405592227],[9.75542774097218,45.184940557234675],[9.758486171934535,45.18807984191332],[9.761966297158086,45.19226939459565],[9.766534868229616,45.19901242357005],[9.768190959237959,45.19979800834822],[9.77116703124639,45.201443237280756],[9.772092203518726,45.202067081191466],[9.772956765101695,45.203005373264396],[9.773467602722407,45.203966107705476],[9.775636602942514,45.211782739489244],[9.765846822365457,45.21969800202165],[9.765705835603496,45.22050021432879],[9.765262086876522,45.221601368133655],[9.764784875064214,45.22210865331747],[9.763849639600846,45.22265500531173],[9.762770802529408,45.222941268393754],[9.76208418652155,45.22279641693945],[9.761499449079343,45.222650183575595],[9.75375790357028,45.22043568073737],[9.752324189816674,45.219892744830624],[9.751824964025065,45.21970128487597],[9.751703947867746,45.21961342666409],[9.749818586568646,45.21822021667084],[9.74221471012499,45.22015120692133],[9.742697402466277,45.22103022493149],[9.743156760971122,45.22207140125042],[9.74344216971791,45.223446773614846],[9.743305414022933,45.22468087982741],[9.742871001122712,45.22555684656108],[9.7419506857046,45.22629195665733],[9.740444347698455,45.22702186216633],[9.73836280156473,45.22760241963361],[9.737019033560223,45.22771175583005],[9.736899277025442,45.22771088761274],[9.736189333005884,45.2276698948298],[9.735777485143807,45.22764611218182],[9.734075879500443,45.2270719698062],[9.733298366828532,45.22639311610107],[9.733102859152934,45.226221297091556],[9.732942201462615,45.22608010158578],[9.732227558184531,45.2249864890746],[9.725738559073537,45.226558167839976],[9.718388796020992,45.22960213465186],[9.719586320013443,45.23566162788573],[9.720250356377786,45.23578346389498],[9.72129952050366,45.2361369165611],[9.723014091968745,45.236720162500845],[9.724180242625998,45.237252865607644],[9.72509251406723,45.23785916063307],[9.725830948933918,45.23881764265369],[9.726391833196294,45.23984024471373],[9.726657085850865,45.24065769943454],[9.72661737084461,45.24154008785329],[9.72633327476994,45.24224401131928],[9.7257681859735,45.24289571970577],[9.724782559882396,45.24354108514643],[9.723478468397847,45.24419744878983],[9.721957950231856,45.24487316078149],[9.720751514051168,45.245195816848515],[9.719071035155132,45.24531443907889],[9.718781415700299,45.2453286690252],[9.717542754434964,45.24537806669131],[9.71620798414303,45.24562947310255],[9.714507516746156,45.24618921110045],[9.713189166087297,45.246737542939876],[9.712113098422055,45.247302358459216],[9.71001488967514,45.24867463280287],[9.709792565126607,45.248836178210425],[9.708840405904256,45.2495280764736],[9.708558488326172,45.249890728072344],[9.708376337415539,45.25012504370199],[9.707511289730158,45.25127359633161],[9.707339261217593,45.251787745731725],[9.707257768469374,45.252409343593044],[9.707202891519403,45.25312079543718],[9.707216658759727,45.25349615774787],[9.707240317018824,45.25408373736509],[9.707363176088178,45.25474007283363],[9.707538819672251,45.25513837905478],[9.707782818444144,45.25569163134901],[9.708135856531959,45.25640954977604],[9.708692794627394,45.25712622176161],[9.70952820593108,45.25768813084331],[9.710233943851213,45.258070805264865],[9.711054288200058,45.258443765706645],[9.711859658195735,45.258636776812445],[9.712967634146102,45.25856685480703],[9.713263263221538,45.258505924714896],[9.714048166208206,45.2583440650412],[9.714782265297334,45.25793440083605],[9.7154620778627,45.25726405115656],[9.716078166164023,45.256594078010636],[9.716619241720398,45.25604159921801],[9.717225746363974,45.25582549458833],[9.717469331917613,45.25573919993866],[9.718425100124822,45.2557331917164],[9.719460634080066,45.25598771282702],[9.720562847306274,45.25647585435685],[9.721812442248863,45.25753013191644],[9.722368991887274,45.258201720215936],[9.72259089963905,45.2586143838108],[9.722549287361172,45.25935276562308],[9.722152192636345,45.26020142377461],[9.72108234262758,45.26127035204117],[9.720238221389929,45.26204980003095],[9.719317851891908,45.26284773306475],[9.718963368083527,45.26303899698649],[9.718518984125739,45.26317681092612],[9.718367239082028,45.263220222042776],[9.718036357966447,45.26331486446963],[9.717631080556124,45.263343497236036],[9.716635502994345,45.26341368095832],[9.713970479255353,45.263331358297506],[9.711851060761484,45.26304754521068],[9.708434236757316,45.262181177277235],[9.707579235193158,45.26188717535562],[9.70729776033903,45.26178861406435],[9.706115399148604,45.261003816489364],[9.697266828003093,45.25568431165402],[9.694696885243463,45.25578997267333],[9.694389045233095,45.25587321675346],[9.693541731137204,45.256103050572236],[9.692428806423118,45.25681191797774],[9.69180494590554,45.257913871117154],[9.691813651524535,45.25961509080947],[9.691851942307109,45.260668030424846],[9.69191118089886,45.26147253695724],[9.691933655573862,45.26177774488707],[9.691974340439712,45.26235056738412],[9.691880676537954,45.26277599651297],[9.691696516902589,45.263612446336744],[9.690471472702624,45.264483998156294],[9.688742098697558,45.264827504345355],[9.687162384996856,45.26490003138694],[9.685999257795443,45.264636970134305],[9.684865750823205,45.26365361268403],[9.684166337333643,45.26273065484293],[9.683591296372635,45.26154590870648],[9.682866809739288,45.25958793312876],[9.68215054027691,45.258314005497006],[9.681103826169359,45.25711405192443],[9.67953857630594,45.256542099598434],[9.679261850833212,45.25649598276722],[9.678192445012355,45.256418478053234],[9.678100410183912,45.25641181611097],[9.677244479063708,45.25656999551175],[9.675239927188136,45.256941864410436],[9.67378086950799,45.25749956816491],[9.673498554116986,45.25768923556904],[9.672980204475257,45.25803748604835],[9.672024032341795,45.25868010004885],[9.668704096942452,45.261345999424584],[9.667989145547468,45.262331354944486],[9.66839870875235,45.26361676507329],[9.668420246215115,45.26368060828823],[9.6695969625537,45.26465331774477],[9.668408567790314,45.269764082269],[9.661024407252967,45.27483887984449],[9.653561659792281,45.273257062795835],[9.645922835512044,45.27733318377686],[9.645835425260252,45.27755869470463],[9.64531996639668,45.27871585068412],[9.645139957553438,45.27911986975488],[9.644492460362159,45.28048279343757],[9.644165349516534,45.28087170641526],[9.643686862473745,45.2813334700661],[9.642195622713297,45.28251205707657],[9.64029679730643,45.28366590387185],[9.638834616438613,45.28404307522337],[9.638337325344692,45.28408936167248],[9.636503536861358,45.2842541182911],[9.634640808937538,45.284084467101145],[9.63277367962978,45.283590743937935],[9.631464121239382,45.283063010321264],[9.630570681934342,45.28270279147431],[9.628695580057123,45.28147992612333],[9.625472516035332,45.28513426310481],[9.627370504550164,45.28611400866703],[9.62874426803805,45.2869615757662],[9.629619188168695,45.28766788158621],[9.630474999094604,45.28895035709019],[9.63063940201949,45.28997560931247],[9.630522254156293,45.290912397490175],[9.630249383620914,45.29153501136827],[9.62954184496599,45.2921329952542],[9.628718940132615,45.292677615415606],[9.628415803075331,45.29287279009986],[9.625973452016812,45.293435307088025],[9.62463716319547,45.29369461837086],[9.62417025783132,45.29369719617173],[9.62348951536088,45.293700939611135],[9.616997692434289,45.29946110351841],[9.608912928708357,45.309964012163064],[9.603726261973426,45.31992904590726],[9.60004100095944,45.32730257499069],[9.59666270782461,45.338400916627286],[9.595995276399746,45.34161342618743],[9.594241470576586,45.34623569998874],[9.591114479617392,45.353092948004374],[9.583510572531214,45.36218735671418],[9.569158676744266,45.36703045801183],[9.568052445782444,45.366945955230285],[9.567285419357615,45.36685976380254],[9.567077639497867,45.3661136950906],[9.566709527457538,45.3645762861544],[9.56655587040666,45.363573410791126],[9.564416830663165,45.348700323602394],[9.563489363571987,45.34311507862748],[9.563342592568217,45.34232763470344],[9.562591743423232,45.34205285332249],[9.561911375638505,45.34184569876596],[9.56170436831475,45.34178267300657],[9.552024499319337,45.33940270704933],[9.538663842206157,45.34345098354054],[9.53536374215533,45.34677899317196],[9.524566840519821,45.347144301275264],[9.509100422286142,45.34880424152666],[9.509075653175818,45.34908648303461],[9.509331507576631,45.353423918664475],[9.510383791530051,45.356866707783276],[9.510568068320385,45.3603223816236],[9.508881796147326,45.365919714165955],[9.507765942828932,45.36679779960143],[9.50707617881887,45.36677385717257],[9.50619373563112,45.36662476375435],[9.502471204560242,45.365876090329856],[9.501138616919226,45.36535985748641],[9.491149194217241,45.36786059603375],[9.490325885233144,45.36863823939108],[9.489147688058036,45.36973244599292],[9.488096094261875,45.370700080461354],[9.47946447412698,45.37688452511448],[9.478570698783436,45.37691526217726],[9.477480054286,45.376316757092475],[9.477296800957772,45.37614292501816],[9.47634706108741,45.37523231628765],[9.475918200926907,45.37435199096971],[9.476132666177435,45.37403604940857],[9.47453177978424,45.37197241240211],[9.467465730564616,45.374602948311605],[9.46229805367337,45.378314483407664],[9.45544273153884,45.38509297038689],[9.454408238535047,45.38670831157488],[9.45861083318842,45.39617882997336],[9.461614774343902,45.40143242640474],[9.469173840757197,45.41126697610442],[9.47126506497259,45.41377874113652],[9.472395327327686,45.41445814574951],[9.47481114637191,45.41602334102433],[9.478243814281445,45.418421335456664],[9.483699515414452,45.42269193087806],[9.483933506698532,45.423150013106785],[9.483838911822394,45.42554473451064],[9.483727804763214,45.42600425932606],[9.483400821794932,45.42663573337866],[9.483136530999882,45.42712291218345],[9.487466925316179,45.43715881507216],[9.485385906806558,45.441983293343256],[9.481627408986588,45.4455437295113],[9.483908387313525,45.44868807277604],[9.483862929399546,45.44880921475951],[9.483721560850938,45.44921828802537],[9.483961821870675,45.45039642467645],[9.484020649183856,45.45054791255542],[9.484575488086035,45.45187000733567],[9.485391975648115,45.45312672248176],[9.48586181424883,45.45376732431906],[9.487074094920715,45.455396842704516],[9.488029037720747,45.456639746583704],[9.49156266240089,45.4649595701941],[9.492589434158258,45.47484262455656],[9.493568409235218,45.478528881433554],[9.498878316062502,45.48723688578974],[9.503596471380993,45.49255379714547],[9.5142295211678,45.50140473663832],[9.516362147372398,45.50139173076947],[9.517978057261077,45.501098984948676],[9.518589374131322,45.50107580024624],[9.519352043012827,45.50105228067469],[9.519186984464614,45.504477972721354],[9.526499330777789,45.49745520196063]]]}},{"type":"Feature","properties":{"name":"Mantova","abbreviation":"MN","plants_major":58,"plants_minor":39,"plants_total":97,"aggregation_note":"Conteggi distinti nei consuntivi provinciali SIRe 2025; contesto depurativo, non dato AMR."},"geometry":{"type":"Polygon","coordinates":[[[10.669431908987905,45.42626026077372],[10.678701438532828,45.424759134646216],[10.685917919396761,45.423707685594096],[10.702349758065635,45.421357970043395],[10.713492550239232,45.41831936646573],[10.713933157155616,45.41809672150911],[10.71430796960506,45.417812055185],[10.715793345914424,45.41663758421262],[10.716134962587141,45.41610137180613],[10.716484394172534,45.414979971986526],[10.717127948958726,45.411756842980125],[10.71922315643904,45.40030317143852],[10.719094868037397,45.39993567148659],[10.718804441625936,45.399210964170024],[10.718011522168247,45.39748556828331],[10.717629674345954,45.39669019893777],[10.716841881962349,45.395567879694575],[10.707873192337825,45.385818955267546],[10.69885185676629,45.38032349421595],[10.698267213260076,45.37899520161088],[10.699546363672532,45.37596656731032],[10.701569254419702,45.37411233942787],[10.705226831723143,45.37088030334115],[10.70638734618859,45.36999847811606],[10.70745185435473,45.36928082439002],[10.708668565198813,45.36897458166772],[10.709927341812556,45.368793714586225],[10.710588772623192,45.36879934517711],[10.710866656510207,45.36880177279137],[10.7110769511637,45.36880349960038],[10.712656726786053,45.36868094737424],[10.713865201503506,45.36846417274006],[10.71466055942215,45.3682187937468],[10.714647139458895,45.368106103425426],[10.714636021301525,45.368012743228185],[10.714629485368029,45.36795788788173],[10.714626309011932,45.36793125185512],[10.71458011717754,45.36787013741123],[10.714041050920656,45.367156922934534],[10.704469281065574,45.359407110221426],[10.695314534106059,45.355410710056866],[10.691839355435857,45.354040046270256],[10.69014631916411,45.35377707603208],[10.68888056290815,45.353714787919465],[10.68857982359476,45.353728369336295],[10.687694858831861,45.35376833264719],[10.685732402555217,45.35217252501593],[10.686904802767392,45.34264978273129],[10.689762599094394,45.341629758779085],[10.693516473483957,45.34052226788333],[10.695473534797921,45.340218501862424],[10.69759792718546,45.339979900926274],[10.69991322732836,45.34033682727368],[10.7057744086731,45.339389981114216],[10.715029519166658,45.33386815070486],[10.715435222092156,45.33259319890632],[10.715501974017092,45.332268149537654],[10.714942012402192,45.32893703854869],[10.714542578737522,45.32753881018089],[10.713175833777107,45.32368874162802],[10.712320274151228,45.32239640259345],[10.711959730851989,45.322082221068506],[10.71150783221307,45.32168844684695],[10.711115144301733,45.32145338656766],[10.710708724080169,45.32121010170265],[10.710598290391035,45.3211439931937],[10.710218163521246,45.32089895254514],[10.710058291790276,45.320795893062574],[10.7095358471789,45.32045910072194],[10.709479289698253,45.32042264002555],[10.70879879225948,45.31985673699791],[10.707916214738896,45.31868305943287],[10.70788177641261,45.318637261121914],[10.707625114499203,45.318237343726715],[10.706382650460423,45.31630130427102],[10.706456845193335,45.31627372126122],[10.707064028581213,45.31604811966821],[10.708131184423687,45.31589714128426],[10.70946963853142,45.315859104328354],[10.711042792725895,45.31598856638279],[10.716381729254511,45.31661054556548],[10.71785158826979,45.316894465209174],[10.718499233054283,45.31701976515223],[10.719458651225654,45.31733406223662],[10.719890858353333,45.317475992467614],[10.720250594862224,45.31776082555648],[10.72064911159142,45.318076557537744],[10.72128223703362,45.31876011692384],[10.721960599186696,45.31883090465975],[10.723015818179954,45.31870696345331],[10.724705414265847,45.31846542902613],[10.725398271826364,45.31829252202085],[10.726123618554563,45.318110940935014],[10.727070508074211,45.31778157153363],[10.730482260601987,45.315857626835665],[10.7311508783499,45.31519038644658],[10.731344372537295,45.31442233238536],[10.732959970140183,45.30673762945576],[10.73305719371099,45.30583767556682],[10.733099255552153,45.30544831537174],[10.732781474632612,45.30419971337861],[10.732765152415874,45.30413930728034],[10.732438194669209,45.30300995729014],[10.731957723476222,45.301892071325234],[10.731113988747717,45.30057266142279],[10.730478826850776,45.2996227215838],[10.729737648549133,45.2985141972168],[10.729213937965557,45.29706990448757],[10.72887448970256,45.29613288891665],[10.728562727118371,45.29464240832524],[10.728424445107276,45.29398036036072],[10.72841139357381,45.29391657077847],[10.72826980864431,45.291734362302385],[10.728313599365158,45.29149212257849],[10.728348037911491,45.29130213318508],[10.737415845951581,45.287244849251834],[10.739641262167343,45.28862647352417],[10.74298149921448,45.29070001909334],[10.745369133776778,45.29218206236411],[10.74858268100397,45.29417657836783],[10.757526391573919,45.299729098799936],[10.761533562742292,45.30221630087],[10.765593482106134,45.30473623735149],[10.771893296698137,45.308645759059026],[10.781938363118726,45.3148776409268],[10.782815303410473,45.31542157934705],[10.78287016825923,45.315386753829664],[10.79450889202215,45.30796981594158],[10.811969230279901,45.29666722040427],[10.816315773265064,45.293393632710554],[10.81605426731691,45.2919935668034],[10.816265417878096,45.29101805638243],[10.816562624374729,45.2899421516229],[10.816873912023889,45.28930709486948],[10.821586566102368,45.28634254510977],[10.827022511491414,45.28387932759901],[10.829419583139725,45.28198072309634],[10.840151044014645,45.27026698286306],[10.840839248504198,45.2653844428384],[10.844626190663712,45.25951737109194],[10.846608104246071,45.25656884379847],[10.862955026038016,45.254649692421864],[10.876279594602662,45.25274549516509],[10.884818576414052,45.24804576126777],[10.899658321493959,45.2456708088572],[10.899867805460428,45.24243595805702],[10.901475086005037,45.237872257027604],[10.902087411785677,45.23748404212034],[10.902381658637756,45.23741914135167],[10.90346535959092,45.23719098925579],[10.917793200084061,45.23514191226882],[10.931058430899494,45.233721105734105],[10.936383579693517,45.23287559798297],[10.935864444371543,45.231373990810134],[10.935061774283605,45.229683648959096],[10.934299352703952,45.228238324999964],[10.934038023516097,45.228044710723],[10.930806883249657,45.2255429736026],[10.930968238066232,45.22090444971181],[10.93145531890578,45.21761064555521],[10.934541566632847,45.21547903345579],[10.945957423943655,45.207742409141964],[10.956247937522972,45.205963577156474],[10.957868508631988,45.206079397738094],[10.959942809341438,45.20602622820396],[10.96603245948601,45.2056080647731],[10.970383324889578,45.20415420046275],[10.98229300769954,45.19951026058146],[10.985397232545592,45.19870918096916],[10.98767449617268,45.19756236791416],[10.989633587988392,45.1964210446788],[10.990676637975449,45.19566473246492],[10.996778036037963,45.18738473749192],[10.993225085443528,45.18406221402801],[10.993780059441947,45.18062288145282],[10.99575739593637,45.174480492041866],[10.997625214819342,45.168664606588585],[10.998797238900599,45.164701382322335],[10.998012016410982,45.15862102868671],[10.997730661198577,45.15785181345449],[10.997390147025985,45.157209649098],[10.995372037564247,45.15406736462848],[10.994982289666783,45.15347106534925],[11.010244628120418,45.14865754529489],[11.011041062513062,45.14887756031358],[11.012297647948293,45.14952154021505],[11.01364737301307,45.150280887465485],[11.017187912632563,45.152558807888184],[11.018127753200782,45.15323532638604],[11.020401653001542,45.15494141952071],[11.021560422187866,45.15583944915061],[11.021327396111799,45.1564028717737],[11.021260543250847,45.15656451257339],[11.021986229297248,45.156938759446696],[11.023174148992547,45.15743077810095],[11.02609893296909,45.158468058041095],[11.028043837022658,45.15913569830851],[11.028312041215688,45.15922099097349],[11.028365545738662,45.15923800594397],[11.028728858273746,45.1590785177892],[11.029348990033862,45.158737043661105],[11.029559405123926,45.15853267595625],[11.031820708671065,45.15407263077888],[11.031819992995054,45.15226331745416],[11.043755185568347,45.152329315890384],[11.045156937163176,45.15275446377348],[11.04600547417805,45.1530001451402],[11.046633917035923,45.15314189957909],[11.049459199916313,45.15068777764295],[11.050146611844879,45.14999131296032],[11.050475020948829,45.149571337836136],[11.047369792785855,45.147403667461845],[11.04450326219194,45.14550168255878],[11.042285360925112,45.14394809033457],[11.042264247936384,45.14385954453781],[11.042225519700608,45.14369711357248],[11.042227247413738,45.14339097284692],[11.042267885251698,45.139897654578135],[11.04325513446908,45.13584724433215],[11.04384524338262,45.13456740616593],[11.04384765437478,45.13427930662959],[11.042017923922682,45.133036089212965],[11.037521282881556,45.13099425978957],[11.03728409303738,45.130898102762394],[11.036281605760294,45.1304916905671],[11.035929474038367,45.13035097165894],[11.035889453566115,45.1303349790414],[11.032535011701908,45.129162491114776],[11.029294936214187,45.12803295669321],[11.028931481737866,45.127874676767384],[11.028439430270106,45.12682653952922],[11.028395262001895,45.126732451330675],[11.028470825365563,45.124201638008444],[11.028696851451395,45.12304540599399],[11.03072480947211,45.120713918293745],[11.038796431325464,45.11452479723387],[11.044202972986321,45.111480675340246],[11.05770752905716,45.106226761955504],[11.071944887811235,45.0992782960383],[11.0751505061428,45.09830189352202],[11.0875914609215,45.098255099705035],[11.09412483082287,45.09970492556846],[11.094645882302702,45.10452608975762],[11.094893032282377,45.10606984632509],[11.096051964221603,45.10779994525805],[11.097469727958675,45.109785247707066],[11.10014822232707,45.1124545150416],[11.100565319421056,45.11273489565018],[11.100991157154725,45.112907087286516],[11.102143824073055,45.11313793663815],[11.102553148265542,45.112860350922695],[11.103539543181176,45.111680953346394],[11.10482641852414,45.10968586515473],[11.105585505159842,45.108204588078365],[11.11235248915327,45.10591015846344],[11.117065544250146,45.10447105622881],[11.124327326148997,45.1035126122757],[11.126603702773,45.10322408397961],[11.127112696224994,45.10322590078416],[11.127404591230142,45.10322716954803],[11.13079174620013,45.105099367655015],[11.132485015491936,45.10605198161308],[11.134385639348986,45.10910099675647],[11.134820654993696,45.109858008292946],[11.134756222262506,45.11051633242312],[11.135556219334125,45.11730665392564],[11.137675732670422,45.12333411606483],[11.138738181744687,45.123863327978476],[11.140681392148073,45.12451756151196],[11.145875541466344,45.12600681456555],[11.146437334309603,45.126068264903125],[11.147383392167445,45.1258593744452],[11.147647998418423,45.12580093345281],[11.150237075411297,45.12465548763805],[11.153361721894473,45.122877263599044],[11.164549212028039,45.11745369994987],[11.173917964775017,45.11574538502086],[11.183171128352171,45.11268818196523],[11.187559252024815,45.10994933877187],[11.197138126665275,45.11125004658004],[11.198279406330327,45.111507128173486],[11.199391137616585,45.111656743741044],[11.200131384749138,45.11173249749985],[11.200818736410794,45.11175525296435],[11.203434135031253,45.111667286924096],[11.204324218987132,45.11101248661824],[11.205086163753803,45.110331643336565],[11.205436521151057,45.109856781997756],[11.205464936110907,45.109603610032195],[11.205477521902994,45.10949142085064],[11.202023859716947,45.10764073737925],[11.188407711030607,45.101520378845024],[11.178442356244895,45.09770270229702],[11.177846154972256,45.09747425813857],[11.177508735685496,45.09734496336884],[11.177055310625029,45.095112222250506],[11.17669846574292,45.09207644411148],[11.1767184589191,45.08925852244102],[11.17681638886993,45.08849150759636],[11.177308926697998,45.08807703325403],[11.178122327381836,45.087746453816145],[11.179309445541172,45.08755276598795],[11.180027024996615,45.0877100940322],[11.180849626629476,45.08795543099205],[11.181783441754519,45.08811762387059],[11.182881653027716,45.08792559809395],[11.187453920858587,45.08653281874759],[11.187774780975602,45.086283620259366],[11.18795870918029,45.085775994145635],[11.188368223019745,45.08408482590704],[11.18822008646348,45.08330451041725],[11.187325788256066,45.08251149639153],[11.1825706243455,45.07886388161337],[11.175486548931943,45.074888224525594],[11.17362843741422,45.07078279073247],[11.174295019231435,45.06156136657682],[11.175279829114737,45.060066315882914],[11.176413778162068,45.060494789176325],[11.178564153923464,45.06093086391866],[11.181128603256147,45.06123407039187],[11.191491812822333,45.06087243589809],[11.193380505335679,45.06077314729444],[11.197421619692678,45.06049738955266],[11.200548613230842,45.06025747704265],[11.212191052535276,45.057484492510845],[11.214904698026933,45.05638766000517],[11.216388829697264,45.05568372127572],[11.225996451224338,45.050284744050714],[11.227471191292237,45.049346790930834],[11.228818305931823,45.048393312311255],[11.230587379418887,45.04713453605397],[11.235031405169686,45.04457212277956],[11.236689791594403,45.0437924844749],[11.238533492854039,45.04320723519958],[11.24044088807831,45.042953767583555],[11.243039002541613,45.043154795067494],[11.243308165816996,45.0432196283456],[11.244080601319675,45.04340568202522],[11.2454231779217,45.04372904910659],[11.245704966807775,45.04382382509958],[11.246516854992972,45.044096890213844],[11.247160205801947,45.04431326474473],[11.247597708183045,45.044460404872936],[11.247934541858351,45.044680117511696],[11.249031087256656,45.04539536227093],[11.249110547808826,45.04547894342499],[11.249772754960762,45.04617548584878],[11.250023583270591,45.04643931397098],[11.250501220849978,45.04694169857518],[11.250751456582469,45.047325141693634],[11.25104145818138,45.04776951226461],[11.251331464380593,45.04821388197808],[11.251621475215575,45.0486582517335],[11.251649639539357,45.048701406475146],[11.25298775796585,45.05043935103507],[11.254916748498745,45.052345648394166],[11.256959319765668,45.05390759586699],[11.259480321584025,45.05536101872729],[11.261411587858658,45.056348975496775],[11.262712485267771,45.05680928981336],[11.264324513400418,45.05678632204311],[11.26590254213196,45.056223908446725],[11.26755121936352,45.055200972806034],[11.268699362619829,45.053404803630826],[11.269072779066574,45.05236950087286],[11.269202893708073,45.052008522838925],[11.269534234098483,45.051074751293335],[11.270298470036723,45.04856605897874],[11.270504426446387,45.04783411851288],[11.27059903838812,45.04749787077037],[11.27060093491142,45.04738210880222],[11.270617626030909,45.04636327175426],[11.270591333266765,45.04603203225178],[11.270555662834283,45.04558265165189],[11.270519993135116,45.0451332718965],[11.270516323448673,45.04508704023444],[11.27047367654819,45.04468410387485],[11.270455474427322,45.044512136148775],[11.270408368634019,45.04423531354644],[11.270369965902411,45.044009722028534],[11.270186733526844,45.04378961162188],[11.26998555710288,45.04354793372878],[11.269279030870594,45.042699145414375],[11.26851211222177,45.04160717388592],[11.267352427614105,45.03989286345048],[11.263142281622676,45.033584948770695],[11.263079464072673,45.03312858486641],[11.263053340238454,45.03293876807103],[11.26321313240523,45.03280588926483],[11.264073558220877,45.03209036902138],[11.26642491155431,45.030553901423886],[11.273207189949991,45.0203820043441],[11.273300398293125,45.01920991568087],[11.273910146781935,45.0184204534954],[11.274037872610133,45.01825858629186],[11.2743569583822,45.01805144265792],[11.274680388849623,45.01784160819725],[11.275497048376165,45.01731177124261],[11.277360727682684,45.01694153009827],[11.281525602444722,45.016354261685066],[11.282863388115581,45.016165784660934],[11.283014843564073,45.01614444567446],[11.28905280324521,45.01542939569942],[11.292747324176739,45.01500046764484],[11.296132994102967,45.014757265056154],[11.297397834953397,45.01465063197345],[11.301618039981747,45.014186514389344],[11.303072107194838,45.0138515150805],[11.303416220129353,45.01377217191769],[11.303705333130875,45.01370303777214],[11.305389732936879,45.01330023689425],[11.306948380071722,45.012926672171055],[11.308740333842383,45.01235934097681],[11.310369022695445,45.011477017728936],[11.310863927781938,45.011208897768235],[11.31321572350748,45.009730216915344],[11.31792883469819,45.00419748920713],[11.322128955546116,45.00017390181371],[11.32728835486649,44.99559372601182],[11.331854484850512,44.99223393968608],[11.333470527285682,44.99141774690574],[11.335812042943113,44.99039765498016],[11.338246000636097,44.98942062811459],[11.341001489551799,44.988553981211595],[11.360640410742501,44.982542640473895],[11.360769223804105,44.98248442625405],[11.361424545146026,44.982247992324794],[11.362049477660822,44.98202256903261],[11.363680527859858,44.98143420190768],[11.36392457060657,44.981354286871586],[11.364550325927924,44.98114937253417],[11.364674026941742,44.9811088639906],[11.365176077943314,44.98094445482489],[11.365801824155152,44.98073953469578],[11.366233598612473,44.98059813441576],[11.375187639723558,44.97766941466922],[11.38644537040358,44.97411006913713],[11.394559168439455,44.971617642757934],[11.395838818956221,44.97128472844365],[11.401788011023653,44.97042154206023],[11.405808624321134,44.96986876424061],[11.407680743914813,44.96976627391866],[11.409027757325635,44.96953081201696],[11.411301992704963,44.968726626370724],[11.412651446323643,44.96824801448915],[11.414792350402099,44.96734757288905],[11.415613457616868,44.96699552493715],[11.416139594844863,44.966769939400194],[11.4174698694639,44.966138643002836],[11.418439524280624,44.96567700527957],[11.419060144895587,44.96536826861709],[11.419589710748946,44.96510482310477],[11.420178354347607,44.96481198141964],[11.421912206124471,44.963830000232534],[11.422756907422796,44.96322976945801],[11.422982904799358,44.9630691210605],[11.423342609308483,44.962774729575585],[11.424416958497403,44.9618954248628],[11.425487384191104,44.96081945888303],[11.42623181785539,44.95983143501473],[11.426296183419153,44.95972254995075],[11.426835383440883,44.95881038453676],[11.427316413794339,44.95789096828004],[11.427588447735264,44.95653489850702],[11.42767276191697,44.95522782699639],[11.427650479896876,44.95386486970467],[11.427645805618988,44.95373408127552],[11.42750652824438,44.95283685295952],[11.426932026183739,44.95076745325429],[11.426742046083852,44.950083466728024],[11.426178123714154,44.952070898472186],[11.413927055679528,44.950316398312985],[11.405733531378337,44.9486887133124],[11.399691533958945,44.95255337542345],[11.390236620657657,44.95581145884606],[11.378192849001184,44.957926024414945],[11.376715940787237,44.958082816666305],[11.372857244541779,44.95766798607932],[11.362763830721544,44.95546585282808],[11.362131908114224,44.95457767130576],[11.361700356564064,44.95394746545863],[11.360845653884162,44.95227278565619],[11.360044491033785,44.95090334028715],[11.359338745203672,44.9504585458037],[11.358604440737917,44.9502599048562],[11.358121012092477,44.950132574396115],[11.357155454240198,44.950080507927886],[11.356268314622291,44.95039588319358],[11.353674639160113,44.951430611119825],[11.348836796238578,44.95341167369447],[11.334335997339565,44.9584262359513],[11.322796388049413,44.96116411655122],[11.30865683286604,44.96046062266616],[11.285372897893724,44.95676128968645],[11.279612640739302,44.9492078638271],[11.275194773742925,44.94261173584098],[11.27225723428784,44.93832271740272],[11.26175026189419,44.94543114374001],[11.25811206110363,44.94636683547784],[11.25665690056636,44.94675560251922],[11.250276035066953,44.94952838702447],[11.249156774244168,44.95003721528528],[11.246205691807146,44.95143858598218],[11.24344185241048,44.94791114857347],[11.231796383525866,44.94484531180744],[11.229804686055488,44.94480321136592],[11.22781229302358,44.94474309382843],[11.225805133452901,44.94462921385836],[11.21744620227866,44.94413027431984],[11.216348967226766,44.943944529879985],[11.21415380111278,44.94355504762783],[11.208315223997232,44.942335877408944],[11.206558322202751,44.94180272684611],[11.205415927396581,44.941428726145496],[11.203660005464252,44.94058945657758],[11.203087253222142,44.940195418586725],[11.20207912333205,44.93948680911678],[11.190857096716499,44.93857190795913],[11.184078285111074,44.93893585720016],[11.15854419693173,44.93809020376814],[11.156076674735584,44.93569635525913],[11.153532829631581,44.93343987941686],[11.152435622084427,44.93324454055776],[11.151286664868149,44.93333821091261],[11.149175302188207,44.93415214539968],[11.142860288436902,44.937394547622574],[11.142630035636262,44.937677915585375],[11.124333312133754,44.951369805692146],[11.122288267196828,44.9526140887777],[11.120547237768298,44.95349588264437],[11.120383759003065,44.95356767648716],[11.118021570942643,44.954466717441804],[11.11624980056462,44.95489565450351],[11.106158268749684,44.95690968312466],[11.100607149554165,44.95798416744684],[11.091602708066864,44.958563598899],[11.082260044454173,44.95995879481769],[11.076199087506582,44.96159517083223],[11.068985613691371,44.95857892073118],[11.064627361999639,44.95426861408648],[11.060358081858515,44.95017622575139],[11.05793150172726,44.94970110076783],[11.053070939370286,44.95023871637898],[11.049034763984581,44.95122616269575],[11.041260906275868,44.95137770490638],[11.030297216665364,44.95136618828421],[11.017115100914909,44.95282418037692],[11.00994912595248,44.95375174569908],[11.00478429368521,44.95465275024385],[10.997472404767382,44.955086982158],[10.996755688390625,44.95489248472597],[10.994007681637743,44.95386028323163],[10.993287255183033,44.9535577950577],[10.990686237621304,44.952396918022316],[10.989899087225291,44.95199655181862],[10.988812454755907,44.95136735433784],[10.9865411383467,44.949471432825305],[10.985796659867587,44.94883623390461],[10.978022202485713,44.94282290815351],[10.967414126497564,44.935062959081854],[10.954356141013442,44.93336895700885],[10.951384179028755,44.92976935166318],[10.94595764134093,44.92541290127173],[10.941373627186426,44.9219139946045],[10.937372017204542,44.92223496824179],[10.931537786242531,44.92272542869741],[10.919078933894763,44.92380873052278],[10.917052685096394,44.924127476306495],[10.913918554893385,44.92313476927996],[10.890308766598965,44.91243772859653],[10.889162866224323,44.913181327577725],[10.889092459868504,44.913232399046045],[10.888851963426568,44.91340702193349],[10.888473469294297,44.91369684872387],[10.888431765453085,44.91372904571522],[10.88788583415674,44.91427136838281],[10.887940667843617,44.91443768442673],[10.888357741829282,44.91570185566551],[10.888368265104631,44.91572664785852],[10.888791026442247,44.91653908824927],[10.889677916176112,44.9175152092179],[10.892243939163757,44.91878791424114],[10.897514983734442,44.921468559496624],[10.897724300766892,44.921610933862276],[10.89799102534435,44.92180554014462],[10.897729853513601,44.92186030492954],[10.897116009737092,44.92177570851293],[10.89694416403173,44.92173998221714],[10.884837192368728,44.919210661027364],[10.880223435175168,44.91774429253411],[10.86962850128918,44.92040733162779],[10.868588815501326,44.920775430777766],[10.867951500905496,44.92139525903011],[10.865969121274363,44.92360888338474],[10.866098239987657,44.92596504651275],[10.866688895377964,44.926704104087804],[10.866896392563493,44.92729866068976],[10.866902144832837,44.92732491734777],[10.866993421042368,44.928241673319945],[10.866604194019443,44.9287161159566],[10.866013728162473,44.929265888888715],[10.865391527058208,44.92961813642026],[10.864105617481677,44.92943208554133],[10.857658353610535,44.92834439713016],[10.853352970855923,44.92728020458989],[10.848834600089203,44.9258951592224],[10.847694300559443,44.92569596251645],[10.8425536553604,44.92919240075396],[10.841450859694085,44.929975361775256],[10.840718905088567,44.93077641934341],[10.840619573439033,44.93088589382433],[10.840303084662933,44.93158079893448],[10.8401508345058,44.93191514570151],[10.840141360702255,44.93194007375264],[10.81921173315559,44.936795404058415],[10.812549994684604,44.937756373353636],[10.80877522524444,44.9360735595217],[10.792397270875549,44.939735418676484],[10.778063127864725,44.94178691363245],[10.776948451349144,44.94195848499603],[10.776826869181358,44.94197720920061],[10.775923704205338,44.94220435708662],[10.775682311181043,44.94226506651539],[10.77468978634337,44.94255054918139],[10.773662788598575,44.942926599486505],[10.769967425218445,44.9443522301325],[10.759576084236977,44.946484285862844],[10.75378503273018,44.94717852125638],[10.750318767002618,44.9476078177624],[10.74774601986438,44.94804331060896],[10.744566559717319,44.94892911554937],[10.743559909544933,44.95079898195184],[10.742854888967244,44.95301168190835],[10.742795697837948,44.95391969148455],[10.74361665109952,44.95519460382634],[10.746846278531041,44.96426067332104],[10.74593586254846,44.96559789092216],[10.742433954441594,44.972134735745925],[10.741630391583737,44.97579077603456],[10.741053025174224,44.98090872373481],[10.738232933234253,44.98544288049238],[10.731588859604356,44.99140398242953],[10.730152318663981,44.99190596436356],[10.727396780532395,44.992025739631316],[10.726300067459675,44.99183528475526],[10.72521360384638,44.991563647956966],[10.724585522359424,44.99134809042137],[10.71452011366437,44.987123344184],[10.713658991356363,44.98655715955242],[10.713151662037728,44.98613269257612],[10.712161511022027,44.985256356815825],[10.711827397135837,44.98468524694847],[10.71155131446633,44.98393322183527],[10.711333272361674,44.983000278991405],[10.711326845793101,44.98278432591642],[10.711308749560246,44.981749386776485],[10.71133355028747,44.98132425902952],[10.711619522202714,44.98003164207549],[10.711637583271012,44.97997030928286],[10.7116948178221,44.97982266002323],[10.711813897736928,44.97944349851725],[10.71204418274697,44.97813236262669],[10.712066867827218,44.97797263117689],[10.712085535365146,44.97772280270115],[10.71212014950773,44.9769276190463],[10.712141219416177,44.97641254159404],[10.71212172938694,44.97627298218924],[10.71207196626068,44.975918423031835],[10.712006843665725,44.97545468076706],[10.711999345059889,44.97542499853179],[10.711708315667588,44.97464528443312],[10.711687222726948,44.97460582641296],[10.71126799441446,44.973909143343995],[10.711019414936443,44.97349604128168],[10.710772560454512,44.97308580963345],[10.706740392032977,44.968957404892365],[10.704463819872018,44.96675351873789],[10.704433982392763,44.9667254747408],[10.703985280702655,44.966364229437474],[10.70315195089621,44.965708848786434],[10.702616199280051,44.96531474128102],[10.702248112503897,44.96507410513533],[10.701515043558725,44.96466637861051],[10.6983784550453,44.963177892566335],[10.697364864657429,44.9627743694218],[10.696467620964317,44.96244563613147],[10.695583293352716,44.9621257005263],[10.694741002145015,44.96194015833],[10.693637038317986,44.9619115389581],[10.692979337787815,44.96196629515339],[10.692196456256685,44.962076932838194],[10.69199899090021,44.962156209630216],[10.691557456189456,44.96233840590663],[10.690997960483763,44.96271578117946],[10.688040209694249,44.96559522519242],[10.687992708913573,44.96579020081422],[10.687960987167466,44.9659204629151],[10.688286573554063,44.966644796788096],[10.688484799669963,44.96690088359883],[10.688665445171162,44.96713400320001],[10.688708251006162,44.9671876591506],[10.689082955473719,44.96742516412011],[10.689621655061844,44.967633245038506],[10.690325912083212,44.967865869359166],[10.69128633515398,44.968184718205926],[10.692274908247335,44.96859765246436],[10.692855075500743,44.96891446112237],[10.693125525167606,44.9690621438471],[10.693645780898263,44.96950452132554],[10.69395002262765,44.96993209851105],[10.695961287552338,44.974466198729075],[10.695646822103377,44.97498397566479],[10.69334709084956,44.97825879294722],[10.691386180339181,44.98101543405077],[10.689009348373023,44.983841200304035],[10.68668004065286,44.98659267956037],[10.68337003118573,44.98274525590072],[10.682593480667125,44.9817389893648],[10.681849066266079,44.980552548884496],[10.678910041149047,44.97639251764636],[10.66470377018788,44.968908408801234],[10.6562003610006,44.95778461815263],[10.656128239666032,44.9575208331753],[10.65592390501779,44.95678861210891],[10.655913549345799,44.95676388891883],[10.654743102612187,44.95426890003249],[10.650727356921537,44.94862811016606],[10.650330078666032,44.94807660720539],[10.649861968196976,44.94758227184473],[10.647262984858706,44.94535579114755],[10.64568530197346,44.94426231847487],[10.644241543254282,44.94344592493063],[10.642933892298064,44.94248354947051],[10.642161107652717,44.94187361948107],[10.641766390315663,44.94154613621416],[10.63951601222654,44.939521535004985],[10.639372540607564,44.93938333391068],[10.638522434222159,44.93845558122028],[10.630918936652458,44.93015272487514],[10.6251804331523,44.925624926866334],[10.624596767565285,44.925597228796235],[10.622775352436678,44.925263057098206],[10.620210599839115,44.92462883429698],[10.619265210783045,44.92435418363396],[10.618163804317359,44.92393769578107],[10.617010718663527,44.9234859417569],[10.614161344184595,44.92218496630839],[10.61124624026176,44.920794824842055],[10.606722409022874,44.91853156087771],[10.604520620355371,44.91726624974319],[10.602324707369533,44.91620784961496],[10.601592836369896,44.91585804451966],[10.59996500489108,44.91517871299714],[10.599041598924924,44.914826927562835],[10.598825415926266,44.91474457779873],[10.597770287801767,44.914615307172646],[10.596169892166975,44.914466660917384],[10.594196289349787,44.914566246417365],[10.590960867652099,44.91484992147465],[10.57418758694768,44.90938867644715],[10.561860959249925,44.90938691367845],[10.553689141565277,44.910754248435794],[10.542702447228605,44.91204648560255],[10.531260890382422,44.91299734637499],[10.528173763723306,44.91270387777504],[10.525559920868162,44.91247043005826],[10.52294922576632,44.91243327103069],[10.519853175245688,44.91272658417744],[10.517224452739294,44.91345454549973],[10.51496925197712,44.914411695292095],[10.513513254757704,44.91541222695812],[10.51267212747688,44.91618854382751],[10.50954386950343,44.9186426086886],[10.508227697791321,44.91966823148537],[10.507172052199577,44.92048334707715],[10.505879258869433,44.921436604985],[10.50517052490992,44.92192305625833],[10.504315315736278,44.92242769247364],[10.501140145506545,44.92383038276818],[10.498615117721714,44.92470073194608],[10.492359648855837,44.92673478950388],[10.488623254077083,44.9278651055161],[10.481243443438132,44.930144054699696],[10.477464926483673,44.93154330037698],[10.475320045613657,44.93240821440973],[10.471181879529391,44.93412698852428],[10.46400282366987,44.93717896473518],[10.466684748864981,44.942523156382336],[10.47168665712061,44.945386467863415],[10.476502354877448,44.94679432965801],[10.48919718400716,44.94846773928828],[10.496893251099019,44.94947420015434],[10.5012611651093,44.953607250191084],[10.501664119727986,44.954475151604214],[10.50317296698597,44.95882122055594],[10.503423892693654,44.959851714415784],[10.503579034961122,44.960488843698485],[10.503599028094298,44.960570986348095],[10.503738843596443,44.96200945099492],[10.506499898286942,44.97009725301495],[10.507014461082349,44.971314715585514],[10.507442998651845,44.97218223839752],[10.507804805331983,44.972438511757794],[10.508674882784037,44.972733091653545],[10.51028704202885,44.97279278543725],[10.515916472343884,44.97178199123763],[10.520155609743865,44.97092446174915],[10.523363457477181,44.97090421762459],[10.52624182353765,44.972774186815165],[10.526878753602011,44.97335978533371],[10.527461186098604,44.974279190844506],[10.528010114762234,44.97537007162833],[10.528343318213656,44.97645483900912],[10.528458694764886,44.97742551035198],[10.528483977506642,44.97754218381942],[10.52867517109293,44.97841282101195],[10.529141411292818,44.979252746175256],[10.530312175489312,44.98035329739378],[10.53127746706947,44.98088047012006],[10.532468568246616,44.981283076006996],[10.53416856298544,44.98177335237955],[10.5425000667347,44.98356954361863],[10.554008148670418,44.98648763260948],[10.553977935671655,44.98721718126713],[10.554152951952878,44.98806098423346],[10.554567464883807,44.98884751102817],[10.556675646730984,44.991300450148195],[10.557959411047968,44.99227606533094],[10.564202607525718,44.995570911657694],[10.565431849724659,44.99598614478151],[10.566896447744577,44.996191099695814],[10.568253195138729,44.99616347608969],[10.582084304632206,44.997558738289314],[10.594558851031215,45.00308605952766],[10.597451276215075,45.003522728050186],[10.597045649265944,45.00382029500326],[10.596854720222717,45.003960326594004],[10.595389975082474,45.004306206748446],[10.588327252265202,45.00446335779243],[10.584685298081698,45.00427927685116],[10.571838374973408,45.00222185295965],[10.571036503173774,45.002003861442596],[10.561148466856869,45.00542996477234],[10.558741613000343,45.00654465927544],[10.557852350661205,45.00687840896123],[10.55720830375244,45.006907487533724],[10.556420279582456,45.006943033339624],[10.555225742039708,45.006878285965385],[10.549128584787969,45.0052328194702],[10.547613906103532,45.004587220014976],[10.545982431391943,45.00384418148852],[10.5414530566723,45.00152163577765],[10.540453606450523,44.99897271553717],[10.540444344485124,44.998627132406746],[10.53934626286957,44.996669291386084],[10.536782690981541,44.99447569212472],[10.533628243961044,44.99204331862452],[10.522500057635392,44.98722498447674],[10.516183770177872,44.98500869338982],[10.512422280152554,44.98376784950562],[10.496142512751945,44.981478118216344],[10.484418106791582,44.980261732815734],[10.46906312698756,44.979978725623866],[10.46057987808535,44.98087172800105],[10.460020814989747,44.98098888905495],[10.45762414676152,44.98149155665061],[10.45569910617147,44.98235284455259],[10.456943438573221,44.98495628381963],[10.457488816390255,44.986258968695054],[10.457800126914417,44.98723902832536],[10.458028638555984,44.9881808021878],[10.458644664947924,44.9914282366048],[10.458219461142932,44.99349667957298],[10.458097178362808,44.994090787048044],[10.457498989346742,44.99677229893619],[10.457383515075039,45.00030253371476],[10.457499299452243,45.00284759106369],[10.457789378201058,45.00519033924326],[10.458938991814426,45.0080768951572],[10.4629804812754,45.01179950061478],[10.466856096143305,45.01402347756736],[10.468058032255792,45.013917086849375],[10.47092609621773,45.013816497887795],[10.476603541963444,45.01432528812586],[10.480211522208075,45.01508801255573],[10.481139608982604,45.01529428333801],[10.484331129750432,45.01679895193186],[10.48784255881647,45.018772276434795],[10.490617376340865,45.02000934921167],[10.491211487177749,45.0201834964861],[10.49584619033001,45.02097777449102],[10.499422042283488,45.02146741755753],[10.50137481767953,45.02164188344693],[10.502526070674586,45.02155397471143],[10.504783836047903,45.020651161171514],[10.511196953063854,45.018302508889505],[10.512262092308115,45.01976813710894],[10.513208999840758,45.02282906790009],[10.513884488140794,45.02897845492353],[10.519958869286599,45.038452220191424],[10.52845888855597,45.044840255466156],[10.531922785941475,45.04807053754457],[10.538685958089221,45.054982982930284],[10.539017132311132,45.06022654587268],[10.53810462798554,45.06503676321902],[10.53224913631909,45.07264997146444],[10.5279640214696,45.07393167434125],[10.5192853853468,45.07386744166772],[10.50560610625062,45.074948875210126],[10.49626419910012,45.07770919884461],[10.492971625235006,45.07763522216782],[10.494022055644209,45.07406579532929],[10.494277782717546,45.072667170463994],[10.49449964581151,45.071431036859536],[10.495084476700452,45.06803871719704],[10.494918217078723,45.06361199689234],[10.493826111039148,45.05630782867564],[10.493276227010991,45.0561620063543],[10.492089166350945,45.05593448757336],[10.49057486478768,45.05581922481788],[10.478103442983253,45.05680951868202],[10.46849718640803,45.05910290048183],[10.466904318946268,45.05939344011062],[10.461293358070415,45.05751200395501],[10.460151240214376,45.057049520175305],[10.447628674462324,45.047991162552194],[10.447321272701268,45.04771767995892],[10.446381662182123,45.04688172587823],[10.438798528044632,45.04476309737469],[10.420802963929908,45.04156772423376],[10.41980911881074,45.04142707009926],[10.416276650289015,45.041317905247986],[10.41545138839564,45.04131914190647],[10.41317610138422,45.04224750128116],[10.412441966123831,45.04337280993892],[10.412085960669911,45.04438539507377],[10.411889655440538,45.04517999401814],[10.411750555790201,45.04623492463029],[10.411876144708279,45.04772765600817],[10.412085315945422,45.049003323276835],[10.413563289046687,45.05675161664771],[10.416089260639401,45.0666512264421],[10.416603882177172,45.076168701277226],[10.416424004601327,45.077116105578455],[10.415848602411398,45.07850952281217],[10.415136765115685,45.08003963145274],[10.413573725281445,45.08311958843699],[10.416830994944812,45.090496627757354],[10.422981968610937,45.09102325033219],[10.438954878362956,45.09098510369101],[10.448292047364733,45.09136215730323],[10.452021281208422,45.09193590518295],[10.461579904711495,45.09366830598313],[10.466671899732006,45.09549334563815],[10.465619690797078,45.0985764422129],[10.465185777351335,45.09950019120108],[10.464593569614813,45.100696011304166],[10.461832082603985,45.105847272570756],[10.458774366170784,45.1082599197525],[10.458513003992737,45.1084793035122],[10.45812482469293,45.109708487206824],[10.457282193490741,45.11290790380869],[10.456874082511813,45.11600762539326],[10.459158269970883,45.12232465469367],[10.466458021917697,45.124364520854975],[10.468610839314124,45.124516892317104],[10.47228230500479,45.124883688126616],[10.487123711194474,45.126446684448275],[10.487267888713971,45.12649162642394],[10.488200619120386,45.12678372325635],[10.488726164809648,45.12743398374579],[10.491943483122801,45.13182981750053],[10.488972558698167,45.13494716684766],[10.480924459447008,45.14289227025937],[10.472655117351929,45.14578972786499],[10.461368450663679,45.14647758490936],[10.449734564942222,45.14432771409768],[10.445398829340665,45.14188021211716],[10.446008908746878,45.141359393876776],[10.446467054871919,45.14036340891621],[10.446535802597278,45.13956139256477],[10.446499882374145,45.138643672521326],[10.44604937919439,45.13792925648253],[10.445470858010765,45.137180436149876],[10.444510009119913,45.1364004639136],[10.443502422930184,45.135783084623945],[10.44236249710371,45.13546443576648],[10.441110188195335,45.13522820042368],[10.439582523166484,45.135166446909615],[10.438329741992407,45.135416271903445],[10.437229508312745,45.13566418116068],[10.436159222498535,45.13609172495645],[10.435003758922152,45.13667334310641],[10.434535988410294,45.137291349372504],[10.434271171882973,45.137888775023825],[10.434404995008395,45.138661231824834],[10.434860778396954,45.13959169015812],[10.4351683320618,45.14019092013841],[10.43510699182264,45.14230709098601],[10.425856331968316,45.14011856105868],[10.421534155883949,45.13662580742921],[10.422258319689739,45.13557259113581],[10.422505845538561,45.13478637147002],[10.42246007088386,45.133967783998386],[10.422381271846811,45.13335665555105],[10.42225411375955,45.13284514561853],[10.421921968564199,45.13227317623769],[10.421102030372827,45.13151824052641],[10.420194465032834,45.13081840540455],[10.419580661621364,45.13045232938838],[10.419370497978207,45.130331780325676],[10.418727124856948,45.13010750782486],[10.41794920086977,45.13001815430913],[10.417518295841548,45.130077501292824],[10.416395330565427,45.13043350747733],[10.41537069302374,45.131166353717425],[10.414843398428706,45.13195602523296],[10.414355322488635,45.13330332079683],[10.403613409862283,45.1365864407444],[10.389511376918113,45.138775287456184],[10.383559229085327,45.13930665952054],[10.37673220219893,45.14154056415761],[10.36827781890932,45.14648508056603],[10.367581393982856,45.147150551438685],[10.367166208481114,45.147875630594015],[10.366585505938446,45.14912482560471],[10.365560403879613,45.15147749577892],[10.365158573325996,45.152867565171164],[10.36504339329762,45.15326602127405],[10.363965383288564,45.15767171110239],[10.364371196871506,45.15868400682597],[10.364392683406516,45.15870974336382],[10.365026074774848,45.15946832675641],[10.365387330339605,45.16021113580648],[10.365265257843257,45.16095972251019],[10.364673061607741,45.16165784973223],[10.363375482098984,45.162278544467064],[10.35835727655658,45.16462244740616],[10.353222015482801,45.16539045050293],[10.346890989283914,45.1679111529641],[10.339818092250965,45.171261940847295],[10.338006302215048,45.172147338263905],[10.336731970998544,45.17316143692476],[10.335518188305857,45.174588886813574],[10.334704738649044,45.17572359447715],[10.323978780586849,45.18462502595178],[10.32263655872552,45.18492863121692],[10.316660232620698,45.18630291159305],[10.313584028085456,45.187040465160436],[10.311789934895021,45.18873539445199],[10.310200945726491,45.19437962178984],[10.311829224569337,45.19920270201928],[10.314084821458131,45.202715427659605],[10.317696455771191,45.20471733836375],[10.326997038334026,45.205433138481226],[10.328244330744447,45.205477149475115],[10.332914544238962,45.20535073292853],[10.334021006228298,45.20529279339008],[10.33691519477756,45.20490788468888],[10.343152295428245,45.20643696564237],[10.348990294199213,45.21261521322841],[10.360416239715487,45.215396174410664],[10.3611041301799,45.2159370874257],[10.360928826704885,45.216596279227375],[10.36030754050482,45.21831398298589],[10.357669774517335,45.22521351477424],[10.35724444881366,45.230995728761975],[10.361668875033839,45.232124094369276],[10.361557614835172,45.23280048700894],[10.359368012778962,45.23820949965676],[10.358037653595371,45.240124638444264],[10.35783011405037,45.24050517301868],[10.358597015219754,45.24167524898489],[10.361962660550644,45.24610127398502],[10.365390316113508,45.24442070405371],[10.368511429840781,45.24226801459207],[10.37020293079615,45.241077547329596],[10.372337437731245,45.24082687791286],[10.375726080089708,45.24080409499672],[10.378239665831783,45.240917817140975],[10.378369079322619,45.240924617562705],[10.379050056124266,45.2423212641919],[10.379536405104036,45.24398966194797],[10.380542719341626,45.24765910816895],[10.383494215338562,45.24851003863635],[10.3866675840275,45.24747688400402],[10.393645209631215,45.24564045703025],[10.3963463166974,45.24984327943737],[10.393569700712625,45.25250563713922],[10.392890014407651,45.26171343799836],[10.392763556020615,45.26905116247438],[10.392806690196249,45.27550468204281],[10.39755785813424,45.28415998804501],[10.402279251505135,45.288440858726325],[10.407817265981876,45.29271139366078],[10.416160668628688,45.29456274630934],[10.42465249874404,45.29785842802185],[10.428609025234257,45.309645862034515],[10.428534019867591,45.3203674541418],[10.43060204944648,45.32142175841046],[10.437675333968134,45.321098895378555],[10.442810683146005,45.32083612316041],[10.444696853819321,45.32074926526423],[10.44490881632511,45.320740665921555],[10.44566554555539,45.32070999893274],[10.446380725371387,45.32073692057579],[10.447180484686337,45.32709076291315],[10.453403698000384,45.32643563719963],[10.454956891969667,45.32529968517924],[10.465906477978045,45.32633883056816],[10.468706639708897,45.33408452993556],[10.46929426508986,45.33792516471732],[10.46867340383025,45.35226029402412],[10.468622199484777,45.357835766397564],[10.468614287808752,45.35800153518656],[10.468547630399543,45.35939396981308],[10.464037598865698,45.3706674084257],[10.463913545167566,45.37088668889845],[10.461770277747945,45.374672981345874],[10.46120193913122,45.375676893517515],[10.459566849570265,45.37856482271086],[10.452016387373327,45.384844955714094],[10.457136744981241,45.39061049072553],[10.458498260723028,45.3921433321109],[10.465957606446437,45.404789690399134],[10.466996724502353,45.406553555985525],[10.46700968141837,45.40660649283372],[10.454202608152428,45.4144527375449],[10.453414858811378,45.41634170421362],[10.467693603926055,45.41521294435134],[10.481183092508084,45.413976687182554],[10.492581162700276,45.41433784665789],[10.492861603203464,45.41448969837917],[10.493381624320378,45.414751464998595],[10.493489727860963,45.41480511858318],[10.493999948192279,45.415015612168574],[10.498938312205247,45.414591140145134],[10.500096139074754,45.414395904367844],[10.51143921243356,45.412265935688],[10.51558547933813,45.410563762096025],[10.517692857641004,45.409563628228184],[10.518310684257353,45.40923812264538],[10.519217549658846,45.40876020744587],[10.520464574748718,45.40808651079869],[10.523976768948625,45.405636359400404],[10.527505701613784,45.402870827519926],[10.531196717634911,45.399022865315246],[10.539836584678016,45.391597642521226],[10.548111233515652,45.38584216676292],[10.549748356447614,45.38592771067662],[10.551162071415469,45.386241574430684],[10.552926745341566,45.38677566168096],[10.554203738332335,45.38722636274317],[10.567059660569225,45.3860245180881],[10.568154657344031,45.38543340312999],[10.569275402520521,45.384850920622],[10.573581369436285,45.38305442033967],[10.574239562440697,45.382838309132055],[10.575863403656141,45.38243785268818],[10.57978897767874,45.38167251360582],[10.582065440526845,45.382235045995714],[10.590774913695688,45.38490444569813],[10.59865428194497,45.38709875425799],[10.600949996156322,45.386517515507315],[10.605049273053814,45.38466874103205],[10.608297089801077,45.38343487467412],[10.6104776267653,45.382855047966935],[10.611865265776183,45.38269145736878],[10.613704080111589,45.38266570203787],[10.623145014681452,45.383162100127244],[10.624849089218667,45.383344886718156],[10.634435104380833,45.384882346382966],[10.642578089806118,45.390391169341775],[10.642225390108944,45.393654604657996],[10.643057474660289,45.39723424727995],[10.643411972215125,45.398444313874364],[10.645353626720938,45.404591225801084],[10.645877941133822,45.40592486042369],[10.646491172093922,45.407239199580204],[10.647736600455762,45.40876044920028],[10.648790455052186,45.409843404148994],[10.650034571485328,45.41043751687479],[10.65167364671334,45.41098990139854],[10.653109090828124,45.411131150378964],[10.654051234389831,45.411009499695005],[10.655371505177328,45.411584417802196],[10.655451715751198,45.41389642748747],[10.655392094048494,45.41421527246493],[10.655308103945798,45.4146637268894],[10.655066792848825,45.41515330667975],[10.654626059751227,45.41582268398782],[10.657470799495698,45.419569401105825],[10.659728538967917,45.421982192602364],[10.665234090881528,45.42771707206204],[10.669431908987905,45.42626026077372]]]}},{"type":"Feature","properties":{"name":"Lecco","abbreviation":"LC","plants_major":20,"plants_minor":4,"plants_total":24,"aggregation_note":"Conteggi distinti nei consuntivi provinciali SIRe 2025; contesto depurativo, non dato AMR."},"geometry":{"type":"Polygon","coordinates":[[[9.378644743628508,46.15207660972083],[9.397330157189321,46.15056323822445],[9.410223330351956,46.14994169196315],[9.410712905811053,46.14612391584115],[9.410556560827311,46.14425247423182],[9.41315463312941,46.138456069630664],[9.413691241743205,46.13750011725753],[9.414100807833861,46.136868631938334],[9.414032346464921,46.13464587356039],[9.413625967006519,46.1270512652629],[9.412856562663059,46.11935897521665],[9.413169452935072,46.10871902204054],[9.413610488065004,46.10422705931938],[9.415001832068329,46.094798889565965],[9.417062328122862,46.093558364616285],[9.426875575355847,46.08783404035254],[9.427931890781934,46.08727208886936],[9.430264832620848,46.08621031174959],[9.431567265824897,46.08570138757325],[9.441330328253764,46.08215406049387],[9.450992101845797,46.079029280431996],[9.46172649699319,46.07590858520293],[9.475285085310988,46.07205493019666],[9.482212448691612,46.0716209178322],[9.496723141242388,46.06899347544563],[9.50983978480876,46.06252758962827],[9.509985827702744,46.06153691588875],[9.509701414448188,46.05873011902557],[9.509328846264413,46.05757975404885],[9.508801014455747,46.05641208917738],[9.506852313615243,46.05254166315855],[9.50610483730192,46.05137494066502],[9.50509955189811,46.05028136749462],[9.50396706822118,46.04941335138923],[9.505851655113757,46.04346487500489],[9.508674097550427,46.04258832597733],[9.51087535670642,46.041633476461804],[9.511812642702207,46.0409632803892],[9.514403776362526,46.03886358132218],[9.518324531842815,46.03524578332425],[9.519489827130517,46.03410645275732],[9.522215389271983,46.03124997117307],[9.522888075926309,46.02995984689336],[9.523316156958302,46.02876985645037],[9.523710661390085,46.026760990299856],[9.523893089764224,46.02555413257056],[9.5237400697674,46.02440280220501],[9.525336297861564,46.01696124947623],[9.526899310288213,46.01150889670887],[9.514402820208613,46.01089980324063],[9.5055065842971,46.01129051055825],[9.497950460178837,46.01168820205037],[9.497155463382683,46.01198417131084],[9.496305552099086,46.01227587423768],[9.49536373976608,46.01240596494137],[9.493475084609797,46.01209912359131],[9.491391907865353,46.01170308057146],[9.490187086090366,46.011303254548295],[9.489184724507668,46.010425515245615],[9.487119771878946,46.00768025143782],[9.486945382686718,46.006942972690396],[9.486097167396302,46.0030044637159],[9.486399080120535,46.00208514425944],[9.486860523057087,46.00168717385245],[9.494991642307886,45.99820512975172],[9.498126769740757,45.99067625492179],[9.499232139209724,45.98580226785214],[9.49876624288435,45.9799271088275],[9.50182201776078,45.969500357556875],[9.5031173358491,45.967154575762315],[9.50357934899154,45.96686452959684],[9.504844005524472,45.96684094100995],[9.506367505375387,45.96689720359398],[9.50798209412287,45.96703405278722],[9.509518749554633,45.96711721880699],[9.510654753603717,45.96713913427372],[9.511983353854363,45.967052196080644],[9.516749953764167,45.9660947113922],[9.521578904164288,45.96492072964189],[9.526048688423236,45.96264114724941],[9.536199455606711,45.9566627252887],[9.539580905359305,45.95006753411514],[9.540094610974597,45.948490047098495],[9.540951561358987,45.94506584772348],[9.540904801052148,45.94423803265046],[9.54066436206523,45.94339314293102],[9.53967687089491,45.940013661507585],[9.538425090915863,45.937301448007965],[9.53411566535676,45.93292948370148],[9.530704733430705,45.92853517556409],[9.52913754270143,45.926490353564574],[9.527668201415365,45.922509958579376],[9.528032800369056,45.9174410458419],[9.516356706704663,45.90707190651729],[9.507188121680656,45.90120874546173],[9.506396704538634,45.90065421823127],[9.505257607794553,45.89872415181897],[9.505042071927749,45.89769905389588],[9.506713608657943,45.89439748734448],[9.507399959456732,45.8933323899977],[9.508487325588126,45.892427514031155],[9.512292571790463,45.88993537924727],[9.51464685106798,45.8852715653403],[9.514068369360702,45.88062992734321],[9.522140887537375,45.87424347449199],[9.522512676600659,45.87386826641056],[9.523027665090767,45.8727948424377],[9.52368718851038,45.87133375211103],[9.524018588751918,45.87034670844689],[9.523009722674525,45.87002279296333],[9.518013928090843,45.86899249035188],[9.517033370898437,45.86884391997539],[9.515385283112991,45.86895936392646],[9.514575609400715,45.869179029141925],[9.513937952297894,45.86939076232118],[9.512056051659872,45.86980237940675],[9.510242926161983,45.87018851441398],[9.508658288711823,45.87020457449277],[9.506931523270465,45.87017624851112],[9.505990120759154,45.87008141754965],[9.502543499390708,45.86935858877404],[9.49574012156969,45.86784922354504],[9.492356054788264,45.866882794313895],[9.488569389547568,45.865539981920875],[9.487470104224455,45.865058634484654],[9.487104695286684,45.864520178486494],[9.487614718162641,45.8639149669008],[9.488576717294523,45.86343382931654],[9.485662414206068,45.86162817714709],[9.484873098081868,45.86161471433044],[9.47088315984638,45.85922021975034],[9.47079437207713,45.85919358387383],[9.470731157371361,45.8591443411411],[9.470661350196288,45.85907712437515],[9.470519860554106,45.85891120541846],[9.470453084505328,45.85882147460011],[9.470233018529852,45.85850286895729],[9.470144932134057,45.8583682227616],[9.470012689670979,45.858152761933546],[9.469576630446698,45.857425516915434],[9.469520787791975,45.85729524699456],[9.469292424944351,45.85675615935115],[9.469210254143968,45.85655848403989],[9.466907506846777,45.85047669615525],[9.468630300239226,45.8475379464983],[9.473971170052861,45.83807781353344],[9.47316549130338,45.83721710042537],[9.472710625910343,45.83672394320876],[9.472528606457491,45.83651769281609],[9.47235849250931,45.8361943786538],[9.472303871297763,45.83582557303173],[9.472275823630723,45.83555568137548],[9.472339836771113,45.832468218247755],[9.473006889571074,45.82761416960095],[9.473433195603485,45.82475021518541],[9.475453173133207,45.82007053210262],[9.47902422204156,45.816208831220514],[9.479777360202641,45.81544419519829],[9.480250103498346,45.81503717655436],[9.48343406029342,45.81260260070773],[9.483984451902336,45.81224924804705],[9.484445367276374,45.81196827191516],[9.486110154532168,45.81099813977911],[9.494296674414443,45.8038075674362],[9.496418009059218,45.79633682896392],[9.496279175464727,45.79519435425544],[9.496015792197767,45.79451144102982],[9.495727922347788,45.79397265052936],[9.495309743479357,45.793245428834126],[9.495062747439869,45.792958479315516],[9.490436894683231,45.792186370600774],[9.488305397347055,45.79268152946079],[9.488049900831186,45.79288962774944],[9.487742287976653,45.79302596500146],[9.487472961997543,45.79312611915826],[9.486998025277009,45.79325415396873],[9.486689544621305,45.79329146839477],[9.48634238407104,45.79331995135613],[9.483376724425014,45.79332802059641],[9.482031848035428,45.79329320369816],[9.481581296418208,45.793268098850795],[9.48097419582319,45.792991651189894],[9.479545958128865,45.79148553729176],[9.478699368494556,45.79028301733089],[9.477574497169146,45.78812756621911],[9.477469791459942,45.787920997896705],[9.47751835414563,45.78757876608847],[9.477760546123697,45.78731673815917],[9.478283445549373,45.786783506212466],[9.47860277500045,45.786512158245785],[9.477383358547938,45.7846819501721],[9.474659547264704,45.78321273705863],[9.468696872648813,45.781859187219425],[9.46254171635323,45.78440435995966],[9.459764030412023,45.7859118747503],[9.45724037205377,45.78823734986442],[9.455504935077016,45.787897755135866],[9.451400837643916,45.78682192645563],[9.450319025526802,45.785938283531266],[9.450121740118945,45.785415020893865],[9.450231342325518,45.784413329582726],[9.450417692962136,45.78282351718731],[9.450591813975871,45.78241477241121],[9.450791418116408,45.78202365997404],[9.451130263813639,45.78161426519495],[9.457764094810976,45.777407907555535],[9.462637986190856,45.77415704536579],[9.463085693978158,45.7738581974482],[9.463494806836872,45.7735595223328],[9.463878330895893,45.77327894024958],[9.466204430450944,45.77150534925397],[9.470612848035334,45.76807605248579],[9.469833909770415,45.76720619652341],[9.461590324467709,45.76097535444734],[9.460455936573428,45.76063790040692],[9.460108398410984,45.76059430583432],[9.45979970937753,45.760586534289246],[9.459439592044395,45.76057898762609],[9.459040991632921,45.76058058977784],[9.45864258801399,45.76060919464065],[9.458309055676757,45.76070953835706],[9.457131519772584,45.76138030792873],[9.456337924623648,45.76183351227342],[9.446408042161607,45.75991062158557],[9.45197905531777,45.75381333379113],[9.456145115930827,45.74920641995236],[9.456437810887733,45.748836232930145],[9.45662675550673,45.74835844003511],[9.456878667227524,45.747718383300274],[9.457117186635347,45.747015375157524],[9.457134141137312,45.74594421595929],[9.456756496843072,45.745351690958124],[9.456303522548932,45.74485642886294],[9.456198676245618,45.7447418151981],[9.454736992315075,45.74363155562207],[9.45197964190615,45.74185581483601],[9.446035133517533,45.73408906420361],[9.445835162117815,45.733189775562806],[9.448509784934643,45.728525929004505],[9.450441888128053,45.72426998485104],[9.451763045718923,45.71250532212842],[9.452249913151388,45.712283930170045],[9.452745945073774,45.71198408838342],[9.454381008561851,45.710724809028164],[9.455002720322906,45.71018757504166],[9.45607983348066,45.70923642924744],[9.45746296236807,45.70798453627472],[9.45748649254554,45.70795848190971],[9.458071779354219,45.70711091531398],[9.45832939723658,45.70640435682872],[9.4586051169936,45.70561199043195],[9.459655655055844,45.70229854080702],[9.459531816222887,45.70200342317226],[9.459354478889127,45.701597695165596],[9.456290948843451,45.69609246971381],[9.451985097220527,45.68924199016135],[9.451008042504089,45.684421435644246],[9.451094827514716,45.68403406814724],[9.451284255076837,45.68363729250323],[9.453060692796402,45.68256824831977],[9.454453011401483,45.68180269618683],[9.454505338012433,45.68177943233903],[9.458689280626196,45.679935551354276],[9.461902397914665,45.67873450588562],[9.467643217664099,45.67272552149609],[9.467460327618493,45.672348232576496],[9.467842618883036,45.67200463104562],[9.469737779674697,45.67053766471611],[9.470662493223545,45.66990496784581],[9.471225637037739,45.6696956317322],[9.47203295964667,45.669521272395286],[9.47657545057398,45.669268308838525],[9.472923955863994,45.66745645808495],[9.465306161909291,45.66490454847518],[9.459586194450884,45.6608593359248],[9.45501127588355,45.6570432945816],[9.45247127504027,45.65402911335673],[9.447516196971513,45.65070921328453],[9.44448406537273,45.65028902709761],[9.441237780845396,45.6503736140356],[9.43810837725265,45.650637683115654],[9.426560791310093,45.65439873315695],[9.424133930916623,45.655955923682534],[9.423130263819047,45.65733669475763],[9.42096762670086,45.66163806117164],[9.417819549897711,45.66811222444762],[9.414383089545671,45.67563135368419],[9.407681796654174,45.673999330707076],[9.395867998752324,45.67010754816433],[9.388628970664758,45.66690827710893],[9.38527085647938,45.66368124575128],[9.384215155839396,45.66242081349166],[9.383963545641809,45.66211943134783],[9.376625848056225,45.65708541771628],[9.37510440374614,45.656055317122515],[9.374537312234452,45.65570612305264],[9.374314555046462,45.655625855883926],[9.373456610367219,45.65532262789302],[9.373053445604853,45.65524330069553],[9.372287234931624,45.65509253649798],[9.371304887532965,45.6559778759338],[9.37053942357914,45.656682409206546],[9.369553482115473,45.65782236756528],[9.36920383223324,45.66007366069522],[9.369089035288695,45.661096830155245],[9.364068950594971,45.66402245363736],[9.349088633076095,45.668586033160004],[9.341302814840239,45.66973455105139],[9.329661033161905,45.66579036638092],[9.323073359779194,45.65873002879572],[9.323068235364689,45.65783895895136],[9.321677425589108,45.65673590998267],[9.321196546422694,45.656498251525356],[9.321015965739234,45.656541046169146],[9.314405429673474,45.66205754039868],[9.313297178511814,45.66574191755264],[9.31422588316602,45.67184637907663],[9.307502039041745,45.67714835911298],[9.295211384822256,45.6888546413151],[9.294804870752088,45.68970175545238],[9.294256452988245,45.692898384003996],[9.29516463118983,45.69707240383598],[9.295843481578197,45.699122925181605],[9.296807982125586,45.69933644692987],[9.297657902084762,45.69973925657826],[9.298976489793057,45.70068192416437],[9.299646856122653,45.70120610027221],[9.300217006855547,45.702684803462226],[9.298822474110189,45.708592876670764],[9.296817342033433,45.710917653667586],[9.29502488019737,45.71103840402026],[9.293574628958478,45.71206783892838],[9.292918963482885,45.713569365002805],[9.28944748117461,45.72417033916772],[9.284837120732053,45.732363529858006],[9.280569976699558,45.737486447196446],[9.276162466956531,45.74029666773827],[9.272031644711898,45.74200770533042],[9.266272288316793,45.74192226721802],[9.260696042990705,45.739747965326266],[9.259014785761739,45.739920043899716],[9.254154807632437,45.74047445450442],[9.247121515972545,45.74264906739531],[9.249459096025547,45.74495384238381],[9.256685133208446,45.750998585999334],[9.25674592130082,45.75115766351695],[9.25681559353753,45.75137636173338],[9.256676545375328,45.75469790761742],[9.255799492708999,45.756972696462434],[9.251070264385774,45.75970328602634],[9.246345401985254,45.76201119044125],[9.246076857669317,45.76235379929482],[9.245605811652172,45.76343489583086],[9.24466497728899,45.765903092446415],[9.244181125672245,45.76728572390169],[9.24419952981915,45.76828025536182],[9.250305184502418,45.77905880319507],[9.25849507136698,45.78096669978905],[9.259561306539801,45.78064927632491],[9.26101461436596,45.780591955143365],[9.261209383754103,45.78063200866573],[9.26189021647753,45.78077896702083],[9.262231817977609,45.782299278974925],[9.262866488553055,45.785961083715826],[9.262644139580026,45.78792372435795],[9.262318813476114,45.78987760417287],[9.260649453552645,45.79056548329894],[9.2613061613694,45.79343516388469],[9.273713734483747,45.80216370549426],[9.288499547498773,45.80959781060098],[9.290390559241105,45.81529939916333],[9.289506443979501,45.81514862997595],[9.289122478115447,45.81510458817904],[9.288875391752917,45.815078226501825],[9.288257363502641,45.81504376854564],[9.287896868192481,45.81502668783897],[9.286734221117431,45.81671272539556],[9.286019291143687,45.81786658970299],[9.285473784096519,45.8219541978225],[9.285569281021441,45.8230070273177],[9.2863208380907,45.823959209392946],[9.288212116680887,45.82623159276243],[9.289015090296395,45.82715662232547],[9.289362890967348,45.827191741869605],[9.289861250995914,45.82647044340849],[9.290981467902386,45.82650359598403],[9.294401932772677,45.82816893184708],[9.297908953628317,45.83154405351071],[9.29931345957232,45.83415053186007],[9.300396698390811,45.836847862677054],[9.304336773926051,45.83917757476859],[9.308480420056485,45.84100256534187],[9.309499723174083,45.841359844694246],[9.312569198728363,45.84217952209361],[9.31367743222863,45.84231150677375],[9.31842278886869,45.84567357144534],[9.320196652412692,45.85181596914789],[9.332264239479382,45.864616238397296],[9.332618741486522,45.86573126955621],[9.332778484714948,45.8665948519758],[9.332734149546287,45.86780105418309],[9.332618622695328,45.87003351587046],[9.332318195785149,45.871510467207855],[9.331862075292221,45.87280785414071],[9.329634927090673,45.875316431254376],[9.32662291657312,45.878061235698425],[9.326237456308746,45.87825134728935],[9.325787075274972,45.878360631510674],[9.325104745101559,45.87847059209411],[9.324267527005237,45.878535974727264],[9.322928063807066,45.878656762309255],[9.321898776945567,45.87893868677447],[9.320897336223657,45.87958053723453],[9.318322471234419,45.882260868757335],[9.315443535311266,45.88819115694203],[9.315435954360929,45.88912723873525],[9.315813031222278,45.88971122316233],[9.319632008535125,45.89263475759569],[9.323204187073461,45.895162832332105],[9.324058516997024,45.895781435674856],[9.323738098404634,45.89609736274409],[9.322699363742174,45.897027347249235],[9.313576242815985,45.9044961163959],[9.312382131963368,45.90536342936367],[9.309831903578148,45.90348927769827],[9.304278831555703,45.8993909908603],[9.303615027485655,45.89822270926517],[9.303634367125392,45.89704359734108],[9.303602961157925,45.896008635409416],[9.303507483422282,45.89504584308724],[9.303283940488116,45.89423638394903],[9.302674902542917,45.8936439781701],[9.302080957711865,45.89345653895636],[9.30149994608592,45.8932780585443],[9.298558253692994,45.8927457519407],[9.295927019166927,45.89241059181892],[9.294058021282414,45.89240640256155],[9.29244700652517,45.89243754197135],[9.290579414611257,45.89270331585773],[9.2893831396086,45.893174382042],[9.288703866379747,45.893923131353134],[9.28730724102872,45.89554673938972],[9.28535798049958,45.90002484804499],[9.284346787038594,45.903960560512296],[9.2816790364712,45.90924140474706],[9.277983780588704,45.91543375703308],[9.273298571780359,45.91979226097495],[9.27014267201302,45.922533787934285],[9.272046843034953,45.93017270433092],[9.273509699311303,45.93126725394014],[9.276805583087821,45.93521949337338],[9.27736410569916,45.93599216883347],[9.277742047249363,45.93676528048401],[9.278068585155896,45.93757453295701],[9.277867867315704,45.93870906112773],[9.276484078263598,45.943203598847944],[9.273958847687382,45.94651283009631],[9.273432073316451,45.94696410878727],[9.270573897210182,45.94821294672399],[9.269839692424565,45.94846669560352],[9.2638570271307,45.949326709984184],[9.262837820041259,45.94934704957729],[9.260010896675883,45.94908351337337],[9.256527023883885,45.949046371975584],[9.258015118323152,45.95553228546421],[9.259182284132049,45.95954380951555],[9.259599191557307,45.96038888836467],[9.260158739561911,45.96137765468506],[9.260731149335896,45.962348379839945],[9.261354917709182,45.9632649964919],[9.26235223663451,45.964018746295],[9.265703995256253,45.96591906210314],[9.267141887881005,45.96637942150084],[9.270545919326086,45.96633073196623],[9.283714019812335,45.966991814024745],[9.284579086941347,45.967052665989684],[9.283267461515509,45.97053905585436],[9.279861481885954,45.986234994596025],[9.27786065795804,45.991478057926294],[9.277363328541234,45.992730305280595],[9.27654485906564,45.99432534398791],[9.275891379906263,45.99535295585571],[9.274839094596018,45.99668754095522],[9.273760990761831,45.998031153943145],[9.272719698581314,45.9989966917361],[9.26696559925622,46.00025230128833],[9.264576884406907,46.000770870457515],[9.264104386200284,46.0018970146051],[9.261180003957808,46.008932935898414],[9.260948829127203,46.01445063603405],[9.263140680404643,46.02446289048203],[9.26476978718582,46.03012028013235],[9.271433627134137,46.037052823118],[9.27563961506459,46.04085884617996],[9.287013815111502,46.05581618739068],[9.288550006859651,46.05788237000123],[9.289604828937197,46.059346735794286],[9.290772543386334,46.06729992145881],[9.289733340388585,46.07132564384945],[9.293710552283395,46.084599725902436],[9.297438367038135,46.094742241439725],[9.298087890466892,46.09764759499597],[9.298789479485515,46.10516086941296],[9.295041093844164,46.107564695527664],[9.293022801841362,46.11325790554938],[9.292350044595073,46.11568705712795],[9.292324400416062,46.11577970831801],[9.300481881217745,46.125883670474515],[9.301896258303037,46.126527944649666],[9.317248071285864,46.133479286407244],[9.332631027642828,46.13932175641324],[9.341026501167264,46.14236602321728],[9.348766532258038,46.146041700960666],[9.352650708590623,46.14800979871217],[9.357236857941702,46.15035357707462],[9.357629315785516,46.150964350420494],[9.358258056790564,46.15206937650043],[9.35925325769001,46.1537582638854],[9.361032411107288,46.15649767483651],[9.361854331775634,46.15741308567387],[9.365839739329193,46.156878385639104],[9.369053898070632,46.15528405638599],[9.371699229101457,46.15386248123908],[9.378644743628508,46.15207660972083]]]}},{"type":"Feature","properties":{"name":"Lodi","abbreviation":"LO","plants_major":27,"plants_minor":33,"plants_total":60,"aggregation_note":"Conteggi distinti nei consuntivi provinciali SIRe 2025; contesto depurativo, non dato AMR."},"geometry":{"type":"Polygon","coordinates":[[[9.449768895766253,45.46907867711104],[9.451009160069145,45.46900178268102],[9.453567694022606,45.46840658361258],[9.457498824555715,45.46730175405471],[9.458355635595751,45.46698703810775],[9.45866720703046,45.46625293192361],[9.458507878590456,45.46553349047891],[9.458312413042986,45.4650932145763],[9.45660304460796,45.46409192552355],[9.456118461125204,45.4626897008122],[9.458998522980439,45.45821359188135],[9.461910380404248,45.45455638943464],[9.467891079516715,45.45014729191364],[9.470539283860967,45.44870318075308],[9.471615263378851,45.448152901976144],[9.472585895842949,45.44800488059352],[9.483908387313525,45.44868807277604],[9.481627408986588,45.4455437295113],[9.485385906806558,45.441983293343256],[9.487466925316179,45.43715881507216],[9.483136530999882,45.42712291218345],[9.483400821794932,45.42663573337866],[9.483727804763214,45.42600425932606],[9.483838911822394,45.42554473451064],[9.483933506698532,45.423150013106785],[9.483699515414452,45.42269193087806],[9.478243814281445,45.418421335456664],[9.47481114637191,45.41602334102433],[9.472395327327686,45.41445814574951],[9.47126506497259,45.41377874113652],[9.469173840757197,45.41126697610442],[9.461614774343902,45.40143242640474],[9.45861083318842,45.39617882997336],[9.454408238535047,45.38670831157488],[9.45544273153884,45.38509297038689],[9.46229805367337,45.378314483407664],[9.467465730564616,45.374602948311605],[9.47453177978424,45.37197241240211],[9.476132666177435,45.37403604940857],[9.475918200926907,45.37435199096971],[9.47634706108741,45.37523231628765],[9.477296800957772,45.37614292501816],[9.477480054286,45.376316757092475],[9.478570698783436,45.37691526217726],[9.47946447412698,45.37688452511448],[9.488096094261875,45.370700080461354],[9.489147688058036,45.36973244599292],[9.490325885233144,45.36863823939108],[9.491149194217241,45.36786059603375],[9.501138616919226,45.36535985748641],[9.502471204560242,45.365876090329856],[9.50619373563112,45.36662476375435],[9.50707617881887,45.36677385717257],[9.507765942828932,45.36679779960143],[9.508881796147326,45.365919714165955],[9.510568068320385,45.3603223816236],[9.510383791530051,45.356866707783276],[9.509331507576631,45.353423918664475],[9.509075653175818,45.34908648303461],[9.509100422286142,45.34880424152666],[9.524566840519821,45.347144301275264],[9.53536374215533,45.34677899317196],[9.538663842206157,45.34345098354054],[9.552024499319337,45.33940270704933],[9.56170436831475,45.34178267300657],[9.561911375638505,45.34184569876596],[9.562591743423232,45.34205285332249],[9.563342592568217,45.34232763470344],[9.563489363571987,45.34311507862748],[9.564416830663165,45.348700323602394],[9.56655587040666,45.363573410791126],[9.566709527457538,45.3645762861544],[9.567077639497867,45.3661136950906],[9.567285419357615,45.36685976380254],[9.568052445782444,45.366945955230285],[9.569158676744266,45.36703045801183],[9.583510572531214,45.36218735671418],[9.591114479617392,45.353092948004374],[9.594241470576586,45.34623569998874],[9.595995276399746,45.34161342618743],[9.59666270782461,45.338400916627286],[9.60004100095944,45.32730257499069],[9.603726261973426,45.31992904590726],[9.608912928708357,45.309964012163064],[9.616997692434289,45.29946110351841],[9.62348951536088,45.293700939611135],[9.62417025783132,45.29369719617173],[9.62463716319547,45.29369461837086],[9.625973452016812,45.293435307088025],[9.628415803075331,45.29287279009986],[9.628718940132615,45.292677615415606],[9.62954184496599,45.2921329952542],[9.630249383620914,45.29153501136827],[9.630522254156293,45.290912397490175],[9.63063940201949,45.28997560931247],[9.630474999094604,45.28895035709019],[9.629619188168695,45.28766788158621],[9.62874426803805,45.2869615757662],[9.627370504550164,45.28611400866703],[9.625472516035332,45.28513426310481],[9.628695580057123,45.28147992612333],[9.630570681934342,45.28270279147431],[9.631464121239382,45.283063010321264],[9.63277367962978,45.283590743937935],[9.634640808937538,45.284084467101145],[9.636503536861358,45.2842541182911],[9.638337325344692,45.28408936167248],[9.638834616438613,45.28404307522337],[9.64029679730643,45.28366590387185],[9.642195622713297,45.28251205707657],[9.643686862473745,45.2813334700661],[9.644165349516534,45.28087170641526],[9.644492460362159,45.28048279343757],[9.645139957553438,45.27911986975488],[9.64531996639668,45.27871585068412],[9.645835425260252,45.27755869470463],[9.645922835512044,45.27733318377686],[9.653561659792281,45.273257062795835],[9.661024407252967,45.27483887984449],[9.668408567790314,45.269764082269],[9.6695969625537,45.26465331774477],[9.668420246215115,45.26368060828823],[9.66839870875235,45.26361676507329],[9.667989145547468,45.262331354944486],[9.668704096942452,45.261345999424584],[9.672024032341795,45.25868010004885],[9.672980204475257,45.25803748604835],[9.673498554116986,45.25768923556904],[9.67378086950799,45.25749956816491],[9.675239927188136,45.256941864410436],[9.677244479063708,45.25656999551175],[9.678100410183912,45.25641181611097],[9.678192445012355,45.256418478053234],[9.679261850833212,45.25649598276722],[9.67953857630594,45.256542099598434],[9.681103826169359,45.25711405192443],[9.68215054027691,45.258314005497006],[9.682866809739288,45.25958793312876],[9.683591296372635,45.26154590870648],[9.684166337333643,45.26273065484293],[9.684865750823205,45.26365361268403],[9.685999257795443,45.264636970134305],[9.687162384996856,45.26490003138694],[9.688742098697558,45.264827504345355],[9.690471472702624,45.264483998156294],[9.691696516902589,45.263612446336744],[9.691880676537954,45.26277599651297],[9.691974340439712,45.26235056738412],[9.691933655573862,45.26177774488707],[9.69191118089886,45.26147253695724],[9.691851942307109,45.260668030424846],[9.691813651524535,45.25961509080947],[9.69180494590554,45.257913871117154],[9.692428806423118,45.25681191797774],[9.693541731137204,45.256103050572236],[9.694389045233095,45.25587321675346],[9.694696885243463,45.25578997267333],[9.697266828003093,45.25568431165402],[9.706115399148604,45.261003816489364],[9.70729776033903,45.26178861406435],[9.707579235193158,45.26188717535562],[9.708434236757316,45.262181177277235],[9.711851060761484,45.26304754521068],[9.713970479255353,45.263331358297506],[9.716635502994345,45.26341368095832],[9.717631080556124,45.263343497236036],[9.718036357966447,45.26331486446963],[9.718367239082028,45.263220222042776],[9.718518984125739,45.26317681092612],[9.718963368083527,45.26303899698649],[9.719317851891908,45.26284773306475],[9.720238221389929,45.26204980003095],[9.72108234262758,45.26127035204117],[9.722152192636345,45.26020142377461],[9.722549287361172,45.25935276562308],[9.72259089963905,45.2586143838108],[9.722368991887274,45.258201720215936],[9.721812442248863,45.25753013191644],[9.720562847306274,45.25647585435685],[9.719460634080066,45.25598771282702],[9.718425100124822,45.2557331917164],[9.717469331917613,45.25573919993866],[9.717225746363974,45.25582549458833],[9.716619241720398,45.25604159921801],[9.716078166164023,45.256594078010636],[9.7154620778627,45.25726405115656],[9.714782265297334,45.25793440083605],[9.714048166208206,45.2583440650412],[9.713263263221538,45.258505924714896],[9.712967634146102,45.25856685480703],[9.711859658195735,45.258636776812445],[9.711054288200058,45.258443765706645],[9.710233943851213,45.258070805264865],[9.70952820593108,45.25768813084331],[9.708692794627394,45.25712622176161],[9.708135856531959,45.25640954977604],[9.707782818444144,45.25569163134901],[9.707538819672251,45.25513837905478],[9.707363176088178,45.25474007283363],[9.707240317018824,45.25408373736509],[9.707216658759727,45.25349615774787],[9.707202891519403,45.25312079543718],[9.707257768469374,45.252409343593044],[9.707339261217593,45.251787745731725],[9.707511289730158,45.25127359633161],[9.708376337415539,45.25012504370199],[9.708558488326172,45.249890728072344],[9.708840405904256,45.2495280764736],[9.709792565126607,45.248836178210425],[9.71001488967514,45.24867463280287],[9.712113098422055,45.247302358459216],[9.713189166087297,45.246737542939876],[9.714507516746156,45.24618921110045],[9.71620798414303,45.24562947310255],[9.717542754434964,45.24537806669131],[9.718781415700299,45.2453286690252],[9.719071035155132,45.24531443907889],[9.720751514051168,45.245195816848515],[9.721957950231856,45.24487316078149],[9.723478468397847,45.24419744878983],[9.724782559882396,45.24354108514643],[9.7257681859735,45.24289571970577],[9.72633327476994,45.24224401131928],[9.72661737084461,45.24154008785329],[9.726657085850865,45.24065769943454],[9.726391833196294,45.23984024471373],[9.725830948933918,45.23881764265369],[9.72509251406723,45.23785916063307],[9.724180242625998,45.237252865607644],[9.723014091968745,45.236720162500845],[9.72129952050366,45.2361369165611],[9.720250356377786,45.23578346389498],[9.719586320013443,45.23566162788573],[9.718388796020992,45.22960213465186],[9.725738559073537,45.226558167839976],[9.732227558184531,45.2249864890746],[9.732942201462615,45.22608010158578],[9.733102859152934,45.226221297091556],[9.733298366828532,45.22639311610107],[9.734075879500443,45.2270719698062],[9.735777485143807,45.22764611218182],[9.736189333005884,45.2276698948298],[9.736899277025442,45.22771088761274],[9.737019033560223,45.22771175583005],[9.73836280156473,45.22760241963361],[9.740444347698455,45.22702186216633],[9.7419506857046,45.22629195665733],[9.742871001122712,45.22555684656108],[9.743305414022933,45.22468087982741],[9.74344216971791,45.223446773614846],[9.743156760971122,45.22207140125042],[9.742697402466277,45.22103022493149],[9.74221471012499,45.22015120692133],[9.749818586568646,45.21822021667084],[9.751703947867746,45.21961342666409],[9.751824964025065,45.21970128487597],[9.752324189816674,45.219892744830624],[9.75375790357028,45.22043568073737],[9.761499449079343,45.222650183575595],[9.76208418652155,45.22279641693945],[9.762770802529408,45.222941268393754],[9.763849639600846,45.22265500531173],[9.764784875064214,45.22210865331747],[9.765262086876522,45.221601368133655],[9.765705835603496,45.22050021432879],[9.765846822365457,45.21969800202165],[9.775636602942514,45.211782739489244],[9.773467602722407,45.203966107705476],[9.772956765101695,45.203005373264396],[9.772092203518726,45.202067081191466],[9.77116703124639,45.201443237280756],[9.768190959237959,45.19979800834822],[9.766534868229616,45.19901242357005],[9.761966297158086,45.19226939459565],[9.758486171934535,45.18807984191332],[9.75542774097218,45.184940557234675],[9.75224468463054,45.18539405592227],[9.75021399774174,45.1853259874698],[9.750231445140846,45.18277842058692],[9.750645758006224,45.18234363193988],[9.751617940465772,45.18174312582878],[9.752859864323831,45.18132991573954],[9.753387875083964,45.18126577529475],[9.754270447341046,45.18115857680576],[9.75571999658356,45.18104997771004],[9.75668889724398,45.181169586071796],[9.756769584568245,45.18119688991577],[9.757340941285344,45.18139030234373],[9.758327015877894,45.18184285181254],[9.759287880591549,45.18231355192451],[9.763454279591675,45.18453616244623],[9.764646858549144,45.18519430421437],[9.765999311442537,45.186382441598916],[9.767662293588124,45.18793754732131],[9.774388303849186,45.18881198459295],[9.783320492096266,45.17315862335388],[9.783679054622018,45.168682367101844],[9.783889689696837,45.16733968156182],[9.784008349818894,45.16694691467697],[9.784072292017829,45.16673531820257],[9.784270419423471,45.16633789522793],[9.784707837570323,45.16575878737256],[9.785637367758845,45.164879227581174],[9.786471011257273,45.16443242585496],[9.78760866053261,45.16388448724083],[9.788406832534953,45.16363592840209],[9.789626237726925,45.163483487751854],[9.790528812682076,45.16342322816518],[9.79151072078378,45.163578454461465],[9.803673373032565,45.15984786506506],[9.804029084537397,45.159685793047586],[9.804937592222918,45.15927186565114],[9.806166024543732,45.15886714301651],[9.806700088885584,45.15884536031524],[9.80755291592835,45.158813394645406],[9.80781922734276,45.15881045979578],[9.809131192902285,45.1588796468588],[9.810828180911258,45.159257208203975],[9.812770043205388,45.15987459245453],[9.813039304394431,45.159961625910846],[9.815074684644527,45.160829268217114],[9.81674266526754,45.161807499825024],[9.818131125883838,45.162805751737736],[9.819868878531816,45.163315376657685],[9.820147672325632,45.16335855693566],[9.82166690721037,45.1635905114674],[9.823069261960358,45.163778444574255],[9.824838137936528,45.16379270906163],[9.82649987818995,45.1634386277977],[9.827094087575368,45.163173281884156],[9.82764879207744,45.162818200640466],[9.828162839183383,45.16229238601934],[9.82845748654373,45.1615521179316],[9.828641136609532,45.161055687979434],[9.828711726036248,45.160659101113794],[9.828712708462959,45.15984896554223],[9.82857943799293,45.158553690793696],[9.82809962700153,45.15617175324661],[9.827754552055765,45.15518407684754],[9.82765103504009,45.154185644481636],[9.828579623922762,45.15242357375754],[9.829553262261838,45.151138273581374],[9.831105502234003,45.1502808241768],[9.831199710308274,45.150244679071896],[9.83263620068106,45.14969356681604],[9.83447450790369,45.14926607299242],[9.836957320493692,45.149418947091725],[9.838559766785563,45.14985038582825],[9.838816237157925,45.149919435680545],[9.838975187031235,45.14996223685108],[9.840100073762795,45.15033203583578],[9.841584976520542,45.1509602175955],[9.843649468233174,45.1520701857078],[9.84499094618931,45.152881266054536],[9.846473500952253,45.15377762013071],[9.84746432757797,45.15453541063502],[9.848161229966626,45.15542584347352],[9.854858695328323,45.15387718468565],[9.855638085804417,45.15325024314003],[9.857246127322169,45.15274308465964],[9.859634551411494,45.15252709941628],[9.86177847696903,45.15297001659289],[9.861997963533707,45.153066636949355],[9.862132967956413,45.15312606869188],[9.863507400827745,45.15373111194664],[9.86666221581686,45.15623666611114],[9.86760356212548,45.157066666005434],[9.868042737220929,45.15772928483315],[9.868109428103718,45.157829924391876],[9.86841083197296,45.158284724716886],[9.868989872249719,45.15871240617727],[9.86959917051149,45.158910328549105],[9.87037077324459,45.15916096596625],[9.870903714414808,45.159066883501666],[9.87149108264566,45.158369271557376],[9.871868543958403,45.157259203463056],[9.872244869551709,45.150235094438564],[9.872043734102256,45.148724343153525],[9.871536526449786,45.14716193066289],[9.871030056850291,45.1456445291752],[9.871094274938358,45.14401474129768],[9.871583931724745,45.14275978017749],[9.872419783170631,45.14085404060367],[9.881020802348202,45.134441843721135],[9.882382529092117,45.13450333866911],[9.88628651893703,45.13448212170022],[9.887866661402313,45.13380737967831],[9.891076197631833,45.13090123412376],[9.88849225548908,45.12992371376634],[9.882095375260414,45.12742576493384],[9.881033422371056,45.12700188684242],[9.880031731588707,45.12636148576001],[9.877662344547907,45.124426359292286],[9.876204616667703,45.123060299419215],[9.875836727568718,45.122646945125624],[9.875712966604544,45.122505976450334],[9.875421023793173,45.12170706649883],[9.8754044796937,45.12156775640767],[9.875289673556678,45.12060086942683],[9.875236530113519,45.11962010600982],[9.87547332401208,45.118475081518],[9.875809036040343,45.11714925835965],[9.876377129447132,45.11605569714453],[9.877825932461546,45.11353310011187],[9.878560975454738,45.11255527300083],[9.879389143358113,45.111846766608494],[9.883034941071962,45.10919913982837],[9.88526187714436,45.107652751133045],[9.888370688204107,45.105710087900555],[9.891605393877764,45.10365050200806],[9.892823297330473,45.10280920834397],[9.893026380593412,45.102667203680724],[9.894207944400778,45.101820803414135],[9.895348555152875,45.100794679195005],[9.897403846393228,45.09893319988726],[9.898392678268495,45.09796223540071],[9.899055605871016,45.097281891508835],[9.899855329801394,45.096411428554106],[9.900628073534913,45.09544215579302],[9.900832330910568,45.094693399824116],[9.90110656024677,45.08869609874615],[9.901020719364238,45.088084662516984],[9.900871903977423,45.087509725618304],[9.900657142685567,45.08678227633547],[9.900404718038306,45.08608213069967],[9.90008974918417,45.085445491752466],[9.899578568022559,45.08445033127361],[9.899303994098451,45.0839573888013],[9.898966195088667,45.08348296584496],[9.897421345810166,45.08138870731497],[9.896772758322948,45.08053864211317],[9.895755078433949,45.07964645798178],[9.89481731322939,45.07898767818179],[9.893675599285924,45.078285484990346],[9.892674930361427,45.07771553600487],[9.892521888699621,45.07762837588487],[9.89102411592064,45.076901931022604],[9.889667533150764,45.076264378343296],[9.888531794824289,45.07594015468614],[9.886452284361539,45.07538020426985],[9.883785983468306,45.07466272872907],[9.882843477358465,45.07450798811221],[9.881739179418172,45.07457053698057],[9.880650037096078,45.0747949782716],[9.87951189970457,45.07513681543646],[9.878186241653983,45.075678118703095],[9.877305558951749,45.07624299711013],[9.87618680852013,45.0770257316325],[9.87539734801088,45.07774291964584],[9.874445392338808,45.079469549354414],[9.873307509661757,45.08150364117344],[9.871149071673068,45.08494979335535],[9.870663962582736,45.085637625592526],[9.869215531631626,45.08732297457389],[9.86747383674433,45.08894752922172],[9.864288195585166,45.09173521437133],[9.863435106560221,45.092470802057925],[9.862591766184837,45.093008273152634],[9.861519796376637,45.093556471050896],[9.860471850943767,45.094014456417376],[9.859308324127499,45.09439229577878],[9.857992976510069,45.09481625759116],[9.856637598838834,45.095114487707555],[9.85540820505658,45.095339743892374],[9.846354999930332,45.09675745313082],[9.845453672879549,45.09682714186779],[9.845121577841757,45.096824865933925],[9.84400456279687,45.09681084556912],[9.842719360429127,45.09670330821658],[9.841190715173285,45.09646252859713],[9.83982544452226,45.09609450229751],[9.838357325237196,45.09564620862593],[9.83541110148712,45.09405649969228],[9.834772864812042,45.09358700613528],[9.834344847024067,45.093272139814204],[9.83304011313285,45.09181438231604],[9.832582424314625,45.09092654701815],[9.832278680831566,45.09013661476614],[9.832153985060092,45.089426382337884],[9.831388459163739,45.083958910349914],[9.831314109680445,45.08321231422889],[9.831248517978223,45.08219559217636],[9.831384931172495,45.081087387781],[9.831595066128784,45.07980761106645],[9.832068448364891,45.078282870843296],[9.832660567120207,45.07706331949761],[9.83413209202259,45.074289052626355],[9.835160927538979,45.06904251139726],[9.834002379925387,45.06274975395893],[9.833758463359574,45.06167690206204],[9.833218412557494,45.06037002850904],[9.832786513128084,45.05974185067805],[9.832735190259465,45.05966737469025],[9.832349088011767,45.05910709597211],[9.831275472235635,45.05776465517169],[9.830218116283577,45.056665120982046],[9.828195013026575,45.05464542210651],[9.827112888672286,45.053582048264836],[9.824843143039597,45.05294134553733],[9.82325280735947,45.05273679851849],[9.820514634855835,45.05308056582984],[9.819539047146765,45.05324060610279],[9.8187665135375,45.05339016615483],[9.817792095476404,45.05363119878972],[9.81708636572944,45.0540143277531],[9.816559302572799,45.05445917974249],[9.816342385021555,45.05527989984175],[9.815972666767468,45.05695697681842],[9.815819882576074,45.05782223749112],[9.81577132639399,45.059766970690625],[9.816686450462907,45.06694388460121],[9.816924815571161,45.068517491116545],[9.816926968353542,45.06956167766587],[9.816841173656641,45.07067844283941],[9.815563916669728,45.07555744302767],[9.81518866220441,45.07628156048647],[9.815118708190862,45.076415755553626],[9.813262369429584,45.07810330726981],[9.812558350115701,45.07863042240795],[9.811183581343938,45.079333472440545],[9.810098286039551,45.079854274519846],[9.809124247492672,45.08015824109874],[9.805983721108678,45.080900575847856],[9.799443155557778,45.08201776968463],[9.797754818245165,45.08212859319671],[9.795519173640104,45.08217119659307],[9.78892161218546,45.08380111045782],[9.779516288950358,45.08921272389701],[9.778962214974449,45.08958407091466],[9.777345937104462,45.09127989955907],[9.776745635026849,45.09199511509668],[9.776258720427654,45.09263754876799],[9.774849587845033,45.094627497379406],[9.773566107415595,45.09651756002465],[9.773296862607602,45.09728452987419],[9.773115113365082,45.09794288541764],[9.772694551870893,45.09880088935248],[9.771414423479317,45.100951949668236],[9.770230326425974,45.10268826866447],[9.768769059309857,45.10461547804009],[9.76706932240068,45.10677831222642],[9.76665637498456,45.10726567236622],[9.766129891686637,45.10781980798227],[9.76547557815567,45.10831928957472],[9.762237202619495,45.11046534531461],[9.761232010992817,45.110992654707985],[9.761037915091526,45.11109446729381],[9.758979097531947,45.112098355026234],[9.758135235632894,45.11236912292766],[9.757839724553044,45.112456993413005],[9.75666171613277,45.11277988199964],[9.755153433002814,45.11312292920072],[9.753669119640115,45.11335777548159],[9.751789773229936,45.113523195932906],[9.749932315359006,45.11341838023893],[9.748570153084316,45.113274284563495],[9.747359379013913,45.113039179832434],[9.746283958287975,45.11246109961159],[9.745449858880672,45.11186343164838],[9.74506916765858,45.11093874174539],[9.744837146697177,45.10971602117327],[9.745053601629124,45.10583339769423],[9.745084819049271,45.10530359429031],[9.745326145889942,45.10431183105768],[9.747657563473068,45.09887756519035],[9.749730783401139,45.09413807990681],[9.751406730682355,45.091111494318255],[9.753101098271213,45.086599442326815],[9.75168801836755,45.08170924437494],[9.751126790073695,45.08041926502036],[9.750371911337053,45.07904696264054],[9.749593768116336,45.07783683833776],[9.748793203463368,45.07685189795439],[9.747724006933415,45.07572470902722],[9.747675701834721,45.075700195602856],[9.747470778628532,45.07559621769242],[9.746918314265839,45.075315899997],[9.746165748967433,45.075154638064696],[9.745899093945305,45.07509750998259],[9.744564530275172,45.07505218542478],[9.743345244606843,45.07507814005487],[9.74204565327478,45.074789530269484],[9.740477103341714,45.07433163081993],[9.739295359053529,45.073972578513086],[9.738997623752233,45.07388211185615],[9.73783271246184,45.07319651266246],[9.736355936915444,45.07196380396625],[9.734710854740852,45.07048011608009],[9.733320799104805,45.069066773248245],[9.731581558524379,45.06616137698115],[9.731166227586234,45.06537867636758],[9.731116391782804,45.06528475532894],[9.730839666858216,45.06476183362652],[9.730062475555975,45.06357857533418],[9.728935989312115,45.062892629510905],[9.727681630666329,45.06213547722376],[9.724843334899866,45.06066824420112],[9.722224713309974,45.05948759909349],[9.721203979576481,45.05911598176363],[9.720247649521825,45.05881594849419],[9.719126676861555,45.05855296851359],[9.716582349765899,45.058217891999774],[9.714995005975439,45.05823683751664],[9.713726944733748,45.058397804356915],[9.7125376287712,45.05876529721615],[9.711286593460592,45.05927719953061],[9.710125550676139,45.05987853066489],[9.709783066213793,45.06007143020914],[9.709091269039396,45.0604610700677],[9.708834012572993,45.06062356944816],[9.707925936816537,45.06120223978486],[9.690578120281435,45.067217814998635],[9.689743691469351,45.067546918766496],[9.688138870630018,45.068249741110854],[9.68367965407142,45.07033791822157],[9.682934914532442,45.07073845231854],[9.68227996829245,45.0712104560333],[9.681741244105798,45.07184379756929],[9.679802609055269,45.07441184332418],[9.67916658197533,45.07541482567939],[9.674335406356704,45.078360019955156],[9.664774383528766,45.08106259096407],[9.662924990414965,45.08155042582636],[9.661162529301308,45.08186669958545],[9.659538767806902,45.08209213532384],[9.6583568605439,45.08207194678526],[9.654768678714184,45.08162448829448],[9.65345698350582,45.081361949020376],[9.65195524329709,45.08114548873729],[9.648953221625986,45.080838527609835],[9.646930702742804,45.080633956634195],[9.643383819821004,45.08045595856354],[9.64230612962647,45.08066005992875],[9.64040573793292,45.08114782683535],[9.638989017664192,45.08171387035658],[9.637157280032355,45.0826692852191],[9.636349037847054,45.08311488148557],[9.635301481985081,45.083750831323165],[9.634935518918496,45.08397790872298],[9.6322797423952,45.08627007695121],[9.631827784471565,45.086767674084925],[9.631767670613808,45.086917721724134],[9.63141979153896,45.087796124686506],[9.631381662502632,45.0889485562549],[9.63149918077691,45.09038818054365],[9.631777641011078,45.09143984376754],[9.632378467489533,45.09291279716129],[9.633081677793932,45.09444819195557],[9.633758430796739,45.09588471199716],[9.634446196653332,45.097168142631034],[9.64091683691821,45.116620667897976],[9.640800483855138,45.11758449832597],[9.639564144220445,45.12185822421554],[9.638980532495108,45.123112720464135],[9.6383072182911,45.12430470362939],[9.637417616552924,45.12548889363112],[9.636418251141105,45.126568453476594],[9.636286813470969,45.126710434668745],[9.63417362830583,45.128792566806275],[9.631915111361806,45.130398363055185],[9.630627431999006,45.13125164707094],[9.629351604110386,45.1320328238696],[9.627807336760888,45.13268943822536],[9.626374074503277,45.13312818349666],[9.626194034647332,45.133177462324696],[9.625043767748156,45.133487783928636],[9.623787662693415,45.133755705069575],[9.622403889112178,45.13397929154496],[9.620967185699104,45.13401412020683],[9.619846458405572,45.13386715943989],[9.61896547230392,45.133547868558175],[9.618412918391387,45.13301976508851],[9.618035977585256,45.132265661200925],[9.61621596278,45.12858483035603],[9.615096284998165,45.126160417134564],[9.614399007205833,45.122797573310635],[9.614051564124836,45.12004489625822],[9.613900580761445,45.117822285344936],[9.613826838124147,45.11717350486427],[9.613802322311015,45.1169586525002],[9.613324676140842,45.11390965658848],[9.613139377372613,45.113226522277834],[9.612659504337413,45.11233793697532],[9.611964022108491,45.111495496717],[9.609058311593312,45.108423457981594],[9.608085207729165,45.107762514316136],[9.603595390346872,45.105103824914025],[9.60188197969331,45.10414069184722],[9.600375487907476,45.103509500708334],[9.597759029999196,45.1024790216499],[9.596215900594974,45.101982998217494],[9.594825888469533,45.101540162597274],[9.59319374919418,45.10103555644414],[9.590580409011958,45.10028395383137],[9.588465476442872,45.099790780983945],[9.587446998623195,45.099624988945685],[9.587437501511682,45.0996828480652],[9.587315413695936,45.1004268169147],[9.586677765015812,45.10269852798198],[9.586149481399811,45.104483582670376],[9.585951287831364,45.10498869930174],[9.58198847987186,45.105288010841704],[9.57709329879547,45.1051508155622],[9.568583253854992,45.107339289973986],[9.568243389467813,45.10829176423889],[9.567636868937909,45.10986107599043],[9.567065152080163,45.11117816043147],[9.566543007240849,45.11236897220275],[9.564375124619433,45.11676352420095],[9.563364593480289,45.118640871328964],[9.562351157916723,45.120311174234146],[9.56079756752428,45.12249721660026],[9.556600722623028,45.12754967268786],[9.555442080362809,45.12870752639666],[9.554711383540154,45.129413208683694],[9.55153243354906,45.131904057657486],[9.550456816742294,45.13245835370293],[9.548661304684032,45.13265151991728],[9.54575964084973,45.13456478527285],[9.544925878091732,45.1351538690113],[9.543261699535183,45.13660206069447],[9.542936873266683,45.137134691968235],[9.542867479066082,45.13786415861578],[9.542962455064876,45.138030984095685],[9.54350128466184,45.13897737588928],[9.544449354269346,45.14335852952856],[9.545118464632997,45.1485159335311],[9.544235162831752,45.1532009357562],[9.543151786129956,45.15432231214682],[9.538695560508955,45.157836026691704],[9.538423918171972,45.158029876069214],[9.538118194188636,45.158246018710265],[9.536774370368075,45.15918181169536],[9.536340364499694,45.15944944786407],[9.53508006655372,45.160225005491036],[9.533711060165576,45.16077150998134],[9.532366488246769,45.1611986776508],[9.531113676799748,45.16186377336048],[9.53057630563163,45.16282944187148],[9.530877901438044,45.1637912280521],[9.531578737626324,45.16535421431776],[9.529087148277352,45.168192295252815],[9.527103747837085,45.17113599869358],[9.525242543626135,45.17770717893268],[9.522298856086026,45.18138836489606],[9.516333741183933,45.18591627731497],[9.489750999852975,45.191206183485264],[9.486244469473007,45.191581223281744],[9.485491760928106,45.19180791510589],[9.48071778630368,45.19420536299815],[9.473706221126072,45.20044057966777],[9.473590536478389,45.20234058187165],[9.467620904664448,45.20033511259354],[9.463262234403029,45.19814749474523],[9.457604830750762,45.192607447534414],[9.446285770902785,45.18924514675177],[9.443857108145002,45.18959665867737],[9.441974904642079,45.18982899695845],[9.441070967809269,45.18981449813748],[9.44022932635175,45.189520681778326],[9.439498276882851,45.188812377637404],[9.438984267816613,45.18818423947633],[9.438549541225921,45.18763560389086],[9.43836746894823,45.1874260382693],[9.43680841185539,45.18663087364552],[9.435492882332372,45.186050782305806],[9.431676735234666,45.1847060464683],[9.431064264096282,45.18451032918718],[9.430056832678746,45.184262080404785],[9.429612826925675,45.18446178205251],[9.427692669207987,45.18630530253071],[9.427725576107616,45.18817164877728],[9.430340048446311,45.190157590260235],[9.432124152331728,45.19159049833912],[9.433081465164582,45.1936032206062],[9.432198411696447,45.1961449973397],[9.430218852234812,45.19869991783436],[9.429839467721264,45.19904341033139],[9.429445863459648,45.19918890692836],[9.428636734389102,45.199371210025106],[9.425650756714925,45.19735774522425],[9.421089566505826,45.200255166087],[9.421419824341616,45.20187421348001],[9.42130039668183,45.20224389467212],[9.421245073911384,45.20241503027147],[9.421145963186834,45.20272137933336],[9.420350970286833,45.20369646720101],[9.419832123365174,45.20413044100797],[9.417249311215969,45.20593121267647],[9.416694838071889,45.20590848080193],[9.41624304456111,45.20588986026167],[9.41155549723226,45.20543878531872],[9.409336070867084,45.20490668500949],[9.409209062219768,45.20482537857454],[9.408734783496001,45.20452169027187],[9.407956462441485,45.20251714188853],[9.407800248857884,45.20204061634108],[9.405983296925276,45.20078686328073],[9.405562572907344,45.20070735346028],[9.404520016252476,45.20091807797557],[9.40281753194617,45.20143718255417],[9.4022094463975,45.20187140827831],[9.401381970515896,45.209021533731615],[9.397988494601906,45.21703575906628],[9.392255971813174,45.21857685700597],[9.387817868601683,45.22310177191086],[9.387288898553681,45.22398570406404],[9.387196772075212,45.225309250325466],[9.38842326753483,45.22596218600585],[9.38946984400046,45.226264680694605],[9.390271774243496,45.22618092100296],[9.39135803995927,45.22669928512013],[9.391926243423434,45.22697857632899],[9.39184537237517,45.229029005827634],[9.39093478135087,45.23173258644755],[9.389623391715858,45.23184506570122],[9.386991704484688,45.231940828706776],[9.385179287897294,45.231936990732585],[9.383453034302539,45.23105579816164],[9.38183811814498,45.23041792273142],[9.381091023772843,45.23024469398076],[9.379963010895219,45.23098657324767],[9.378491857826203,45.2319726679041],[9.37510228977432,45.23740274357336],[9.371560636225333,45.2431752687888],[9.36812299527379,45.24543675893654],[9.36282155295809,45.24715505715439],[9.355665385617689,45.24910345360753],[9.35373758630348,45.24928074430351],[9.350249411361501,45.247770256738285],[9.349521547940522,45.24739442108387],[9.348676427015898,45.246721896162036],[9.34817650413042,45.246237345408765],[9.347958285241853,45.24597695141361],[9.348553683342388,45.24553407851419],[9.349150681517795,45.24522619638344],[9.349609336520407,45.24521579720579],[9.35177776347136,45.245578189519314],[9.352606884857513,45.24571966553043],[9.354039104101249,45.246534357806055],[9.355903507055734,45.24730270449831],[9.35628641367591,45.24740052576874],[9.356934130151698,45.247056441376785],[9.358584145447786,45.24601611040449],[9.359256817492142,45.245590912444456],[9.359068862613956,45.24015462861706],[9.357951349049454,45.238717899382905],[9.350241862379695,45.24045207496714],[9.333579292007032,45.24655258833441],[9.33256110689426,45.247278173998346],[9.327852380147432,45.249700464214136],[9.322360601885213,45.24588106145798],[9.322439756107183,45.24410754538702],[9.32173850564087,45.244046437461876],[9.32045264172347,45.24395104995226],[9.320082969119014,45.243925067533766],[9.319777566847236,45.24399793265338],[9.317502670331159,45.24491794115863],[9.312876010945198,45.24687050658184],[9.31144274283451,45.24764517056428],[9.310405644383808,45.24922666683973],[9.310281716259281,45.249866107925264],[9.310208579623929,45.250334370960594],[9.310200645827068,45.25121654345574],[9.310577166600906,45.25249373018578],[9.310680657455462,45.25277247988945],[9.310848224921992,45.253123081732056],[9.315285345149881,45.258556796672536],[9.319262892800673,45.26342456769047],[9.325032514786392,45.26879112596739],[9.329507892531435,45.26965143527814],[9.332565277257457,45.26970558520641],[9.33439002829621,45.2700152955099],[9.336814616781412,45.27044025042036],[9.341450195111651,45.27130732608102],[9.339058252681998,45.274718319070836],[9.338934264584694,45.27473256827953],[9.337210919019585,45.27493081259741],[9.333775766695661,45.27612911708841],[9.333028804930969,45.277022441499604],[9.331353948914598,45.28060088242813],[9.33116635372138,45.28341886876091],[9.332239804845258,45.28382981749268],[9.329371986790969,45.288293816273125],[9.327920146941672,45.29027830563658],[9.326153598393466,45.291885611592654],[9.325772960400881,45.292219783658744],[9.325264304212784,45.292473275287584],[9.324755283869436,45.29266375451958],[9.32420717718987,45.29271031089245],[9.323671558784055,45.29271183002152],[9.322918782767736,45.2926509505551],[9.328712786036812,45.29779223612797],[9.329429142535485,45.298159219330294],[9.33014383810862,45.298238176925295],[9.333687046943615,45.297822811957076],[9.335608774748932,45.297124067322095],[9.3374399139473,45.29634455560469],[9.338507629442027,45.29573830012792],[9.339518861064466,45.294223068360644],[9.339897002849224,45.29347483390744],[9.339936024913332,45.29336595218392],[9.343033267747604,45.29119710346563],[9.34907578912603,45.290836735258715],[9.35289001313278,45.29129309407549],[9.35446044169176,45.29159426931398],[9.3564788886218,45.29215507972975],[9.357263310352527,45.2924126865144],[9.357347951395369,45.29244048469649],[9.35760391915396,45.29258371600707],[9.354357044146527,45.30146920172733],[9.33835108355452,45.30573929305087],[9.338040375076474,45.305682009723874],[9.336665383813601,45.30542913191114],[9.334597169214662,45.30509333910648],[9.33344992229563,45.307401046710055],[9.3361909448983,45.31145263246696],[9.338824331506256,45.312965457752924],[9.342373948799366,45.314998768275885],[9.345904354447429,45.31691310990431],[9.352643290926583,45.318772756043636],[9.354488910370241,45.31873463586171],[9.36180642698447,45.317440740452604],[9.36631140728,45.311759869621035],[9.366784431006243,45.3062185343282],[9.367351874504738,45.305199569003676],[9.36795736074445,45.304153446778386],[9.368999714626609,45.303232097395544],[9.377256124842905,45.30234987360624],[9.379708936121476,45.303043843356754],[9.383152415215502,45.305967514722205],[9.383370592138746,45.30696520925555],[9.380137968627805,45.307957152269374],[9.378258087325579,45.30916958382573],[9.37777899164293,45.31078716888403],[9.379573782584837,45.313251859335914],[9.381020755989407,45.314057158670025],[9.38467290408541,45.3145669755658],[9.386453084594983,45.313813859023035],[9.386666265348657,45.313273054259106],[9.386926028622968,45.31281287101724],[9.387517751416935,45.31279309429192],[9.388207797741686,45.31296177012322],[9.390673151315342,45.31377771257882],[9.391060217021476,45.31405470235453],[9.392176827996709,45.315023013937214],[9.392725387044928,45.31650555296585],[9.38904921397586,45.318987639351256],[9.387350213175012,45.319918238177685],[9.38424434728341,45.31911856499595],[9.383253921596168,45.31793371629756],[9.380580562673927,45.3188202989336],[9.373739420890793,45.32595851084893],[9.367535656487762,45.334413238091294],[9.359969113899766,45.34027430086419],[9.357485379115863,45.343126520416156],[9.357730884131271,45.345422999463935],[9.358061790318626,45.34546508010802],[9.35994010015476,45.34576520984315],[9.360721730154689,45.345898547831105],[9.36185690237471,45.346092214279416],[9.362431375892758,45.34621060447712],[9.359307086398086,45.35875979950942],[9.356940689292983,45.3600237433104],[9.35372670936709,45.36309658407756],[9.353206457008014,45.36522009371157],[9.352992353797482,45.367717185205514],[9.35336285127742,45.368000991626225],[9.353672090464269,45.36822506546816],[9.355223236002137,45.368463921071566],[9.355333785264438,45.36848094260596],[9.358086180345994,45.36753628419301],[9.359564772164957,45.36590726206516],[9.363631447695122,45.36566005375251],[9.378200175747608,45.36894803251408],[9.378497432420478,45.374086282642345],[9.375031563525127,45.379138464412065],[9.375723628818813,45.38721029737602],[9.38239220631978,45.39485724103023],[9.382910516911195,45.396049866913565],[9.383054010129971,45.39637620507033],[9.38468098873228,45.39890908227003],[9.38519488028382,45.39932140830359],[9.390229885812364,45.39981832308935],[9.39675174655734,45.398435759255264],[9.400040497965868,45.39735314981228],[9.400864677338694,45.394658874302024],[9.40804731726566,45.396802717834554],[9.409187277782864,45.40277581244383],[9.41109074786381,45.406812050681275],[9.418043927831445,45.41432904088906],[9.425416338252585,45.420589079494555],[9.423803060153622,45.42437324551833],[9.422041332802689,45.4276800538065],[9.42056516573355,45.43019682337014],[9.4154293460397,45.43216886513038],[9.411890567377794,45.43404492045036],[9.416395439936753,45.44500102009799],[9.41764685840207,45.450369016880224],[9.423251396891798,45.45541719116608],[9.427352157649203,45.458183275002234],[9.431603732045021,45.46044457417608],[9.43346907551762,45.46361491702662],[9.431679432263529,45.46690710247996],[9.43592747842349,45.46993344705813],[9.449768895766253,45.46907867711104]]]}},{"type":"Feature","properties":{"name":"Monza e della Brianza","abbreviation":"MB","plants_major":2,"plants_minor":0,"plants_total":2,"aggregation_note":"Conteggi distinti nei consuntivi provinciali SIRe 2025; contesto depurativo, non dato AMR."},"geometry":{"type":"Polygon","coordinates":[[[9.254154807632437,45.74047445450442],[9.259014785761739,45.739920043899716],[9.260696042990705,45.739747965326266],[9.266272288316793,45.74192226721802],[9.272031644711898,45.74200770533042],[9.276162466956531,45.74029666773827],[9.280569976699558,45.737486447196446],[9.284837120732053,45.732363529858006],[9.28944748117461,45.72417033916772],[9.292918963482885,45.713569365002805],[9.293574628958478,45.71206783892838],[9.29502488019737,45.71103840402026],[9.296817342033433,45.710917653667586],[9.298822474110189,45.708592876670764],[9.300217006855547,45.702684803462226],[9.299646856122653,45.70120610027221],[9.298976489793057,45.70068192416437],[9.297657902084762,45.69973925657826],[9.296807982125586,45.69933644692987],[9.295843481578197,45.699122925181605],[9.29516463118983,45.69707240383598],[9.294256452988245,45.692898384003996],[9.294804870752088,45.68970175545238],[9.295211384822256,45.6888546413151],[9.307502039041745,45.67714835911298],[9.31422588316602,45.67184637907663],[9.313297178511814,45.66574191755264],[9.314405429673474,45.66205754039868],[9.321015965739234,45.656541046169146],[9.321196546422694,45.656498251525356],[9.321677425589108,45.65673590998267],[9.323068235364689,45.65783895895136],[9.323073359779194,45.65873002879572],[9.329661033161905,45.66579036638092],[9.341302814840239,45.66973455105139],[9.349088633076095,45.668586033160004],[9.364068950594971,45.66402245363736],[9.369089035288695,45.661096830155245],[9.36920383223324,45.66007366069522],[9.369553482115473,45.65782236756528],[9.37053942357914,45.656682409206546],[9.371304887532965,45.6559778759338],[9.372287234931624,45.65509253649798],[9.373053445604853,45.65524330069553],[9.373456610367219,45.65532262789302],[9.374314555046462,45.655625855883926],[9.374537312234452,45.65570612305264],[9.37510440374614,45.656055317122515],[9.376625848056225,45.65708541771628],[9.383963545641809,45.66211943134783],[9.384215155839396,45.66242081349166],[9.38527085647938,45.66368124575128],[9.388628970664758,45.66690827710893],[9.395867998752324,45.67010754816433],[9.407681796654174,45.673999330707076],[9.414383089545671,45.67563135368419],[9.417819549897711,45.66811222444762],[9.42096762670086,45.66163806117164],[9.423130263819047,45.65733669475763],[9.424133930916623,45.655955923682534],[9.426560791310093,45.65439873315695],[9.43810837725265,45.650637683115654],[9.441237780845396,45.6503736140356],[9.44448406537273,45.65028902709761],[9.447516196971513,45.65070921328453],[9.45247127504027,45.65402911335673],[9.45501127588355,45.6570432945816],[9.459586194450884,45.6608593359248],[9.465306161909291,45.66490454847518],[9.472923955863994,45.66745645808495],[9.47657545057398,45.669268308838525],[9.485185270668167,45.667415341116865],[9.48740928803764,45.66303127582691],[9.488614612836392,45.65711139962206],[9.488489329614316,45.65598683432561],[9.48839258771072,45.65587531370163],[9.494310947359756,45.64952619773055],[9.494895884875017,45.64891159192884],[9.495009031443518,45.64864109970513],[9.495084272235486,45.64844274019232],[9.495745643491192,45.64485753578217],[9.495848968667467,45.643479957333],[9.495902621239676,45.64083346903856],[9.495852141866335,45.639659054494594],[9.492902407588435,45.63842541131654],[9.491867822402236,45.637408289842455],[9.49028804319239,45.63465180417458],[9.490446268756113,45.63440359674196],[9.491358161970979,45.633045053456556],[9.491657382164217,45.63269273243493],[9.492047492915495,45.632371521531276],[9.495392599345506,45.628977251167925],[9.490816543260364,45.62482958442044],[9.48700696974491,45.621997109294405],[9.485112571959084,45.62181614955754],[9.482175736406923,45.61735654688112],[9.483602013130707,45.611552477009205],[9.48308191931592,45.60923243787011],[9.482296213148345,45.60584241656541],[9.480970653125386,45.60528993847428],[9.479209237298619,45.59872666667163],[9.479005118248836,45.59583821196665],[9.471197078316806,45.59433150558381],[9.459948222332264,45.59217213035123],[9.458292427137971,45.591935752763966],[9.4542112955931,45.59141199451995],[9.450927022051609,45.59191261402271],[9.445819198441182,45.59186373594626],[9.444660120065302,45.591422536764654],[9.443030953858315,45.58803553505521],[9.442678270380355,45.58719980009044],[9.434676845733842,45.58360316700377],[9.42149418052948,45.580012681072844],[9.404265894116817,45.57395773823731],[9.399867263964332,45.57178598617133],[9.393120349227656,45.567290923820146],[9.391502676116618,45.564849684788875],[9.391721859068465,45.56334438918803],[9.392144103000302,45.56325292829708],[9.393143795400384,45.56328551163982],[9.391764698083225,45.56028394482946],[9.386207379070589,45.55708049915939],[9.383784648747422,45.55691761380369],[9.383356797754107,45.55734662004848],[9.383400620007924,45.557662031727766],[9.3730529216677,45.55770919213084],[9.367646031069388,45.55771772662329],[9.363092216484997,45.55689520315136],[9.359049480891514,45.555827876152996],[9.35210172449782,45.55669343087958],[9.348491097839595,45.558938055911476],[9.34589092360488,45.55995488655717],[9.339119890668227,45.56150133442449],[9.330322236621434,45.56203517988174],[9.329104633335934,45.561984700579266],[9.326978641775087,45.5618962947378],[9.326373259551993,45.56163247004055],[9.324177333775873,45.55945576835543],[9.32196405942052,45.55691048143167],[9.322282628194598,45.549351199954415],[9.325249353979984,45.5438440619605],[9.325251415641937,45.543815285974134],[9.325355753415975,45.54235861302271],[9.325525100980274,45.53999417155705],[9.32421610540431,45.53904302954308],[9.312844996954771,45.53678278989417],[9.304903415738478,45.53664543998598],[9.296178442473398,45.538705142698575],[9.295500981697419,45.538974964532656],[9.29413939520131,45.54139645874694],[9.286530133936242,45.54344326161545],[9.27756028145546,45.54480362950492],[9.274124730229772,45.54692026372802],[9.271332237365176,45.54927267746834],[9.268101555725742,45.55346697561912],[9.261078170852274,45.554942016580064],[9.254319555594758,45.55730691572035],[9.242591320704719,45.563436242740515],[9.239322089837389,45.56311382477395],[9.235005336101132,45.56343467177908],[9.22700441346054,45.568526542305186],[9.223438375593707,45.575835689461655],[9.218193191072327,45.578543644746226],[9.211487264138741,45.5779194570812],[9.20941133579971,45.57741132891841],[9.20884895337459,45.57727377163502],[9.203440815439485,45.57606478972424],[9.203132450093817,45.57600032412388],[9.200561731589605,45.57661561409813],[9.193417902900825,45.57883373117185],[9.183596365887334,45.582091150142126],[9.177135417784614,45.58550277645886],[9.174412224156251,45.58879105016216],[9.174168923011578,45.589360844137786],[9.173926027254286,45.59006306584573],[9.173878798974604,45.59024489300756],[9.173010603891832,45.591106336146325],[9.170730603358015,45.592871157679284],[9.163424569789605,45.5917830074789],[9.163067763699605,45.59172506311508],[9.150933504117974,45.58853524441457],[9.146421964029507,45.58687390989355],[9.144900985766373,45.58462533358496],[9.14405361269342,45.58376777978573],[9.1244277665887,45.58444341835923],[9.110199707638568,45.58608373087653],[9.099528492063406,45.588642859194465],[9.093984148453645,45.591029545647864],[9.096961851382293,45.59136925588578],[9.100567949852632,45.59360736664499],[9.100772556267948,45.596653500539674],[9.09734191608218,45.60235462297499],[9.101135777934795,45.60821976487427],[9.104603770623461,45.61001933698631],[9.108646824297486,45.61900050192762],[9.098085714948397,45.62209724054194],[9.08613210896554,45.62176935552553],[9.063740818911773,45.622706697189976],[9.05292446071502,45.62319029607618],[9.052270088565743,45.623961977024244],[9.051759792214487,45.62804558764687],[9.051660288810035,45.62946807426972],[9.051561098943415,45.631166600780446],[9.05151096525076,45.63333486197093],[9.05663401655101,45.63557047257187],[9.057850595753761,45.6422596560493],[9.055738869854354,45.64650007018369],[9.054396099987473,45.65009567100608],[9.056865027960523,45.6577169868587],[9.060525452189793,45.658838307840604],[9.062397050361243,45.663384057214344],[9.063713023706407,45.67294378553785],[9.065912367486435,45.683990156478636],[9.077171842408179,45.684946602056804],[9.080704465137469,45.68489820474207],[9.08179226630129,45.684897423046],[9.08828582397577,45.685502592988115],[9.088353974177254,45.685519275570705],[9.088470684466897,45.68554785833654],[9.089275369371668,45.68574510149126],[9.091088129026724,45.686218180562875],[9.091266722959222,45.68626558677769],[9.091313533313382,45.68628820089076],[9.092847561867908,45.687029376345386],[9.094056869390236,45.68832449537231],[9.102804467406871,45.69652538689716],[9.103203286782794,45.69689405664698],[9.103742316458614,45.69735202993663],[9.103859419102188,45.69745151225665],[9.104833408529984,45.69628053351441],[9.10689654714157,45.69376740084336],[9.107152951066086,45.6935151365247],[9.108524869644294,45.692298737531246],[9.108576631695229,45.69226431777482],[9.1094740725371,45.69167678712197],[9.11015427702903,45.691388165172995],[9.118138163243128,45.689246943792575],[9.12180953841293,45.688505014390955],[9.123904500197527,45.68924082393475],[9.124161622162744,45.68935756106895],[9.12363604109114,45.689808160248184],[9.124590801707928,45.69033366741944],[9.124664739054088,45.690374095922934],[9.127390389851191,45.69168518671078],[9.129614384546224,45.69257380094402],[9.131567859234583,45.6931115981088],[9.133534143142612,45.69362235876463],[9.138173463900623,45.694741953870846],[9.139120152666415,45.69484430914274],[9.139162723842112,45.69484875501008],[9.139856203458143,45.6948119075934],[9.149839424532068,45.691262002416046],[9.15108280192438,45.6903692868337],[9.155113632181545,45.685035459550505],[9.155433501513405,45.68461199325587],[9.15823145955829,45.67952270820813],[9.163750018299442,45.67298813995266],[9.168418070168572,45.669939325164826],[9.178185925842916,45.664177337840925],[9.179654475356337,45.66348922240034],[9.181656644605207,45.662930435773546],[9.1831600947193,45.66256936828764],[9.18673686681312,45.662062845528126],[9.186991525132592,45.66206045510709],[9.192834147544282,45.66765138120908],[9.192611833271762,45.67393434214716],[9.193487556421317,45.68224213127227],[9.195105989254857,45.69319710741882],[9.197984186450755,45.70147339798047],[9.201229254431126,45.70682626403805],[9.205878004829708,45.71039967720789],[9.214072028226084,45.71501506351968],[9.219003855776045,45.71533530751216],[9.22201504038909,45.71515960847468],[9.23155382452603,45.717455380926275],[9.231964756114873,45.717613906394035],[9.232516080800304,45.717971070366275],[9.232713807286737,45.718530462156984],[9.232657541701178,45.72030417435398],[9.233597321353544,45.7238125264115],[9.235159077348682,45.726968244737236],[9.238521822793713,45.72785285494872],[9.24316063012394,45.73636609310256],[9.2453717284691,45.74230181101991],[9.246003514388812,45.74273249584245],[9.247121515972545,45.74264906739531],[9.254154807632437,45.74047445450442]]]}}],"name":"Lombardy SIRe wastewater province aggregates 2025"}